BEGIN:VCALENDAR
VERSION:2.0
PRODID:-//ZContent.net//Zap Calendar 1.0//EN
CALSCALE:GREGORIAN
METHOD:PUBLISH
NAME:Events in History
X-WR-CALNAME:Events in History
UID:americanhistorycalendar.com-zapcal-8E8F12428D96FDF0-
X-WR-RECALID:americanhistorycalendar.com-zapcal-8E8F12428D96FDF0-
REFRESH-INTERVAL;VALUE=DURATION:D1D
BEGIN:VTIMEZONE
TZID:UTC
BEGIN:STANDARD
DTSTART:20070101T000000
TZOFFSETFROM:+0000
TZOFFSETTO:+0000
TZNAME:UTC
END:STANDARD
END:VTIMEZONE
BEGIN:VEVENT
SUMMARY:Emancipation Proclamation
UID:2008-05-08-11-02-18-63-@americanhistorycalendar.com
SEQUENCE:0
STATUS:CONFIRMED
TRANSP:TRANSPARENT
RRULE:FREQ=YEARLY;INTERVAL=1;BYMONTHDAY=1;BYMONTH=1
DTSTART;VALUE=DATE:20080101
DTEND;VALUE=DATE:20080102
DTSTAMP:20210421T143656
CATEGORIES:Civil War Events
LOCATION:Washington\, D.C.
GEO:38.9071923;-77.0368707
X-ALT-DESC;FMTTYPE=text/html:<!DOCTYPE HTML PUBLIC "-//W3C//DTD HTML 3.2//E
 N">\n<html>\n<head>\n<meta name="Generator" content="Zap Calendar (http://
 zapcalendar.com)"/><title></title></head><body>\n<p>Anniversary: <span cla
 ss="icon-star"> </span>Thursday\, January 1\, 1863 (145 year anniversary)<
 br/></p><p>On January 1\, 1863 Abraham Lincoln issues the Emancipation Pro
 clamation\, freeing slaves in Confederate-held territory.</p>\n<p></p>\n<p
 ></p>\n<p>Brought to you by <a href='http://americanhistorycalendar.com'>h
 ttp://AmericanHistoryCalendar.com</a>.<br/>\nLike our Facebook page to see
  upcoming history events in your feed <a href='https://www.facebook.com/Am
 ericanHistoryCalendar/'>https://www.facebook.com/AmericanHistoryCalendar/<
 /a>.</p></body></html>
DESCRIPTION:Anniversary: <span class="icon-star"> </span>Thursday\, January
  1\, 1863 (145 year anniversary)<br/>On January 1\, 1863 Abraham Lincoln i
 ssues the Emancipation Proclamation\, freeing slaves in Confederate-held t
 erritory.\n\n\nBrought to you by http://AmericanHistoryCalendar.com.\nLike
  our Facebook page to see upcoming history events in your feed https://www
 .facebook.com/AmericanHistoryCalendar/.
URL:https://americanhistorycalendar.com/eventscalendar/2\,1853-emancipation
 -proclamation
END:VEVENT
BEGIN:VEVENT
SUMMARY:Georgia\, the fourth state
UID:2008-05-02-03-23-05-63-@americanhistorycalendar.com
SEQUENCE:0
STATUS:CONFIRMED
TRANSP:TRANSPARENT
RRULE:FREQ=YEARLY;INTERVAL=1;BYMONTHDAY=2;BYMONTH=1
DTSTART;VALUE=DATE:20080102
DTEND;VALUE=DATE:20080103
DTSTAMP:20210421T143656
CATEGORIES:State Ratification
LOCATION:Atlanta\, Georgia
GEO:33.7489954;-84.3879824
X-ALT-DESC;FMTTYPE=text/html:<!DOCTYPE HTML PUBLIC "-//W3C//DTD HTML 3.2//E
 N">\n<html>\n<head>\n<meta name="Generator" content="Zap Calendar (http://
 zapcalendar.com)"/><title></title></head><body>\n<p></p><p>January 2\, 178
 8<br/>\n</p>\n<p></p>\n<p></p>\n<p>Brought to you by <a href='http://ameri
 canhistorycalendar.com'>http://AmericanHistoryCalendar.com</a>.<br/>\nLike
  our Facebook page to see upcoming history events in your feed <a href='ht
 tps://www.facebook.com/AmericanHistoryCalendar/'>https://www.facebook.com/
 AmericanHistoryCalendar/</a>.</p></body></html>
DESCRIPTION:January 2\, 1788\n\n\n\nBrought to you by http://AmericanHistor
 yCalendar.com.\nLike our Facebook page to see upcoming history events in y
 our feed https://www.facebook.com/AmericanHistoryCalendar/.
URL:https://americanhistorycalendar.com/eventscalendar/2\,1863-georgia-the-
 fourth-state
END:VEVENT
BEGIN:VEVENT
SUMMARY:Washington wins the Battle of Princeton
UID:2008-05-02-02-29-10-63-@americanhistorycalendar.com
SEQUENCE:0
STATUS:CONFIRMED
TRANSP:TRANSPARENT
RRULE:FREQ=YEARLY;INTERVAL=1;BYMONTHDAY=3;BYMONTH=1
DTSTART;VALUE=DATE:20080103
DTEND;VALUE=DATE:20080104
DTSTAMP:20210421T143656
CATEGORIES:Revolution Era
X-ALT-DESC;FMTTYPE=text/html:<!DOCTYPE HTML PUBLIC "-//W3C//DTD HTML 3.2//E
 N">\n<html>\n<head>\n<meta name="Generator" content="Zap Calendar (http://
 zapcalendar.com)"/><title></title></head><body>\n<p>Anniversary: Friday\, 
 January 3\, 1777 (231 year anniversary)<br/></p><p>January 3\, 1777</p>\n<
 p></p>\n<p></p>\n<p>Brought to you by <a href='http://americanhistorycalen
 dar.com'>http://AmericanHistoryCalendar.com</a>.<br/>\nLike our Facebook p
 age to see upcoming history events in your feed <a href='https://www.faceb
 ook.com/AmericanHistoryCalendar/'>https://www.facebook.com/AmericanHistory
 Calendar/</a>.</p></body></html>
DESCRIPTION:Anniversary: Friday\, January 3\, 1777 (231 year anniversary)<b
 r/>January 3\, 1777\n\n\nBrought to you by http://AmericanHistoryCalendar.
 com.\nLike our Facebook page to see upcoming history events in your feed h
 ttps://www.facebook.com/AmericanHistoryCalendar/.
URL:https://americanhistorycalendar.com/eventscalendar/2\,1873-washington-w
 ins-the-battle-of-princeton
END:VEVENT
BEGIN:VEVENT
SUMMARY:Alaska\, the forty-ninth state
UID:2008-05-02-05-28-34-63-@americanhistorycalendar.com
SEQUENCE:0
STATUS:CONFIRMED
TRANSP:TRANSPARENT
RRULE:FREQ=YEARLY;INTERVAL=1;BYMONTHDAY=3;BYMONTH=1
DTSTART;VALUE=DATE:20080103
DTEND;VALUE=DATE:20080104
DTSTAMP:20210421T143656
CATEGORIES:State Ratification
LOCATION:Juneau\, Alaska
GEO:58.3019444;-134.4197222
X-ALT-DESC;FMTTYPE=text/html:<!DOCTYPE HTML PUBLIC "-//W3C//DTD HTML 3.2//E
 N">\n<html>\n<head>\n<meta name="Generator" content="Zap Calendar (http://
 zapcalendar.com)"/><title></title></head><body>\n<p></p><p>January 3\, 195
 9<br/>\n</p>\n<p></p>\n<p></p>\n<p>Brought to you by <a href='http://ameri
 canhistorycalendar.com'>http://AmericanHistoryCalendar.com</a>.<br/>\nLike
  our Facebook page to see upcoming history events in your feed <a href='ht
 tps://www.facebook.com/AmericanHistoryCalendar/'>https://www.facebook.com/
 AmericanHistoryCalendar/</a>.</p></body></html>
DESCRIPTION:January 3\, 1959\n\n\n\nBrought to you by http://AmericanHistor
 yCalendar.com.\nLike our Facebook page to see upcoming history events in y
 our feed https://www.facebook.com/AmericanHistoryCalendar/.
URL:https://americanhistorycalendar.com/eventscalendar/2\,1883-alaska-the-f
 orty-ninth-state
END:VEVENT
BEGIN:VEVENT
SUMMARY:Utah\, the forty-fifth state
UID:2008-05-02-05-10-13-63-@americanhistorycalendar.com
SEQUENCE:0
STATUS:CONFIRMED
TRANSP:TRANSPARENT
RRULE:FREQ=YEARLY;INTERVAL=1;BYMONTHDAY=4;BYMONTH=1
DTSTART;VALUE=DATE:20080104
DTEND;VALUE=DATE:20080105
DTSTAMP:20210421T143656
CATEGORIES:State Ratification
LOCATION:Salt Lake City\, Utah
GEO:40.7607793;-111.8910474
X-ALT-DESC;FMTTYPE=text/html:<!DOCTYPE HTML PUBLIC "-//W3C//DTD HTML 3.2//E
 N">\n<html>\n<head>\n<meta name="Generator" content="Zap Calendar (http://
 zapcalendar.com)"/><title></title></head><body>\n<p></p><p>January 4\, 189
 6<br/>\n</p>\n<p></p>\n<p></p>\n<p>Brought to you by <a href='http://ameri
 canhistorycalendar.com'>http://AmericanHistoryCalendar.com</a>.<br/>\nLike
  our Facebook page to see upcoming history events in your feed <a href='ht
 tps://www.facebook.com/AmericanHistoryCalendar/'>https://www.facebook.com/
 AmericanHistoryCalendar/</a>.</p></body></html>
DESCRIPTION:January 4\, 1896\n\n\n\nBrought to you by http://AmericanHistor
 yCalendar.com.\nLike our Facebook page to see upcoming history events in y
 our feed https://www.facebook.com/AmericanHistoryCalendar/.
URL:https://americanhistorycalendar.com/eventscalendar/2\,1893-utah-the-for
 ty-fifth-state
END:VEVENT
BEGIN:VEVENT
SUMMARY:New Mexico\, the forty-seventh state
UID:2008-05-02-05-23-37-63-@americanhistorycalendar.com
SEQUENCE:0
STATUS:CONFIRMED
TRANSP:TRANSPARENT
RRULE:FREQ=YEARLY;INTERVAL=1;BYMONTHDAY=6;BYMONTH=1
DTSTART;VALUE=DATE:20080106
DTEND;VALUE=DATE:20080107
DTSTAMP:20210421T143656
CATEGORIES:State Ratification
LOCATION:Santa Fe\, New Mexico
GEO:35.6869752;-105.937799
X-ALT-DESC;FMTTYPE=text/html:<!DOCTYPE HTML PUBLIC "-//W3C//DTD HTML 3.2//E
 N">\n<html>\n<head>\n<meta name="Generator" content="Zap Calendar (http://
 zapcalendar.com)"/><title></title></head><body>\n<p></p><p>January 6\, 191
 2<br/>\n</p>\n<p></p>\n<p></p>\n<p>Brought to you by <a href='http://ameri
 canhistorycalendar.com'>http://AmericanHistoryCalendar.com</a>.<br/>\nLike
  our Facebook page to see upcoming history events in your feed <a href='ht
 tps://www.facebook.com/AmericanHistoryCalendar/'>https://www.facebook.com/
 AmericanHistoryCalendar/</a>.</p></body></html>
DESCRIPTION:January 6\, 1912\n\n\n\nBrought to you by http://AmericanHistor
 yCalendar.com.\nLike our Facebook page to see upcoming history events in y
 our feed https://www.facebook.com/AmericanHistoryCalendar/.
URL:https://americanhistorycalendar.com/eventscalendar/2\,1903-new-mexico-t
 he-forty-seventh-state
END:VEVENT
BEGIN:VEVENT
SUMMARY:Battle of New Orleans
UID:2008-05-18-22-15-43-63-@americanhistorycalendar.com
SEQUENCE:0
STATUS:CONFIRMED
TRANSP:TRANSPARENT
RRULE:FREQ=YEARLY;INTERVAL=1;BYMONTHDAY=8;BYMONTH=1
DTSTART;VALUE=DATE:20080108
DTEND;VALUE=DATE:20080109
DTSTAMP:20210421T143656
CATEGORIES:1812 War Events
LOCATION:New Orleans\, Louisiana
GEO:29.9510658;-90.0715323
X-ALT-DESC;FMTTYPE=text/html:<!DOCTYPE HTML PUBLIC "-//W3C//DTD HTML 3.2//E
 N">\n<html>\n<head>\n<meta name="Generator" content="Zap Calendar (http://
 zapcalendar.com)"/><title></title></head><body>\n<p></p><p>January 8\, 181
 5<br/>\n</p>\n<p></p>\n<p></p>\n<p>Brought to you by <a href='http://ameri
 canhistorycalendar.com'>http://AmericanHistoryCalendar.com</a>.<br/>\nLike
  our Facebook page to see upcoming history events in your feed <a href='ht
 tps://www.facebook.com/AmericanHistoryCalendar/'>https://www.facebook.com/
 AmericanHistoryCalendar/</a>.</p></body></html>
DESCRIPTION:January 8\, 1815\n\n\n\nBrought to you by http://AmericanHistor
 yCalendar.com.\nLike our Facebook page to see upcoming history events in y
 our feed https://www.facebook.com/AmericanHistoryCalendar/.
URL:https://americanhistorycalendar.com/eventscalendar/2\,1913-battle-of-ne
 w-orleans
END:VEVENT
BEGIN:VEVENT
SUMMARY:Connecticut\, the fifth state
UID:2008-05-02-03-25-51-63-@americanhistorycalendar.com
SEQUENCE:0
STATUS:CONFIRMED
TRANSP:TRANSPARENT
RRULE:FREQ=YEARLY;INTERVAL=1;BYMONTHDAY=9;BYMONTH=1
DTSTART;VALUE=DATE:20080109
DTEND;VALUE=DATE:20080110
DTSTAMP:20210421T143656
CATEGORIES:State Ratification
LOCATION:Hartford\, Connecticut
GEO:41.7637111;-72.6850932
X-ALT-DESC;FMTTYPE=text/html:<!DOCTYPE HTML PUBLIC "-//W3C//DTD HTML 3.2//E
 N">\n<html>\n<head>\n<meta name="Generator" content="Zap Calendar (http://
 zapcalendar.com)"/><title></title></head><body>\n<p></p><p>January 9\, 178
 8<br/>\n</p>\n<p></p>\n<p></p>\n<p>Brought to you by <a href='http://ameri
 canhistorycalendar.com'>http://AmericanHistoryCalendar.com</a>.<br/>\nLike
  our Facebook page to see upcoming history events in your feed <a href='ht
 tps://www.facebook.com/AmericanHistoryCalendar/'>https://www.facebook.com/
 AmericanHistoryCalendar/</a>.</p></body></html>
DESCRIPTION:January 9\, 1788\n\n\n\nBrought to you by http://AmericanHistor
 yCalendar.com.\nLike our Facebook page to see upcoming history events in y
 our feed https://www.facebook.com/AmericanHistoryCalendar/.
URL:https://americanhistorycalendar.com/eventscalendar/2\,1923-connecticut-
 the-fifth-state
END:VEVENT
BEGIN:VEVENT
SUMMARY:Mississippi secedes from the Union
UID:2008-05-08-02-04-40-63-@americanhistorycalendar.com
SEQUENCE:0
STATUS:CONFIRMED
TRANSP:TRANSPARENT
RRULE:FREQ=YEARLY;INTERVAL=1;BYMONTHDAY=9;BYMONTH=1
DTSTART;VALUE=DATE:20080109
DTEND;VALUE=DATE:20080110
DTSTAMP:20210421T143656
CATEGORIES:Civil War Events
LOCATION:Mississippi
GEO:32.3546679;-89.3985283
X-ALT-DESC;FMTTYPE=text/html:<!DOCTYPE HTML PUBLIC "-//W3C//DTD HTML 3.2//E
 N">\n<html>\n<head>\n<meta name="Generator" content="Zap Calendar (http://
 zapcalendar.com)"/><title></title></head><body>\n<p></p><p>On January 9\, 
 1861\, Mississippi was the second of eleven states to secede from the Unio
 n<br/>\n</p>\n<p></p>\n<p></p>\n<p>Brought to you by <a href='http://ameri
 canhistorycalendar.com'>http://AmericanHistoryCalendar.com</a>.<br/>\nLike
  our Facebook page to see upcoming history events in your feed <a href='ht
 tps://www.facebook.com/AmericanHistoryCalendar/'>https://www.facebook.com/
 AmericanHistoryCalendar/</a>.</p></body></html>
DESCRIPTION:On January 9\, 1861\, Mississippi was the second of eleven stat
 es to secede from the Union\n\n\n\nBrought to you by http://AmericanHistor
 yCalendar.com.\nLike our Facebook page to see upcoming history events in y
 our feed https://www.facebook.com/AmericanHistoryCalendar/.
URL:https://americanhistorycalendar.com/eventscalendar/2\,1933-mississippi-
 secedes-from-the-union
END:VEVENT
BEGIN:VEVENT
SUMMARY:Florida secedes from the Union
UID:2008-05-08-02-06-35-63-@americanhistorycalendar.com
SEQUENCE:0
STATUS:CONFIRMED
TRANSP:TRANSPARENT
RRULE:FREQ=YEARLY;INTERVAL=1;BYMONTHDAY=10;BYMONTH=1
DTSTART;VALUE=DATE:20080110
DTEND;VALUE=DATE:20080111
DTSTAMP:20210421T143656
CATEGORIES:Civil War Events
LOCATION:Florida
GEO:27.6648274;-81.5157535
X-ALT-DESC;FMTTYPE=text/html:<!DOCTYPE HTML PUBLIC "-//W3C//DTD HTML 3.2//E
 N">\n<html>\n<head>\n<meta name="Generator" content="Zap Calendar (http://
 zapcalendar.com)"/><title></title></head><body>\n<p></p><p>On January 10\,
  1861\, Florida was the third of eleven states to secede from the Union.<b
 r/>\n</p>\n<p></p>\n<p></p>\n<p>Brought to you by <a href='http://american
 historycalendar.com'>http://AmericanHistoryCalendar.com</a>.<br/>\nLike ou
 r Facebook page to see upcoming history events in your feed <a href='https
 ://www.facebook.com/AmericanHistoryCalendar/'>https://www.facebook.com/Ame
 ricanHistoryCalendar/</a>.</p></body></html>
DESCRIPTION:On January 10\, 1861\, Florida was the third of eleven states t
 o secede from the Union.\n\n\n\nBrought to you by http://AmericanHistoryCa
 lendar.com.\nLike our Facebook page to see upcoming history events in your
  feed https://www.facebook.com/AmericanHistoryCalendar/.
URL:https://americanhistorycalendar.com/eventscalendar/2\,1943-florida-sece
 des-from-the-union
END:VEVENT
BEGIN:VEVENT
SUMMARY:Alabama secedes from the Union
UID:2008-05-08-02-09-33-63-@americanhistorycalendar.com
SEQUENCE:0
STATUS:CONFIRMED
TRANSP:TRANSPARENT
RRULE:FREQ=YEARLY;INTERVAL=1;BYMONTHDAY=11;BYMONTH=1
DTSTART;VALUE=DATE:20080111
DTEND;VALUE=DATE:20080112
DTSTAMP:20210421T143656
CATEGORIES:Civil War Events
LOCATION:Alabama
GEO:32.3182314;-86.902298
X-ALT-DESC;FMTTYPE=text/html:<!DOCTYPE HTML PUBLIC "-//W3C//DTD HTML 3.2//E
 N">\n<html>\n<head>\n<meta name="Generator" content="Zap Calendar (http://
 zapcalendar.com)"/><title></title></head><body>\n<p></p><p>On January 11\,
  1861\, Alabama is the fourth of eleven states to secede from the Union.<b
 r/>\n</p>\n<p></p>\n<p></p>\n<p>Brought to you by <a href='http://american
 historycalendar.com'>http://AmericanHistoryCalendar.com</a>.<br/>\nLike ou
 r Facebook page to see upcoming history events in your feed <a href='https
 ://www.facebook.com/AmericanHistoryCalendar/'>https://www.facebook.com/Ame
 ricanHistoryCalendar/</a>.</p></body></html>
DESCRIPTION:On January 11\, 1861\, Alabama is the fourth of eleven states t
 o secede from the Union.\n\n\n\nBrought to you by http://AmericanHistoryCa
 lendar.com.\nLike our Facebook page to see upcoming history events in your
  feed https://www.facebook.com/AmericanHistoryCalendar/.
URL:https://americanhistorycalendar.com/eventscalendar/2\,1953-alabama-sece
 des-from-the-union
END:VEVENT
BEGIN:VEVENT
SUMMARY:Treaty of Paris Ratified
UID:2008-05-16-13-01-29-63-@americanhistorycalendar.com
SEQUENCE:0
STATUS:CONFIRMED
TRANSP:TRANSPARENT
RRULE:FREQ=YEARLY;INTERVAL=1;BYMONTHDAY=14;BYMONTH=1
DTSTART;VALUE=DATE:20080114
DTEND;VALUE=DATE:20080115
DTSTAMP:20210421T143656
CATEGORIES:Revolution Era
LOCATION:Annapolis\, Maryland
GEO:38.9784453;-76.4921829
X-ALT-DESC;FMTTYPE=text/html:<!DOCTYPE HTML PUBLIC "-//W3C//DTD HTML 3.2//E
 N">\n<html>\n<head>\n<meta name="Generator" content="Zap Calendar (http://
 zapcalendar.com)"/><title></title></head><body>\n<p></p><p>The Continental
  Congress ratified the Treaty of Paris on January 14\, 1784\, officially e
 stablishing the United States as an independent and sovereign nation.<br/>
 \n</p>\n<p></p>\n<p></p>\n<p>Brought to you by <a href='http://americanhis
 torycalendar.com'>http://AmericanHistoryCalendar.com</a>.<br/>\nLike our F
 acebook page to see upcoming history events in your feed <a href='https://
 www.facebook.com/AmericanHistoryCalendar/'>https://www.facebook.com/Americ
 anHistoryCalendar/</a>.</p></body></html>
DESCRIPTION:The Continental Congress ratified the Treaty of Paris on Januar
 y 14\, 1784\, officially establishing the United States as an independent 
 and sovereign nation.\n\n\n\nBrought to you by http://AmericanHistoryCalen
 dar.com.\nLike our Facebook page to see upcoming history events in your fe
 ed https://www.facebook.com/AmericanHistoryCalendar/.
URL:https://americanhistorycalendar.com/eventscalendar/2\,1963-treaty-of-pa
 ris-ratified
END:VEVENT
BEGIN:VEVENT
SUMMARY:Georgia secedes from the Union
UID:2008-05-08-02-11-47-63-@americanhistorycalendar.com
SEQUENCE:0
STATUS:CONFIRMED
TRANSP:TRANSPARENT
RRULE:FREQ=YEARLY;INTERVAL=1;BYMONTHDAY=19;BYMONTH=1
DTSTART;VALUE=DATE:20080119
DTEND;VALUE=DATE:20080120
DTSTAMP:20210421T143656
CATEGORIES:Civil War Events
LOCATION:Georgia
GEO:32.1656221;-82.9000751
X-ALT-DESC;FMTTYPE=text/html:<!DOCTYPE HTML PUBLIC "-//W3C//DTD HTML 3.2//E
 N">\n<html>\n<head>\n<meta name="Generator" content="Zap Calendar (http://
 zapcalendar.com)"/><title></title></head><body>\n<p></p><p>On January 19\,
  1861\, Georgia is the fifth of eleven states to secede from the Union.<br
 />\n</p>\n<p></p>\n<p></p>\n<p>Brought to you by <a href='http://americanh
 istorycalendar.com'>http://AmericanHistoryCalendar.com</a>.<br/>\nLike our
  Facebook page to see upcoming history events in your feed <a href='https:
 //www.facebook.com/AmericanHistoryCalendar/'>https://www.facebook.com/Amer
 icanHistoryCalendar/</a>.</p></body></html>
DESCRIPTION:On January 19\, 1861\, Georgia is the fifth of eleven states to
  secede from the Union.\n\n\n\nBrought to you by http://AmericanHistoryCal
 endar.com.\nLike our Facebook page to see upcoming history events in your 
 feed https://www.facebook.com/AmericanHistoryCalendar/.
URL:https://americanhistorycalendar.com/eventscalendar/2\,1973-georgia-sece
 des-from-the-union
END:VEVENT
BEGIN:VEVENT
SUMMARY:The 24th Amendment is ratified\, abolishes poll tax
UID:2008-10-15-00-17-47-63-@americanhistorycalendar.com
SEQUENCE:0
STATUS:CONFIRMED
TRANSP:TRANSPARENT
RRULE:FREQ=YEARLY;INTERVAL=1;BYMONTHDAY=23;BYMONTH=1
DTSTART;VALUE=DATE:20080123
DTEND;VALUE=DATE:20080124
DTSTAMP:20210421T143656
CATEGORIES:Civil Rights Events
X-ALT-DESC;FMTTYPE=text/html:<!DOCTYPE HTML PUBLIC "-//W3C//DTD HTML 3.2//E
 N">\n<html>\n<head>\n<meta name="Generator" content="Zap Calendar (http://
 zapcalendar.com)"/><title></title></head><body>\n<p></p><p>Ratified on Jan
 uary 23\, 1964\, this amendment abolishes the poll tax\, which originally 
 had been instituted in 11 southern states after Reconstruction to make it 
 difficult for poor blacks to vote.<br/>\n</p>\n<p></p>\n<p></p>\n<p>Brough
 t to you by <a href='http://americanhistorycalendar.com'>http://AmericanHi
 storyCalendar.com</a>.<br/>\nLike our Facebook page to see upcoming histor
 y events in your feed <a href='https://www.facebook.com/AmericanHistoryCal
 endar/'>https://www.facebook.com/AmericanHistoryCalendar/</a>.</p></body><
 /html>
DESCRIPTION:Ratified on January 23\, 1964\, this amendment abolishes the po
 ll tax\, which originally had been instituted in 11 southern states after 
 Reconstruction to make it difficult for poor blacks to vote.\n\n\n\nBrough
 t to you by http://AmericanHistoryCalendar.com.\nLike our Facebook page to
  see upcoming history events in your feed https://www.facebook.com/America
 nHistoryCalendar/.
URL:https://americanhistorycalendar.com/eventscalendar/2\,1983-the-24th-ame
 ndment-is-ratified-abolishes-poll-tax
END:VEVENT
BEGIN:VEVENT
SUMMARY:Michigan\, the twenty-sixth state
UID:2008-05-02-04-26-28-63-@americanhistorycalendar.com
SEQUENCE:0
STATUS:CONFIRMED
TRANSP:TRANSPARENT
RRULE:FREQ=YEARLY;INTERVAL=1;BYMONTHDAY=26;BYMONTH=1
DTSTART;VALUE=DATE:20080126
DTEND;VALUE=DATE:20080127
DTSTAMP:20210421T143656
CATEGORIES:State Ratification
LOCATION:Lansing\, Michigan
GEO:42.732535;-84.5555347
X-ALT-DESC;FMTTYPE=text/html:<!DOCTYPE HTML PUBLIC "-//W3C//DTD HTML 3.2//E
 N">\n<html>\n<head>\n<meta name="Generator" content="Zap Calendar (http://
 zapcalendar.com)"/><title></title></head><body>\n<p></p><p>January 26\, 18
 37<br/>\n</p>\n<p></p>\n<p></p>\n<p>Brought to you by <a href='http://amer
 icanhistorycalendar.com'>http://AmericanHistoryCalendar.com</a>.<br/>\nLik
 e our Facebook page to see upcoming history events in your feed <a href='h
 ttps://www.facebook.com/AmericanHistoryCalendar/'>https://www.facebook.com
 /AmericanHistoryCalendar/</a>.</p></body></html>
DESCRIPTION:January 26\, 1837\n\n\n\nBrought to you by http://AmericanHisto
 ryCalendar.com.\nLike our Facebook page to see upcoming history events in 
 your feed https://www.facebook.com/AmericanHistoryCalendar/.
URL:https://americanhistorycalendar.com/eventscalendar/2\,1993-michigan-the
 -twenty-sixth-state
END:VEVENT
BEGIN:VEVENT
SUMMARY:Louisiana secedes from the Union
UID:2008-05-08-02-14-20-63-@americanhistorycalendar.com
SEQUENCE:0
STATUS:CONFIRMED
TRANSP:TRANSPARENT
RRULE:FREQ=YEARLY;INTERVAL=1;BYMONTHDAY=26;BYMONTH=1
DTSTART;VALUE=DATE:20080126
DTEND;VALUE=DATE:20080127
DTSTAMP:20210421T143656
CATEGORIES:Civil War Events
LOCATION:Louisiana
GEO:30.9842977;-91.9623327
X-ALT-DESC;FMTTYPE=text/html:<!DOCTYPE HTML PUBLIC "-//W3C//DTD HTML 3.2//E
 N">\n<html>\n<head>\n<meta name="Generator" content="Zap Calendar (http://
 zapcalendar.com)"/><title></title></head><body>\n<p></p><p>On January 26\,
  1861\, Louisiana is the sixth of eleven states to secede from the Union<b
 r/>\n</p>\n<p></p>\n<p></p>\n<p>Brought to you by <a href='http://american
 historycalendar.com'>http://AmericanHistoryCalendar.com</a>.<br/>\nLike ou
 r Facebook page to see upcoming history events in your feed <a href='https
 ://www.facebook.com/AmericanHistoryCalendar/'>https://www.facebook.com/Ame
 ricanHistoryCalendar/</a>.</p></body></html>
DESCRIPTION:On January 26\, 1861\, Louisiana is the sixth of eleven states 
 to secede from the Union\n\n\n\nBrought to you by http://AmericanHistoryCa
 lendar.com.\nLike our Facebook page to see upcoming history events in your
  feed https://www.facebook.com/AmericanHistoryCalendar/.
URL:https://americanhistorycalendar.com/eventscalendar/2\,2003-louisiana-se
 cedes-from-the-union
END:VEVENT
BEGIN:VEVENT
SUMMARY:Space Shuttle Challenger explodes 73 seconds after launch
UID:2009-02-17-09-50-10-63-@americanhistorycalendar.com
SEQUENCE:0
STATUS:CONFIRMED
TRANSP:TRANSPARENT
RRULE:FREQ=YEARLY;INTERVAL=1;BYMONTHDAY=28;BYMONTH=1
DTSTART;VALUE=DATE:20080128
DTEND;VALUE=DATE:20080129
DTSTAMP:20210421T143656
CATEGORIES:Air and Space Events
LOCATION:Cape Canaveral\, Florida
GEO:28.388333;-80.603611
X-ALT-DESC;FMTTYPE=text/html:<!DOCTYPE HTML PUBLIC "-//W3C//DTD HTML 3.2//E
 N">\n<html>\n<head>\n<meta name="Generator" content="Zap Calendar (http://
 zapcalendar.com)"/><title></title></head><body>\n<p></p><p>January 28\, 19
 86<br/>\nSeven crew members died on what would have been Challenger's 10th
  mission into space.<br/>\n</p>\n<p></p>\n<p></p>\n<p>Brought to you by <a
  href='http://americanhistorycalendar.com'>http://AmericanHistoryCalendar.
 com</a>.<br/>\nLike our Facebook page to see upcoming history events in yo
 ur feed <a href='https://www.facebook.com/AmericanHistoryCalendar/'>https:
 //www.facebook.com/AmericanHistoryCalendar/</a>.</p></body></html>
DESCRIPTION:January 28\, 1986\nSeven crew members died on what would have b
 een Challenger's 10th mission into space.\n\n\n\nBrought to you by http://
 AmericanHistoryCalendar.com.\nLike our Facebook page to see upcoming histo
 ry events in your feed https://www.facebook.com/AmericanHistoryCalendar/.
URL:https://americanhistorycalendar.com/eventscalendar/2\,2013-space-shuttl
 e-challenger-explodes-73-seconds-after-launch
END:VEVENT
BEGIN:VEVENT
SUMMARY:Kansas\, the thirty-fourth state
UID:2008-05-02-04-36-56-63-@americanhistorycalendar.com
SEQUENCE:0
STATUS:CONFIRMED
TRANSP:TRANSPARENT
RRULE:FREQ=YEARLY;INTERVAL=1;BYMONTHDAY=29;BYMONTH=1
DTSTART;VALUE=DATE:20080129
DTEND;VALUE=DATE:20080130
DTSTAMP:20210421T143656
CATEGORIES:State Ratification
LOCATION:Topeka\, Kansas
GEO:39.0558235;-95.6890185
X-ALT-DESC;FMTTYPE=text/html:<!DOCTYPE HTML PUBLIC "-//W3C//DTD HTML 3.2//E
 N">\n<html>\n<head>\n<meta name="Generator" content="Zap Calendar (http://
 zapcalendar.com)"/><title></title></head><body>\n<p></p><p>January 29\, 18
 61<br/>\n</p>\n<p></p>\n<p></p>\n<p>Brought to you by <a href='http://amer
 icanhistorycalendar.com'>http://AmericanHistoryCalendar.com</a>.<br/>\nLik
 e our Facebook page to see upcoming history events in your feed <a href='h
 ttps://www.facebook.com/AmericanHistoryCalendar/'>https://www.facebook.com
 /AmericanHistoryCalendar/</a>.</p></body></html>
DESCRIPTION:January 29\, 1861\n\n\n\nBrought to you by http://AmericanHisto
 ryCalendar.com.\nLike our Facebook page to see upcoming history events in 
 your feed https://www.facebook.com/AmericanHistoryCalendar/.
URL:https://americanhistorycalendar.com/eventscalendar/2\,2023-kansas-the-t
 hirty-fourth-state
END:VEVENT
BEGIN:VEVENT
SUMMARY:First U.S. Satellite Launched
UID:2015-01-16-08-44-31-585-2@americanhistorycalendar.com
SEQUENCE:0
STATUS:CONFIRMED
TRANSP:TRANSPARENT
RRULE:FREQ=YEARLY;INTERVAL=1;BYMONTHDAY=31;BYMONTH=1
DTSTART;VALUE=DATE:20080131
DTEND;VALUE=DATE:20080201
DTSTAMP:20210421T143656
CATEGORIES:Air and Space Events
LOCATION:Cape Canaveral\, Florida
GEO:28.388333;-80.603611
X-ALT-DESC;FMTTYPE=text/html:<!DOCTYPE HTML PUBLIC "-//W3C//DTD HTML 3.2//E
 N">\n<html>\n<head>\n<meta name="Generator" content="Zap Calendar (http://
 zapcalendar.com)"/><title></title></head><body>\n<p></p><p>Explorer 1\, th
 e first U.S. satellite\, was launched into orbit on January 31\, 1958.</p>
 \n<p></p>\n<p></p>\n<p>Brought to you by <a href='http://americanhistoryca
 lendar.com'>http://AmericanHistoryCalendar.com</a>.<br/>\nLike our Faceboo
 k page to see upcoming history events in your feed <a href='https://www.fa
 cebook.com/AmericanHistoryCalendar/'>https://www.facebook.com/AmericanHist
 oryCalendar/</a>.</p></body></html>
DESCRIPTION:Explorer 1\, the first U.S. satellite\, was launched into orbit
  on January 31\, 1958.\n\n\nBrought to you by http://AmericanHistoryCalend
 ar.com.\nLike our Facebook page to see upcoming history events in your fee
 d https://www.facebook.com/AmericanHistoryCalendar/.
URL:https://americanhistorycalendar.com/eventscalendar/2\,3541-first-u-s-sa
 tellite-launched
END:VEVENT
BEGIN:VEVENT
SUMMARY:Space Shuttle Columbia disintegrates during re-entry
UID:2009-02-17-09-53-42-63-@americanhistorycalendar.com
SEQUENCE:0
STATUS:CONFIRMED
TRANSP:TRANSPARENT
RRULE:FREQ=YEARLY;INTERVAL=1;BYMONTHDAY=1;BYMONTH=2
DTSTART;VALUE=DATE:20080201
DTEND;VALUE=DATE:20080202
DTSTAMP:20210421T143656
CATEGORIES:Air and Space Events
LOCATION:Texas
GEO:31.9685988;-99.9018131
X-ALT-DESC;FMTTYPE=text/html:<!DOCTYPE HTML PUBLIC "-//W3C//DTD HTML 3.2//E
 N">\n<html>\n<head>\n<meta name="Generator" content="Zap Calendar (http://
 zapcalendar.com)"/><title></title></head><body>\n<p></p><p>February 1\, 20
 03<br/>\nAll seven crewmen perished after Columbia disintegrates during re
 -entry over Texas.<br/>\n</p>\n<p></p>\n<p></p>\n<p>Brought to you by <a h
 ref='http://americanhistorycalendar.com'>http://AmericanHistoryCalendar.co
 m</a>.<br/>\nLike our Facebook page to see upcoming history events in your
  feed <a href='https://www.facebook.com/AmericanHistoryCalendar/'>https://
 www.facebook.com/AmericanHistoryCalendar/</a>.</p></body></html>
DESCRIPTION:February 1\, 2003\nAll seven crewmen perished after Columbia di
 sintegrates during re-entry over Texas.\n\n\n\nBrought to you by http://Am
 ericanHistoryCalendar.com.\nLike our Facebook page to see upcoming history
  events in your feed https://www.facebook.com/AmericanHistoryCalendar/.
URL:https://americanhistorycalendar.com/eventscalendar/2\,2043-space-shuttl
 e-columbia-disintegrates-during-re-entry
END:VEVENT
BEGIN:VEVENT
SUMMARY:Texas secedes from the Union
UID:2008-05-08-02-16-16-63-@americanhistorycalendar.com
SEQUENCE:0
STATUS:CONFIRMED
TRANSP:TRANSPARENT
RRULE:FREQ=YEARLY;INTERVAL=1;BYMONTHDAY=1;BYMONTH=2
DTSTART;VALUE=DATE:20080201
DTEND;VALUE=DATE:20080202
DTSTAMP:20210421T143656
CATEGORIES:Civil War Events
LOCATION:Texas
GEO:31.9685988;-99.9018131
X-ALT-DESC;FMTTYPE=text/html:<!DOCTYPE HTML PUBLIC "-//W3C//DTD HTML 3.2//E
 N">\n<html>\n<head>\n<meta name="Generator" content="Zap Calendar (http://
 zapcalendar.com)"/><title></title></head><body>\n<p></p><p>On February 1\,
  1861\, Texas is the seventh of eleven states to secede from the Union.<br
 />\n</p>\n<p></p>\n<p></p>\n<p>Brought to you by <a href='http://americanh
 istorycalendar.com'>http://AmericanHistoryCalendar.com</a>.<br/>\nLike our
  Facebook page to see upcoming history events in your feed <a href='https:
 //www.facebook.com/AmericanHistoryCalendar/'>https://www.facebook.com/Amer
 icanHistoryCalendar/</a>.</p></body></html>
DESCRIPTION:On February 1\, 1861\, Texas is the seventh of eleven states to
  secede from the Union.\n\n\n\nBrought to you by http://AmericanHistoryCal
 endar.com.\nLike our Facebook page to see upcoming history events in your 
 feed https://www.facebook.com/AmericanHistoryCalendar/.
URL:https://americanhistorycalendar.com/eventscalendar/2\,2033-texas-secede
 s-from-the-union
END:VEVENT
BEGIN:VEVENT
SUMMARY:Massachusetts\, the sixth state
UID:2008-05-02-03-27-13-63-@americanhistorycalendar.com
SEQUENCE:0
STATUS:CONFIRMED
TRANSP:TRANSPARENT
RRULE:FREQ=YEARLY;INTERVAL=1;BYMONTHDAY=6;BYMONTH=2
DTSTART;VALUE=DATE:20080206
DTEND;VALUE=DATE:20080207
DTSTAMP:20210421T143656
CATEGORIES:State Ratification
LOCATION:Boston\, Massachusetts
GEO:42.3584308;-71.0597732
X-ALT-DESC;FMTTYPE=text/html:<!DOCTYPE HTML PUBLIC "-//W3C//DTD HTML 3.2//E
 N">\n<html>\n<head>\n<meta name="Generator" content="Zap Calendar (http://
 zapcalendar.com)"/><title></title></head><body>\n<p></p><p>February 6\, 17
 88<br/>\n</p>\n<p></p>\n<p></p>\n<p>Brought to you by <a href='http://amer
 icanhistorycalendar.com'>http://AmericanHistoryCalendar.com</a>.<br/>\nLik
 e our Facebook page to see upcoming history events in your feed <a href='h
 ttps://www.facebook.com/AmericanHistoryCalendar/'>https://www.facebook.com
 /AmericanHistoryCalendar/</a>.</p></body></html>
DESCRIPTION:February 6\, 1788\n\n\n\nBrought to you by http://AmericanHisto
 ryCalendar.com.\nLike our Facebook page to see upcoming history events in 
 your feed https://www.facebook.com/AmericanHistoryCalendar/.
URL:https://americanhistorycalendar.com/eventscalendar/2\,2053-massachusett
 s-the-sixth-state
END:VEVENT
BEGIN:VEVENT
SUMMARY:Arizona\, the forty-eighth state
UID:2008-05-02-05-26-19-63-@americanhistorycalendar.com
SEQUENCE:0
STATUS:CONFIRMED
TRANSP:TRANSPARENT
RRULE:FREQ=YEARLY;INTERVAL=1;BYMONTHDAY=14;BYMONTH=2
DTSTART;VALUE=DATE:20080214
DTEND;VALUE=DATE:20080215
DTSTAMP:20210421T143656
CATEGORIES:State Ratification
LOCATION:Phoenix\, Arizona
GEO:33.4483771;-112.0740373
X-ALT-DESC;FMTTYPE=text/html:<!DOCTYPE HTML PUBLIC "-//W3C//DTD HTML 3.2//E
 N">\n<html>\n<head>\n<meta name="Generator" content="Zap Calendar (http://
 zapcalendar.com)"/><title></title></head><body>\n<p></p><p>February 14\, 1
 912<br/>\n</p>\n<p></p>\n<p></p>\n<p>Brought to you by <a href='http://ame
 ricanhistorycalendar.com'>http://AmericanHistoryCalendar.com</a>.<br/>\nLi
 ke our Facebook page to see upcoming history events in your feed <a href='
 https://www.facebook.com/AmericanHistoryCalendar/'>https://www.facebook.co
 m/AmericanHistoryCalendar/</a>.</p></body></html>
DESCRIPTION:February 14\, 1912\n\n\n\nBrought to you by http://AmericanHist
 oryCalendar.com.\nLike our Facebook page to see upcoming history events in
  your feed https://www.facebook.com/AmericanHistoryCalendar/.
URL:https://americanhistorycalendar.com/eventscalendar/2\,2073-arizona-the-
 forty-eighth-state
END:VEVENT
BEGIN:VEVENT
SUMMARY:Oregon\, the thirty-third state
UID:2008-05-02-04-34-59-63-@americanhistorycalendar.com
SEQUENCE:0
STATUS:CONFIRMED
TRANSP:TRANSPARENT
RRULE:FREQ=YEARLY;INTERVAL=1;BYMONTHDAY=14;BYMONTH=2
DTSTART;VALUE=DATE:20080214
DTEND;VALUE=DATE:20080215
DTSTAMP:20210421T143656
CATEGORIES:State Ratification
LOCATION:Salem\, Oregon
GEO:44.9428975;-123.0350963
X-ALT-DESC;FMTTYPE=text/html:<!DOCTYPE HTML PUBLIC "-//W3C//DTD HTML 3.2//E
 N">\n<html>\n<head>\n<meta name="Generator" content="Zap Calendar (http://
 zapcalendar.com)"/><title></title></head><body>\n<p></p><p>February 14\, 1
 859<br/>\n</p>\n<p></p>\n<p></p>\n<p>Brought to you by <a href='http://ame
 ricanhistorycalendar.com'>http://AmericanHistoryCalendar.com</a>.<br/>\nLi
 ke our Facebook page to see upcoming history events in your feed <a href='
 https://www.facebook.com/AmericanHistoryCalendar/'>https://www.facebook.co
 m/AmericanHistoryCalendar/</a>.</p></body></html>
DESCRIPTION:February 14\, 1859\n\n\n\nBrought to you by http://AmericanHist
 oryCalendar.com.\nLike our Facebook page to see upcoming history events in
  your feed https://www.facebook.com/AmericanHistoryCalendar/.
URL:https://americanhistorycalendar.com/eventscalendar/2\,2063-oregon-the-t
 hirty-third-state
END:VEVENT
BEGIN:VEVENT
SUMMARY:Jefferson Davis becomes President of the Confederate States
UID:2008-05-15-19-15-03-63-@americanhistorycalendar.com
SEQUENCE:0
STATUS:CONFIRMED
TRANSP:TRANSPARENT
RRULE:FREQ=YEARLY;INTERVAL=1;BYMONTHDAY=18;BYMONTH=2
DTSTART;VALUE=DATE:20080218
DTEND;VALUE=DATE:20080219
DTSTAMP:20210421T143656
CATEGORIES:Civil War Events
X-ALT-DESC;FMTTYPE=text/html:<!DOCTYPE HTML PUBLIC "-//W3C//DTD HTML 3.2//E
 N">\n<html>\n<head>\n<meta name="Generator" content="Zap Calendar (http://
 zapcalendar.com)"/><title></title></head><body>\n<p></p><p>February 18\, 1
 861<br/>\n</p>\n<p></p>\n<p></p>\n<p>Brought to you by <a href='http://ame
 ricanhistorycalendar.com'>http://AmericanHistoryCalendar.com</a>.<br/>\nLi
 ke our Facebook page to see upcoming history events in your feed <a href='
 https://www.facebook.com/AmericanHistoryCalendar/'>https://www.facebook.co
 m/AmericanHistoryCalendar/</a>.</p></body></html>
DESCRIPTION:February 18\, 1861\n\n\n\nBrought to you by http://AmericanHist
 oryCalendar.com.\nLike our Facebook page to see upcoming history events in
  your feed https://www.facebook.com/AmericanHistoryCalendar/.
URL:https://americanhistorycalendar.com/eventscalendar/2\,2083-jefferson-da
 vis-becomes-president-of-the-confederate-states
END:VEVENT
BEGIN:VEVENT
SUMMARY:John Glenn orbits the Earth
UID:2015-01-16-08-48-05-585-1@americanhistorycalendar.com
SEQUENCE:0
STATUS:CONFIRMED
TRANSP:TRANSPARENT
RRULE:FREQ=YEARLY;INTERVAL=1;BYMONTHDAY=20;BYMONTH=2
DTSTART;VALUE=DATE:20080220
DTEND;VALUE=DATE:20080221
DTSTAMP:20210421T143656
CATEGORIES:Air and Space Events
LOCATION:Cape Canaveral\, Florida
GEO:28.388333;-80.603611
X-ALT-DESC;FMTTYPE=text/html:<!DOCTYPE HTML PUBLIC "-//W3C//DTD HTML 3.2//E
 N">\n<html>\n<head>\n<meta name="Generator" content="Zap Calendar (http://
 zapcalendar.com)"/><title></title></head><body>\n<p></p><p>On February 20
 \, 1962\, John Glenn becomes the first U.S. astronaut to orbit the earth.<
 /p>\n<p></p>\n<p></p>\n<p>Brought to you by <a href='http://americanhistor
 ycalendar.com'>http://AmericanHistoryCalendar.com</a>.<br/>\nLike our Face
 book page to see upcoming history events in your feed <a href='https://www
 .facebook.com/AmericanHistoryCalendar/'>https://www.facebook.com/AmericanH
 istoryCalendar/</a>.</p></body></html>
DESCRIPTION:On February 20\, 1962\, John Glenn becomes the first U.S. astro
 naut to orbit the earth.\n\n\nBrought to you by http://AmericanHistoryCale
 ndar.com.\nLike our Facebook page to see upcoming history events in your f
 eed https://www.facebook.com/AmericanHistoryCalendar/.
URL:https://americanhistorycalendar.com/eventscalendar/2\,3551-john-glenn-o
 rbits-the-earth
END:VEVENT
BEGIN:VEVENT
SUMMARY:Nebraska\, the thirty-seventh state
UID:2008-05-02-04-43-22-63-@americanhistorycalendar.com
SEQUENCE:0
STATUS:CONFIRMED
TRANSP:TRANSPARENT
RRULE:FREQ=YEARLY;INTERVAL=1;BYMONTHDAY=1;BYMONTH=3
DTSTART;VALUE=DATE:20080301
DTEND;VALUE=DATE:20080302
DTSTAMP:20210421T143656
CATEGORIES:State Ratification
LOCATION:Lincoln\, Nebraska
GEO:40.809722;-96.675278
X-ALT-DESC;FMTTYPE=text/html:<!DOCTYPE HTML PUBLIC "-//W3C//DTD HTML 3.2//E
 N">\n<html>\n<head>\n<meta name="Generator" content="Zap Calendar (http://
 zapcalendar.com)"/><title></title></head><body>\n<p></p><p>March 1\, 1867<
 br/>\n</p>\n<p></p>\n<p></p>\n<p>Brought to you by <a href='http://america
 nhistorycalendar.com'>http://AmericanHistoryCalendar.com</a>.<br/>\nLike o
 ur Facebook page to see upcoming history events in your feed <a href='http
 s://www.facebook.com/AmericanHistoryCalendar/'>https://www.facebook.com/Am
 ericanHistoryCalendar/</a>.</p></body></html>
DESCRIPTION:March 1\, 1867\n\n\n\nBrought to you by http://AmericanHistoryC
 alendar.com.\nLike our Facebook page to see upcoming history events in you
 r feed https://www.facebook.com/AmericanHistoryCalendar/.
URL:https://americanhistorycalendar.com/eventscalendar/2\,2103-nebraska-the
 -thirty-seventh-state
END:VEVENT
BEGIN:VEVENT
SUMMARY:Ohio\, the seventeenth state
UID:2008-05-02-03-58-44-63-@americanhistorycalendar.com
SEQUENCE:0
STATUS:CONFIRMED
TRANSP:TRANSPARENT
RRULE:FREQ=YEARLY;INTERVAL=1;BYMONTHDAY=1;BYMONTH=3
DTSTART;VALUE=DATE:20080301
DTEND;VALUE=DATE:20080302
DTSTAMP:20210421T143656
CATEGORIES:State Ratification
LOCATION:Columbus\, Ohio
GEO:39.9611755;-82.9987942
X-ALT-DESC;FMTTYPE=text/html:<!DOCTYPE HTML PUBLIC "-//W3C//DTD HTML 3.2//E
 N">\n<html>\n<head>\n<meta name="Generator" content="Zap Calendar (http://
 zapcalendar.com)"/><title></title></head><body>\n<p></p><p>March 1\, 1803<
 br/>\n</p>\n<p></p>\n<p></p>\n<p>Brought to you by <a href='http://america
 nhistorycalendar.com'>http://AmericanHistoryCalendar.com</a>.<br/>\nLike o
 ur Facebook page to see upcoming history events in your feed <a href='http
 s://www.facebook.com/AmericanHistoryCalendar/'>https://www.facebook.com/Am
 ericanHistoryCalendar/</a>.</p></body></html>
DESCRIPTION:March 1\, 1803\n\n\n\nBrought to you by http://AmericanHistoryC
 alendar.com.\nLike our Facebook page to see upcoming history events in you
 r feed https://www.facebook.com/AmericanHistoryCalendar/.
URL:https://americanhistorycalendar.com/eventscalendar/2\,2093-ohio-the-sev
 enteenth-state
END:VEVENT
BEGIN:VEVENT
SUMMARY:Florida\, the twenty-seventh state
UID:2008-05-02-04-18-47-63-@americanhistorycalendar.com
SEQUENCE:0
STATUS:CONFIRMED
TRANSP:TRANSPARENT
RRULE:FREQ=YEARLY;INTERVAL=1;BYMONTHDAY=3;BYMONTH=3
DTSTART;VALUE=DATE:20080303
DTEND;VALUE=DATE:20080304
DTSTAMP:20210421T143656
CATEGORIES:State Ratification
LOCATION:Tallahassee\, Florida
GEO:30.4382559;-84.2807329
X-ALT-DESC;FMTTYPE=text/html:<!DOCTYPE HTML PUBLIC "-//W3C//DTD HTML 3.2//E
 N">\n<html>\n<head>\n<meta name="Generator" content="Zap Calendar (http://
 zapcalendar.com)"/><title></title></head><body>\n<p></p><p>March 3\, 1845<
 br/>\n</p>\n<p></p>\n<p></p>\n<p>Brought to you by <a href='http://america
 nhistorycalendar.com'>http://AmericanHistoryCalendar.com</a>.<br/>\nLike o
 ur Facebook page to see upcoming history events in your feed <a href='http
 s://www.facebook.com/AmericanHistoryCalendar/'>https://www.facebook.com/Am
 ericanHistoryCalendar/</a>.</p></body></html>
DESCRIPTION:March 3\, 1845\n\n\n\nBrought to you by http://AmericanHistoryC
 alendar.com.\nLike our Facebook page to see upcoming history events in you
 r feed https://www.facebook.com/AmericanHistoryCalendar/.
URL:https://americanhistorycalendar.com/eventscalendar/2\,2113-florida-the-
 twenty-seventh-state
END:VEVENT
BEGIN:VEVENT
SUMMARY:Inauguration Day (until 1933)
UID:2009-02-13-15-24-21-63-@americanhistorycalendar.com
SEQUENCE:0
STATUS:CONFIRMED
TRANSP:TRANSPARENT
RRULE:FREQ=YEARLY;INTERVAL=1;BYMONTHDAY=4;BYMONTH=3
DTSTART;VALUE=DATE:20080304
DTEND;VALUE=DATE:20080305
DTSTAMP:20210421T143656
CATEGORIES:Presidential Events
LOCATION:Washington\, D.C.
GEO:38.9071923;-77.0368707
X-ALT-DESC;FMTTYPE=text/html:<!DOCTYPE HTML PUBLIC "-//W3C//DTD HTML 3.2//E
 N">\n<html>\n<head>\n<meta name="Generator" content="Zap Calendar (http://
 zapcalendar.com)"/><title></title></head><body>\n<p></p><p>The day when th
 e new President of the United States is sworn in.  Originally held on Marc
 h 4\, Inauguration Day was changed to January 20 by the Twentieth Amendmen
 t in 1933.<br/>\n</p>\n<p></p>\n<p></p>\n<p>Brought to you by <a href='htt
 p://americanhistorycalendar.com'>http://AmericanHistoryCalendar.com</a>.<b
 r/>\nLike our Facebook page to see upcoming history events in your feed <a
  href='https://www.facebook.com/AmericanHistoryCalendar/'>https://www.face
 book.com/AmericanHistoryCalendar/</a>.</p></body></html>
DESCRIPTION:The day when the new President of the United States is sworn in
 .  Originally held on March 4\, Inauguration Day was changed to January 20
  by the Twentieth Amendment in 1933.\n\n\n\nBrought to you by http://Ameri
 canHistoryCalendar.com.\nLike our Facebook page to see upcoming history ev
 ents in your feed https://www.facebook.com/AmericanHistoryCalendar/.
URL:https://americanhistorycalendar.com/eventscalendar/2\,2123-inauguration
 -day-until-1933
END:VEVENT
BEGIN:VEVENT
SUMMARY:Maine\, the twenty-third state
UID:2008-05-02-04-11-28-63-@americanhistorycalendar.com
SEQUENCE:0
STATUS:CONFIRMED
TRANSP:TRANSPARENT
RRULE:FREQ=YEARLY;INTERVAL=1;BYMONTHDAY=15;BYMONTH=3
DTSTART;VALUE=DATE:20080315
DTEND;VALUE=DATE:20080316
DTSTAMP:20210421T143656
CATEGORIES:State Ratification
LOCATION:Augusta\, Maine
GEO:44.3106241;-69.7794897
X-ALT-DESC;FMTTYPE=text/html:<!DOCTYPE HTML PUBLIC "-//W3C//DTD HTML 3.2//E
 N">\n<html>\n<head>\n<meta name="Generator" content="Zap Calendar (http://
 zapcalendar.com)"/><title></title></head><body>\n<p></p><p>March 15\, 1820
 <br/>\n</p>\n<p></p>\n<p></p>\n<p>Brought to you by <a href='http://americ
 anhistorycalendar.com'>http://AmericanHistoryCalendar.com</a>.<br/>\nLike 
 our Facebook page to see upcoming history events in your feed <a href='htt
 ps://www.facebook.com/AmericanHistoryCalendar/'>https://www.facebook.com/A
 mericanHistoryCalendar/</a>.</p></body></html>
DESCRIPTION:March 15\, 1820\n\n\n\nBrought to you by http://AmericanHistory
 Calendar.com.\nLike our Facebook page to see upcoming history events in yo
 ur feed https://www.facebook.com/AmericanHistoryCalendar/.
URL:https://americanhistorycalendar.com/eventscalendar/2\,2133-maine-the-tw
 enty-third-state
END:VEVENT
BEGIN:VEVENT
SUMMARY:Evacuation Day
UID:2008-04-30-05-42-09-62-@americanhistorycalendar.com
SEQUENCE:0
STATUS:CONFIRMED
TRANSP:TRANSPARENT
RRULE:FREQ=YEARLY;INTERVAL=1;BYMONTHDAY=17;BYMONTH=3
DTSTART;VALUE=DATE:20080317
DTEND;VALUE=DATE:20080318
DTSTAMP:20210421T143656
CATEGORIES:Revolution Era
LOCATION:Boston\, Massachusetts
GEO:42.3584308;-71.0597732
X-ALT-DESC;FMTTYPE=text/html:<!DOCTYPE HTML PUBLIC "-//W3C//DTD HTML 3.2//E
 N">\n<html>\n<head>\n<meta name="Generator" content="Zap Calendar (http://
 zapcalendar.com)"/><title></title></head><body>\n<p></p><p>March 17\, 1776
 <br/>\nEvacuation day is the day the British ended their 11 month seige of
  Boston.<br/>\n</p>\n<p></p>\n<p></p>\n<p>Brought to you by <a href='http:
 //americanhistorycalendar.com'>http://AmericanHistoryCalendar.com</a>.<br/
 >\nLike our Facebook page to see upcoming history events in your feed <a h
 ref='https://www.facebook.com/AmericanHistoryCalendar/'>https://www.facebo
 ok.com/AmericanHistoryCalendar/</a>.</p></body></html>
DESCRIPTION:March 17\, 1776\nEvacuation day is the day the British ended th
 eir 11 month seige of Boston.\n\n\n\nBrought to you by http://AmericanHist
 oryCalendar.com.\nLike our Facebook page to see upcoming history events in
  your feed https://www.facebook.com/AmericanHistoryCalendar/.
URL:https://americanhistorycalendar.com/eventscalendar/2\,2143-evacuation-d
 ay
END:VEVENT
BEGIN:VEVENT
SUMMARY:Patrick Henry gives his "Give me liberty or give me death" speech
UID:2008-05-19-20-11-37-63-@americanhistorycalendar.com
SEQUENCE:0
STATUS:CONFIRMED
TRANSP:TRANSPARENT
RRULE:FREQ=YEARLY;INTERVAL=1;BYMONTHDAY=23;BYMONTH=3
DTSTART;VALUE=DATE:20080323
DTEND;VALUE=DATE:20080324
DTSTAMP:20210421T143656
CATEGORIES:Revolution Era
LOCATION:Richmond\, Virginia
GEO:37.5407246;-77.4360481
X-ALT-DESC;FMTTYPE=text/html:<!DOCTYPE HTML PUBLIC "-//W3C//DTD HTML 3.2//E
 N">\n<html>\n<head>\n<meta name="Generator" content="Zap Calendar (http://
 zapcalendar.com)"/><title></title></head><body>\n<p></p><p>March 23\, 1775
 <br/>\nSpeech was given at St. John's Church in Richmond\, Virginia<br/>\n
 </p>\n<p></p>\n<p></p>\n<p>Brought to you by <a href='http://americanhisto
 rycalendar.com'>http://AmericanHistoryCalendar.com</a>.<br/>\nLike our Fac
 ebook page to see upcoming history events in your feed <a href='https://ww
 w.facebook.com/AmericanHistoryCalendar/'>https://www.facebook.com/American
 HistoryCalendar/</a>.</p></body></html>
DESCRIPTION:March 23\, 1775\nSpeech was given at St. John's Church in Richm
 ond\, Virginia\n\n\n\nBrought to you by http://AmericanHistoryCalendar.com
 .\nLike our Facebook page to see upcoming history events in your feed http
 s://www.facebook.com/AmericanHistoryCalendar/.
URL:https://americanhistorycalendar.com/eventscalendar/2\,2153-patrick-henr
 y-gives-his-give-me-liberty-or-give-me-death-speech
END:VEVENT
BEGIN:VEVENT
SUMMARY:Martin Luther King Jr. Assassination
UID:2009-05-01-06-42-51-63-@americanhistorycalendar.com
SEQUENCE:0
STATUS:CONFIRMED
TRANSP:TRANSPARENT
RRULE:FREQ=YEARLY;INTERVAL=1;BYMONTHDAY=4;BYMONTH=4
DTSTART;VALUE=DATE:20080404
DTEND;VALUE=DATE:20080405
DTSTAMP:20210421T143656
CATEGORIES:Civil Rights Events
LOCATION:Memphis\, Tennessee
GEO:35.1495343;-90.0489801
X-ALT-DESC;FMTTYPE=text/html:<!DOCTYPE HTML PUBLIC "-//W3C//DTD HTML 3.2//E
 N">\n<html>\n<head>\n<meta name="Generator" content="Zap Calendar (http://
 zapcalendar.com)"/><title></title></head><body>\n<p></p><p>April 4\, 1968<
 br/>\n<br/>\nMartin Luther King Jr. was assassinated while standing outsid
 e his hotel room on the second floor balcony. He was 39 years old. His ass
 assination sparked riots in cities nationwide\, prompting several cities t
 o impose curfews.<br/>\n</p>\n<p></p>\n<p></p>\n<p>Brought to you by <a hr
 ef='http://americanhistorycalendar.com'>http://AmericanHistoryCalendar.com
 </a>.<br/>\nLike our Facebook page to see upcoming history events in your 
 feed <a href='https://www.facebook.com/AmericanHistoryCalendar/'>https://w
 ww.facebook.com/AmericanHistoryCalendar/</a>.</p></body></html>
DESCRIPTION:April 4\, 1968\n\nMartin Luther King Jr. was assassinated while
  standing outside his hotel room on the second floor balcony. He was 39 ye
 ars old. His assassination sparked riots in cities nationwide\, prompting 
 several cities to impose curfews.\n\n\n\nBrought to you by http://American
 HistoryCalendar.com.\nLike our Facebook page to see upcoming history event
 s in your feed https://www.facebook.com/AmericanHistoryCalendar/.
URL:https://americanhistorycalendar.com/eventscalendar/2\,2163-martin-luthe
 r-king-jr-assassination
END:VEVENT
BEGIN:VEVENT
SUMMARY:Battle of Shiloh/Pittsburg Landing
UID:2008-05-08-10-48-45-63-@americanhistorycalendar.com
SEQUENCE:0
STATUS:CONFIRMED
TRANSP:TRANSPARENT
RRULE:FREQ=YEARLY;INTERVAL=1;BYMONTHDAY=6;BYMONTH=4
DTSTART;VALUE=DATE:20080406
DTEND;VALUE=DATE:20080407
DTSTAMP:20210421T143656
CATEGORIES:Civil War Events
LOCATION:Pittsburg Landing\, Tennessee
GEO:35.1523052;-88.322818
X-ALT-DESC;FMTTYPE=text/html:<!DOCTYPE HTML PUBLIC "-//W3C//DTD HTML 3.2//E
 N">\n<html>\n<head>\n<meta name="Generator" content="Zap Calendar (http://
 zapcalendar.com)"/><title></title></head><body>\n<p></p><p>April 6 to 7\, 
 1862 <br/>\n</p>\n<p></p>\n<p></p>\n<p>Brought to you by <a href='http://a
 mericanhistorycalendar.com'>http://AmericanHistoryCalendar.com</a>.<br/>\n
 Like our Facebook page to see upcoming history events in your feed <a href
 ='https://www.facebook.com/AmericanHistoryCalendar/'>https://www.facebook.
 com/AmericanHistoryCalendar/</a>.</p></body></html>
DESCRIPTION:April 6 to 7\, 1862 \n\n\n\nBrought to you by http://AmericanHi
 storyCalendar.com.\nLike our Facebook page to see upcoming history events 
 in your feed https://www.facebook.com/AmericanHistoryCalendar/.
URL:https://americanhistorycalendar.com/eventscalendar/2\,2173-battle-of-sh
 iloh-pittsburg-landing
END:VEVENT
BEGIN:VEVENT
SUMMARY:Lee surrenders army to Grant
UID:2008-05-08-05-30-23-63-@americanhistorycalendar.com
SEQUENCE:0
STATUS:CONFIRMED
TRANSP:TRANSPARENT
RRULE:FREQ=YEARLY;INTERVAL=1;BYMONTHDAY=9;BYMONTH=4
DTSTART;VALUE=DATE:20080409
DTEND;VALUE=DATE:20080410
DTSTAMP:20210421T143656
CATEGORIES:Civil War Events
LOCATION: Appomattox\, Virginia
GEO:37.3570894;-78.8252911
X-ALT-DESC;FMTTYPE=text/html:<!DOCTYPE HTML PUBLIC "-//W3C//DTD HTML 3.2//E
 N">\n<html>\n<head>\n<meta name="Generator" content="Zap Calendar (http://
 zapcalendar.com)"/><title></title></head><body>\n<p></p><p>April 9\, 1865<
 br/>\n</p>\n<p></p>\n<p></p>\n<p>Brought to you by <a href='http://america
 nhistorycalendar.com'>http://AmericanHistoryCalendar.com</a>.<br/>\nLike o
 ur Facebook page to see upcoming history events in your feed <a href='http
 s://www.facebook.com/AmericanHistoryCalendar/'>https://www.facebook.com/Am
 ericanHistoryCalendar/</a>.</p></body></html>
DESCRIPTION:April 9\, 1865\n\n\n\nBrought to you by http://AmericanHistoryC
 alendar.com.\nLike our Facebook page to see upcoming history events in you
 r feed https://www.facebook.com/AmericanHistoryCalendar/.
URL:https://americanhistorycalendar.com/eventscalendar/2\,2183-lee-surrende
 rs-army-to-grant
END:VEVENT
BEGIN:VEVENT
SUMMARY:Battle of Fort Sumter
UID:2009-02-13-15-01-58-63-@americanhistorycalendar.com
SEQUENCE:0
STATUS:CONFIRMED
TRANSP:TRANSPARENT
RRULE:FREQ=YEARLY;INTERVAL=1;BYMONTHDAY=12;BYMONTH=4
DTSTART;VALUE=DATE:20080412
DTEND;VALUE=DATE:20080413
DTSTAMP:20210421T143656
CATEGORIES:Civil War Events
LOCATION:Charleston\, South Carolina
GEO:32.7764749;-79.9310512
X-ALT-DESC;FMTTYPE=text/html:<!DOCTYPE HTML PUBLIC "-//W3C//DTD HTML 3.2//E
 N">\n<html>\n<head>\n<meta name="Generator" content="Zap Calendar (http://
 zapcalendar.com)"/><title></title></head><body>\n<p></p><p>The Battle of F
 ort Sumter on April 12\, 1861 was the first battle of the Civil War.<br/>
 \n</p>\n<p></p>\n<p></p>\n<p>Brought to you by <a href='http://americanhis
 torycalendar.com'>http://AmericanHistoryCalendar.com</a>.<br/>\nLike our F
 acebook page to see upcoming history events in your feed <a href='https://
 www.facebook.com/AmericanHistoryCalendar/'>https://www.facebook.com/Americ
 anHistoryCalendar/</a>.</p></body></html>
DESCRIPTION:The Battle of Fort Sumter on April 12\, 1861 was the first batt
 le of the Civil War.\n\n\n\nBrought to you by http://AmericanHistoryCalend
 ar.com.\nLike our Facebook page to see upcoming history events in your fee
 d https://www.facebook.com/AmericanHistoryCalendar/.
URL:https://americanhistorycalendar.com/eventscalendar/2\,2193-battle-of-fo
 rt-sumter
END:VEVENT
BEGIN:VEVENT
SUMMARY:Abraham Lincoln shot at Ford's Theatre
UID:2008-05-08-05-22-52-63-@americanhistorycalendar.com
SEQUENCE:0
STATUS:CONFIRMED
TRANSP:TRANSPARENT
RRULE:FREQ=YEARLY;INTERVAL=1;BYMONTHDAY=14;BYMONTH=4
DTSTART;VALUE=DATE:20080414
DTEND;VALUE=DATE:20080415
DTSTAMP:20210421T143656
CATEGORIES:Presidential Events,Civil War Events
LOCATION:Washington\, D.C.
GEO:38.9071923;-77.0368707
X-ALT-DESC;FMTTYPE=text/html:<!DOCTYPE HTML PUBLIC "-//W3C//DTD HTML 3.2//E
 N">\n<html>\n<head>\n<meta name="Generator" content="Zap Calendar (http://
 zapcalendar.com)"/><title></title></head><body>\n<p></p><p>Abraham Lincoln
  was shot on April 14\, 1865 and died the following day.<br/>\n</p>\n<p></
 p>\n<p></p>\n<p>Brought to you by <a href='http://americanhistorycalendar.
 com'>http://AmericanHistoryCalendar.com</a>.<br/>\nLike our Facebook page 
 to see upcoming history events in your feed <a href='https://www.facebook.
 com/AmericanHistoryCalendar/'>https://www.facebook.com/AmericanHistoryCale
 ndar/</a>.</p></body></html>
DESCRIPTION:Abraham Lincoln was shot on April 14\, 1865 and died the follow
 ing day.\n\n\n\nBrought to you by http://AmericanHistoryCalendar.com.\nLik
 e our Facebook page to see upcoming history events in your feed https://ww
 w.facebook.com/AmericanHistoryCalendar/.
URL:https://americanhistorycalendar.com/eventscalendar/2\,2203-abraham-linc
 oln-shot-at-ford-s-theatre
END:VEVENT
BEGIN:VEVENT
SUMMARY:Virginia secedes from the Union
UID:2008-05-08-02-17-59-63-@americanhistorycalendar.com
SEQUENCE:0
STATUS:CONFIRMED
TRANSP:TRANSPARENT
RRULE:FREQ=YEARLY;INTERVAL=1;BYMONTHDAY=17;BYMONTH=4
DTSTART;VALUE=DATE:20080417
DTEND;VALUE=DATE:20080418
DTSTAMP:20210421T143656
CATEGORIES:Civil War Events
LOCATION:Virginia
GEO:37.4315734;-78.6568942
X-ALT-DESC;FMTTYPE=text/html:<!DOCTYPE HTML PUBLIC "-//W3C//DTD HTML 3.2//E
 N">\n<html>\n<head>\n<meta name="Generator" content="Zap Calendar (http://
 zapcalendar.com)"/><title></title></head><body>\n<p></p><p>On April 17\, 1
 861\, Virginia is the eighth of eleven states to secede from the Union.<br
 />\n</p>\n<p></p>\n<p></p>\n<p>Brought to you by <a href='http://americanh
 istorycalendar.com'>http://AmericanHistoryCalendar.com</a>.<br/>\nLike our
  Facebook page to see upcoming history events in your feed <a href='https:
 //www.facebook.com/AmericanHistoryCalendar/'>https://www.facebook.com/Amer
 icanHistoryCalendar/</a>.</p></body></html>
DESCRIPTION:On April 17\, 1861\, Virginia is the eighth of eleven states to
  secede from the Union.\n\n\n\nBrought to you by http://AmericanHistoryCal
 endar.com.\nLike our Facebook page to see upcoming history events in your 
 feed https://www.facebook.com/AmericanHistoryCalendar/.
URL:https://americanhistorycalendar.com/eventscalendar/2\,2213-virginia-sec
 edes-from-the-union
END:VEVENT
BEGIN:VEVENT
SUMMARY:Ride of Paul Revere and William Dawes
UID:2008-04-30-05-30-34-62-@americanhistorycalendar.com
SEQUENCE:0
STATUS:CONFIRMED
TRANSP:TRANSPARENT
RRULE:FREQ=YEARLY;INTERVAL=1;BYMONTHDAY=18;BYMONTH=4
DTSTART;VALUE=DATE:20080418
DTEND;VALUE=DATE:20080419
DTSTAMP:20210421T143656
CATEGORIES:Revolution Era
LOCATION:Boston\, Massachusetts
GEO:42.3584308;-71.0597732
X-ALT-DESC;FMTTYPE=text/html:<!DOCTYPE HTML PUBLIC "-//W3C//DTD HTML 3.2//E
 N">\n<html>\n<head>\n<meta name="Generator" content="Zap Calendar (http://
 zapcalendar.com)"/><title></title></head><body>\n<p></p><p>April 18\, 1775
 <br/>\n</p>\n<p></p>\n<p></p>\n<p>Brought to you by <a href='http://americ
 anhistorycalendar.com'>http://AmericanHistoryCalendar.com</a>.<br/>\nLike 
 our Facebook page to see upcoming history events in your feed <a href='htt
 ps://www.facebook.com/AmericanHistoryCalendar/'>https://www.facebook.com/A
 mericanHistoryCalendar/</a>.</p></body></html>
DESCRIPTION:April 18\, 1775\n\n\n\nBrought to you by http://AmericanHistory
 Calendar.com.\nLike our Facebook page to see upcoming history events in yo
 ur feed https://www.facebook.com/AmericanHistoryCalendar/.
URL:https://americanhistorycalendar.com/eventscalendar/2\,2223-ride-of-paul
 -revere-and-william-dawes
END:VEVENT
BEGIN:VEVENT
SUMMARY:Battles of Lexington and Concord
UID:2008-04-30-05-37-19-62-@americanhistorycalendar.com
SEQUENCE:0
STATUS:CONFIRMED
TRANSP:TRANSPARENT
RRULE:FREQ=YEARLY;INTERVAL=1;BYMONTHDAY=19;BYMONTH=4
DTSTART;VALUE=DATE:20080419
DTEND;VALUE=DATE:20080420
DTSTAMP:20210421T143656
CATEGORIES:Revolution Era
X-ALT-DESC;FMTTYPE=text/html:<!DOCTYPE HTML PUBLIC "-//W3C//DTD HTML 3.2//E
 N">\n<html>\n<head>\n<meta name="Generator" content="Zap Calendar (http://
 zapcalendar.com)"/><title></title></head><body>\n<p></p><p>April 19\, 1775
 <br/>\nThe first battles of the Revolutionary War<br/>\n</p>\n<p></p>\n<p>
 </p>\n<p>Brought to you by <a href='http://americanhistorycalendar.com'>ht
 tp://AmericanHistoryCalendar.com</a>.<br/>\nLike our Facebook page to see 
 upcoming history events in your feed <a href='https://www.facebook.com/Ame
 ricanHistoryCalendar/'>https://www.facebook.com/AmericanHistoryCalendar/</
 a>.</p></body></html>
DESCRIPTION:April 19\, 1775\nThe first battles of the Revolutionary War\n\n
 \n\nBrought to you by http://AmericanHistoryCalendar.com.\nLike our Facebo
 ok page to see upcoming history events in your feed https://www.facebook.c
 om/AmericanHistoryCalendar/.
URL:https://americanhistorycalendar.com/eventscalendar/2\,2233-battles-of-l
 exington-and-concord
END:VEVENT
BEGIN:VEVENT
SUMMARY:Johnston surrenders troops to Sherman
UID:2008-05-08-05-33-05-63-@americanhistorycalendar.com
SEQUENCE:0
STATUS:CONFIRMED
TRANSP:TRANSPARENT
RRULE:FREQ=YEARLY;INTERVAL=1;BYMONTHDAY=26;BYMONTH=4
DTSTART;VALUE=DATE:20080426
DTEND;VALUE=DATE:20080427
DTSTAMP:20210421T143656
CATEGORIES:Civil War Events
LOCATION:Durham\, North Carolina
GEO:35.9940329;-78.898619
X-ALT-DESC;FMTTYPE=text/html:<!DOCTYPE HTML PUBLIC "-//W3C//DTD HTML 3.2//E
 N">\n<html>\n<head>\n<meta name="Generator" content="Zap Calendar (http://
 zapcalendar.com)"/><title></title></head><body>\n<p></p><p>April 26\, 1865
 <br/>\n</p>\n<p></p>\n<p></p>\n<p>Brought to you by <a href='http://americ
 anhistorycalendar.com'>http://AmericanHistoryCalendar.com</a>.<br/>\nLike 
 our Facebook page to see upcoming history events in your feed <a href='htt
 ps://www.facebook.com/AmericanHistoryCalendar/'>https://www.facebook.com/A
 mericanHistoryCalendar/</a>.</p></body></html>
DESCRIPTION:April 26\, 1865\n\n\n\nBrought to you by http://AmericanHistory
 Calendar.com.\nLike our Facebook page to see upcoming history events in yo
 ur feed https://www.facebook.com/AmericanHistoryCalendar/.
URL:https://americanhistorycalendar.com/eventscalendar/2\,2243-johnston-sur
 renders-troops-to-sherman
END:VEVENT
BEGIN:VEVENT
SUMMARY:Maryland\, the seventh state
UID:2008-05-02-03-29-40-63-@americanhistorycalendar.com
SEQUENCE:0
STATUS:CONFIRMED
TRANSP:TRANSPARENT
RRULE:FREQ=YEARLY;INTERVAL=1;BYMONTHDAY=28;BYMONTH=4
DTSTART;VALUE=DATE:20080428
DTEND;VALUE=DATE:20080429
DTSTAMP:20210421T143656
CATEGORIES:State Ratification
LOCATION:Annapolis\, Maryland
GEO:38.9784453;-76.4921829
X-ALT-DESC;FMTTYPE=text/html:<!DOCTYPE HTML PUBLIC "-//W3C//DTD HTML 3.2//E
 N">\n<html>\n<head>\n<meta name="Generator" content="Zap Calendar (http://
 zapcalendar.com)"/><title></title></head><body>\n<p></p><p>April 28\, 1788
 <br/>\n</p>\n<p></p>\n<p></p>\n<p>Brought to you by <a href='http://americ
 anhistorycalendar.com'>http://AmericanHistoryCalendar.com</a>.<br/>\nLike 
 our Facebook page to see upcoming history events in your feed <a href='htt
 ps://www.facebook.com/AmericanHistoryCalendar/'>https://www.facebook.com/A
 mericanHistoryCalendar/</a>.</p></body></html>
DESCRIPTION:April 28\, 1788\n\n\n\nBrought to you by http://AmericanHistory
 Calendar.com.\nLike our Facebook page to see upcoming history events in yo
 ur feed https://www.facebook.com/AmericanHistoryCalendar/.
URL:https://americanhistorycalendar.com/eventscalendar/2\,2253-maryland-the
 -seventh-state
END:VEVENT
BEGIN:VEVENT
SUMMARY:Louisiana\, the eighteenth state
UID:2008-05-02-04-00-02-63-@americanhistorycalendar.com
SEQUENCE:0
STATUS:CONFIRMED
TRANSP:TRANSPARENT
RRULE:FREQ=YEARLY;INTERVAL=1;BYMONTHDAY=30;BYMONTH=4
DTSTART;VALUE=DATE:20080430
DTEND;VALUE=DATE:20080501
DTSTAMP:20210421T143656
CATEGORIES:State Ratification
LOCATION:Baton Rouge\, Louisiana
GEO:30.4582829;-91.1403196
X-ALT-DESC;FMTTYPE=text/html:<!DOCTYPE HTML PUBLIC "-//W3C//DTD HTML 3.2//E
 N">\n<html>\n<head>\n<meta name="Generator" content="Zap Calendar (http://
 zapcalendar.com)"/><title></title></head><body>\n<p></p><p>April 30\, 1812
 <br/>\n</p>\n<p></p>\n<p></p>\n<p>Brought to you by <a href='http://americ
 anhistorycalendar.com'>http://AmericanHistoryCalendar.com</a>.<br/>\nLike 
 our Facebook page to see upcoming history events in your feed <a href='htt
 ps://www.facebook.com/AmericanHistoryCalendar/'>https://www.facebook.com/A
 mericanHistoryCalendar/</a>.</p></body></html>
DESCRIPTION:April 30\, 1812\n\n\n\nBrought to you by http://AmericanHistory
 Calendar.com.\nLike our Facebook page to see upcoming history events in yo
 ur feed https://www.facebook.com/AmericanHistoryCalendar/.
URL:https://americanhistorycalendar.com/eventscalendar/2\,2263-louisiana-th
 e-eighteenth-state
END:VEVENT
BEGIN:VEVENT
SUMMARY:Battle of Chancellorsville
UID:2008-05-08-10-50-46-63-@americanhistorycalendar.com
SEQUENCE:0
STATUS:CONFIRMED
TRANSP:TRANSPARENT
RRULE:FREQ=YEARLY;INTERVAL=1;BYMONTHDAY=1;BYMONTH=5
DTSTART;VALUE=DATE:20080501
DTEND;VALUE=DATE:20080502
DTSTAMP:20210421T143656
CATEGORIES:Civil War Events
LOCATION:Chancellorsville\, Virginia
GEO:38.308333;-77.634444
X-ALT-DESC;FMTTYPE=text/html:<!DOCTYPE HTML PUBLIC "-//W3C//DTD HTML 3.2//E
 N">\n<html>\n<head>\n<meta name="Generator" content="Zap Calendar (http://
 zapcalendar.com)"/><title></title></head><body>\n<p></p><p>May 1 to 4\, 18
 63<br/>\n</p>\n<p></p>\n<p></p>\n<p>Brought to you by <a href='http://amer
 icanhistorycalendar.com'>http://AmericanHistoryCalendar.com</a>.<br/>\nLik
 e our Facebook page to see upcoming history events in your feed <a href='h
 ttps://www.facebook.com/AmericanHistoryCalendar/'>https://www.facebook.com
 /AmericanHistoryCalendar/</a>.</p></body></html>
DESCRIPTION:May 1 to 4\, 1863\n\n\n\nBrought to you by http://AmericanHisto
 ryCalendar.com.\nLike our Facebook page to see upcoming history events in 
 your feed https://www.facebook.com/AmericanHistoryCalendar/.
URL:https://americanhistorycalendar.com/eventscalendar/2\,2273-battle-of-ch
 ancellorsville
END:VEVENT
BEGIN:VEVENT
SUMMARY:Vermont\, the fourteenth state
UID:2008-05-02-03-53-20-63-@americanhistorycalendar.com
SEQUENCE:0
STATUS:CONFIRMED
TRANSP:TRANSPARENT
RRULE:FREQ=YEARLY;INTERVAL=1;BYMONTHDAY=4;BYMONTH=5
DTSTART;VALUE=DATE:20080504
DTEND;VALUE=DATE:20080505
DTSTAMP:20210421T143656
CATEGORIES:State Ratification
LOCATION:Montpelier\, Vermont
GEO:44.2600593;-72.5753869
X-ALT-DESC;FMTTYPE=text/html:<!DOCTYPE HTML PUBLIC "-//W3C//DTD HTML 3.2//E
 N">\n<html>\n<head>\n<meta name="Generator" content="Zap Calendar (http://
 zapcalendar.com)"/><title></title></head><body>\n<p></p><p>May 4\, 1791<br
 />\n</p>\n<p></p>\n<p></p>\n<p>Brought to you by <a href='http://americanh
 istorycalendar.com'>http://AmericanHistoryCalendar.com</a>.<br/>\nLike our
  Facebook page to see upcoming history events in your feed <a href='https:
 //www.facebook.com/AmericanHistoryCalendar/'>https://www.facebook.com/Amer
 icanHistoryCalendar/</a>.</p></body></html>
DESCRIPTION:May 4\, 1791\n\n\n\nBrought to you by http://AmericanHistoryCal
 endar.com.\nLike our Facebook page to see upcoming history events in your 
 feed https://www.facebook.com/AmericanHistoryCalendar/.
URL:https://americanhistorycalendar.com/eventscalendar/2\,2283-vermont-the-
 fourteenth-state
END:VEVENT
BEGIN:VEVENT
SUMMARY:Arkansas secedes from the Union
UID:2008-05-08-02-20-51-63-@americanhistorycalendar.com
SEQUENCE:0
STATUS:CONFIRMED
TRANSP:TRANSPARENT
RRULE:FREQ=YEARLY;INTERVAL=1;BYMONTHDAY=6;BYMONTH=5
DTSTART;VALUE=DATE:20080506
DTEND;VALUE=DATE:20080507
DTSTAMP:20210421T143656
CATEGORIES:Civil War Events
LOCATION:Arkansas
GEO:35.20105;-91.8318334
X-ALT-DESC;FMTTYPE=text/html:<!DOCTYPE HTML PUBLIC "-//W3C//DTD HTML 3.2//E
 N">\n<html>\n<head>\n<meta name="Generator" content="Zap Calendar (http://
 zapcalendar.com)"/><title></title></head><body>\n<p></p><p>On May 6\, 1861
 \, Arkansas is the ninth of eleven states to secede from the Union.<br/>\n
 </p>\n<p></p>\n<p></p>\n<p>Brought to you by <a href='http://americanhisto
 rycalendar.com'>http://AmericanHistoryCalendar.com</a>.<br/>\nLike our Fac
 ebook page to see upcoming history events in your feed <a href='https://ww
 w.facebook.com/AmericanHistoryCalendar/'>https://www.facebook.com/American
 HistoryCalendar/</a>.</p></body></html>
DESCRIPTION:On May 6\, 1861\, Arkansas is the ninth of eleven states to sec
 ede from the Union.\n\n\n\nBrought to you by http://AmericanHistoryCalenda
 r.com.\nLike our Facebook page to see upcoming history events in your feed
  https://www.facebook.com/AmericanHistoryCalendar/.
URL:https://americanhistorycalendar.com/eventscalendar/2\,2293-arkansas-sec
 edes-from-the-union
END:VEVENT
BEGIN:VEVENT
SUMMARY:Germany surrenders\, ending the war in Europe
UID:2008-05-25-06-36-44-63-@americanhistorycalendar.com
SEQUENCE:0
STATUS:CONFIRMED
TRANSP:TRANSPARENT
RRULE:FREQ=YEARLY;INTERVAL=1;BYMONTHDAY=7;BYMONTH=5
DTSTART;VALUE=DATE:20080507
DTEND;VALUE=DATE:20080508
DTSTAMP:20210421T143656
CATEGORIES:World War II Events
LOCATION:Reims\, France
GEO:49.258329;4.031696
X-ALT-DESC;FMTTYPE=text/html:<!DOCTYPE HTML PUBLIC "-//W3C//DTD HTML 3.2//E
 N">\n<html>\n<head>\n<meta name="Generator" content="Zap Calendar (http://
 zapcalendar.com)"/><title></title></head><body>\n<p></p><p>May 7\, 1945<br
 />\n</p>\n<p></p>\n<p></p>\n<p>Brought to you by <a href='http://americanh
 istorycalendar.com'>http://AmericanHistoryCalendar.com</a>.<br/>\nLike our
  Facebook page to see upcoming history events in your feed <a href='https:
 //www.facebook.com/AmericanHistoryCalendar/'>https://www.facebook.com/Amer
 icanHistoryCalendar/</a>.</p></body></html>
DESCRIPTION:May 7\, 1945\n\n\n\nBrought to you by http://AmericanHistoryCal
 endar.com.\nLike our Facebook page to see upcoming history events in your 
 feed https://www.facebook.com/AmericanHistoryCalendar/.
URL:https://americanhistorycalendar.com/eventscalendar/2\,2303-germany-surr
 enders-ending-the-war-in-europe
END:VEVENT
BEGIN:VEVENT
SUMMARY:Jefferson Davis is captured
UID:2008-05-15-19-16-15-63-@americanhistorycalendar.com
SEQUENCE:0
STATUS:CONFIRMED
TRANSP:TRANSPARENT
RRULE:FREQ=YEARLY;INTERVAL=1;BYMONTHDAY=10;BYMONTH=5
DTSTART;VALUE=DATE:20080510
DTEND;VALUE=DATE:20080511
DTSTAMP:20210421T143656
CATEGORIES:Civil War Events
LOCATION:Irwinville\, Georgia
GEO:31.6482408;-83.3826591
X-ALT-DESC;FMTTYPE=text/html:<!DOCTYPE HTML PUBLIC "-//W3C//DTD HTML 3.2//E
 N">\n<html>\n<head>\n<meta name="Generator" content="Zap Calendar (http://
 zapcalendar.com)"/><title></title></head><body>\n<p></p><p>Jefferson Davis
 \, the president of the Confederacy\, was captured when the Union Army cau
 ght up to him on May 10\, 1865\, in Irwinville\, Georgia. He would spend 2
  years in prison before being released without going to trial.</p>\n<p></p
 >\n<p></p>\n<p>Brought to you by <a href='http://americanhistorycalendar.c
 om'>http://AmericanHistoryCalendar.com</a>.<br/>\nLike our Facebook page t
 o see upcoming history events in your feed <a href='https://www.facebook.c
 om/AmericanHistoryCalendar/'>https://www.facebook.com/AmericanHistoryCalen
 dar/</a>.</p></body></html>
DESCRIPTION:Jefferson Davis\, the president of the Confederacy\, was captur
 ed when the Union Army caught up to him on May 10\, 1865\, in Irwinville\,
  Georgia. He would spend 2 years in prison before being released without g
 oing to trial.\n\n\nBrought to you by http://AmericanHistoryCalendar.com.
 \nLike our Facebook page to see upcoming history events in your feed https
 ://www.facebook.com/AmericanHistoryCalendar/.
URL:https://americanhistorycalendar.com/eventscalendar/2\,2313-jefferson-da
 vis-is-captured
END:VEVENT
BEGIN:VEVENT
SUMMARY:Minnesota\, the thirty-second state
UID:2008-05-02-04-33-38-63-@americanhistorycalendar.com
SEQUENCE:0
STATUS:CONFIRMED
TRANSP:TRANSPARENT
RRULE:FREQ=YEARLY;INTERVAL=1;BYMONTHDAY=11;BYMONTH=5
DTSTART;VALUE=DATE:20080511
DTEND;VALUE=DATE:20080512
DTSTAMP:20210421T143656
CATEGORIES:State Ratification
LOCATION:St. Paul\, Minnesota
GEO:44.9537029;-93.0899578
X-ALT-DESC;FMTTYPE=text/html:<!DOCTYPE HTML PUBLIC "-//W3C//DTD HTML 3.2//E
 N">\n<html>\n<head>\n<meta name="Generator" content="Zap Calendar (http://
 zapcalendar.com)"/><title></title></head><body>\n<p></p><p>May 11\, 1858<b
 r/>\n</p>\n<p></p>\n<p></p>\n<p>Brought to you by <a href='http://american
 historycalendar.com'>http://AmericanHistoryCalendar.com</a>.<br/>\nLike ou
 r Facebook page to see upcoming history events in your feed <a href='https
 ://www.facebook.com/AmericanHistoryCalendar/'>https://www.facebook.com/Ame
 ricanHistoryCalendar/</a>.</p></body></html>
DESCRIPTION:May 11\, 1858\n\n\n\nBrought to you by http://AmericanHistoryCa
 lendar.com.\nLike our Facebook page to see upcoming history events in your
  feed https://www.facebook.com/AmericanHistoryCalendar/.
URL:https://americanhistorycalendar.com/eventscalendar/2\,2323-minnesota-th
 e-thirty-second-state
END:VEVENT
BEGIN:VEVENT
SUMMARY:British capture Charleston\, SC
UID:2008-05-02-02-51-54-63-@americanhistorycalendar.com
SEQUENCE:0
STATUS:CONFIRMED
TRANSP:TRANSPARENT
RRULE:FREQ=YEARLY;INTERVAL=1;BYMONTHDAY=12;BYMONTH=5
DTSTART;VALUE=DATE:20080512
DTEND;VALUE=DATE:20080513
DTSTAMP:20210421T143656
CATEGORIES:Revolution Era
LOCATION:Charleston\, South Carolina
GEO:32.7764749;-79.9310512
X-ALT-DESC;FMTTYPE=text/html:<!DOCTYPE HTML PUBLIC "-//W3C//DTD HTML 3.2//E
 N">\n<html>\n<head>\n<meta name="Generator" content="Zap Calendar (http://
 zapcalendar.com)"/><title></title></head><body>\n<p></p><p>May 12\, 1780<b
 r/>\n</p>\n<p></p>\n<p></p>\n<p>Brought to you by <a href='http://american
 historycalendar.com'>http://AmericanHistoryCalendar.com</a>.<br/>\nLike ou
 r Facebook page to see upcoming history events in your feed <a href='https
 ://www.facebook.com/AmericanHistoryCalendar/'>https://www.facebook.com/Ame
 ricanHistoryCalendar/</a>.</p></body></html>
DESCRIPTION:May 12\, 1780\n\n\n\nBrought to you by http://AmericanHistoryCa
 lendar.com.\nLike our Facebook page to see upcoming history events in your
  feed https://www.facebook.com/AmericanHistoryCalendar/.
URL:https://americanhistorycalendar.com/eventscalendar/2\,2333-british-capt
 ure-charleston-sc
END:VEVENT
BEGIN:VEVENT
SUMMARY:Brown vs. Board of Education
UID:2009-05-01-06-36-32-63-@americanhistorycalendar.com
SEQUENCE:0
STATUS:CONFIRMED
TRANSP:TRANSPARENT
RRULE:FREQ=YEARLY;INTERVAL=1;BYMONTHDAY=17;BYMONTH=5
DTSTART;VALUE=DATE:20080517
DTEND;VALUE=DATE:20080518
DTSTAMP:20210421T143656
CATEGORIES:Civil Rights Events
LOCATION:Washington\, D.C.
GEO:38.9071923;-77.0368707
X-ALT-DESC;FMTTYPE=text/html:<!DOCTYPE HTML PUBLIC "-//W3C//DTD HTML 3.2//E
 N">\n<html>\n<head>\n<meta name="Generator" content="Zap Calendar (http://
 zapcalendar.com)"/><title></title></head><body>\n<p></p><p>May 17\, 1954<b
 r/>\n<br/>\nThe Supreme Court rules the segregation in public schools is u
 nconstitutional\, and orders segregation to be phased out. <br/>\n</p>\n<p
 ></p>\n<p></p>\n<p>Brought to you by <a href='http://americanhistorycalend
 ar.com'>http://AmericanHistoryCalendar.com</a>.<br/>\nLike our Facebook pa
 ge to see upcoming history events in your feed <a href='https://www.facebo
 ok.com/AmericanHistoryCalendar/'>https://www.facebook.com/AmericanHistoryC
 alendar/</a>.</p></body></html>
DESCRIPTION:May 17\, 1954\n\nThe Supreme Court rules the segregation in pub
 lic schools is unconstitutional\, and orders segregation to be phased out.
  \n\n\n\nBrought to you by http://AmericanHistoryCalendar.com.\nLike our F
 acebook page to see upcoming history events in your feed https://www.faceb
 ook.com/AmericanHistoryCalendar/.
URL:https://americanhistorycalendar.com/eventscalendar/2\,2343-brown-vs-boa
 rd-of-education
END:VEVENT
BEGIN:VEVENT
SUMMARY:North Carolina secedes from the Union
UID:2008-05-08-04-37-44-63-@americanhistorycalendar.com
SEQUENCE:0
STATUS:CONFIRMED
TRANSP:TRANSPARENT
RRULE:FREQ=YEARLY;INTERVAL=1;BYMONTHDAY=20;BYMONTH=5
DTSTART;VALUE=DATE:20080520
DTEND;VALUE=DATE:20080521
DTSTAMP:20210421T143656
CATEGORIES:Civil War Events
LOCATION:North Carolina
GEO:35.7595731;-79.0192997
X-ALT-DESC;FMTTYPE=text/html:<!DOCTYPE HTML PUBLIC "-//W3C//DTD HTML 3.2//E
 N">\n<html>\n<head>\n<meta name="Generator" content="Zap Calendar (http://
 zapcalendar.com)"/><title></title></head><body>\n<p></p><p>On May 20\, 186
 1\, North Carolina is the tenth of eleven states to secede from the Union.
 <br/>\n</p>\n<p></p>\n<p></p>\n<p>Brought to you by <a href='http://americ
 anhistorycalendar.com'>http://AmericanHistoryCalendar.com</a>.<br/>\nLike 
 our Facebook page to see upcoming history events in your feed <a href='htt
 ps://www.facebook.com/AmericanHistoryCalendar/'>https://www.facebook.com/A
 mericanHistoryCalendar/</a>.</p></body></html>
DESCRIPTION:On May 20\, 1861\, North Carolina is the tenth of eleven states
  to secede from the Union.\n\n\n\nBrought to you by http://AmericanHistory
 Calendar.com.\nLike our Facebook page to see upcoming history events in yo
 ur feed https://www.facebook.com/AmericanHistoryCalendar/.
URL:https://americanhistorycalendar.com/eventscalendar/2\,2353-north-caroli
 na-secedes-from-the-union
END:VEVENT
BEGIN:VEVENT
SUMMARY:Lindbergh arrives in Paris after first solo nonstop transatlantic f
 light
UID:2008-10-15-00-04-31-63-@americanhistorycalendar.com
SEQUENCE:0
STATUS:CONFIRMED
TRANSP:TRANSPARENT
RRULE:FREQ=YEARLY;INTERVAL=1;BYMONTHDAY=21;BYMONTH=5
DTSTART;VALUE=DATE:20080521
DTEND;VALUE=DATE:20080522
DTSTAMP:20210421T143656
CATEGORIES:Air and Space Events
LOCATION:Paris France
GEO:48.856614;2.3522219
X-ALT-DESC;FMTTYPE=text/html:<!DOCTYPE HTML PUBLIC "-//W3C//DTD HTML 3.2//E
 N">\n<html>\n<head>\n<meta name="Generator" content="Zap Calendar (http://
 zapcalendar.com)"/><title></title></head><body>\n<p></p><p>Lindbergh depar
 ted from Roosevelt Field in New York on May 20\, 1927 in his plane\, "Spir
 it of St. Louis"\, arriving in Paris after a 33 hour flight on May 21\, 19
 27.<br/>\n</p>\n<p></p>\n<p></p>\n<p>Brought to you by <a href='http://ame
 ricanhistorycalendar.com'>http://AmericanHistoryCalendar.com</a>.<br/>\nLi
 ke our Facebook page to see upcoming history events in your feed <a href='
 https://www.facebook.com/AmericanHistoryCalendar/'>https://www.facebook.co
 m/AmericanHistoryCalendar/</a>.</p></body></html>
DESCRIPTION:Lindbergh departed from Roosevelt Field in New York on May 20\,
  1927 in his plane\, "Spirit of St. Louis"\, arriving in Paris after a 33 
 hour flight on May 21\, 1927.\n\n\n\nBrought to you by http://AmericanHist
 oryCalendar.com.\nLike our Facebook page to see upcoming history events in
  your feed https://www.facebook.com/AmericanHistoryCalendar/.
URL:https://americanhistorycalendar.com/eventscalendar/2\,2363-lindbergh-ar
 rives-in-paris-after-first-solo-nonstop-transatlantic-flight
END:VEVENT
BEGIN:VEVENT
SUMMARY:South Carolina\, the eighth state
UID:2008-05-02-03-31-59-63-@americanhistorycalendar.com
SEQUENCE:0
STATUS:CONFIRMED
TRANSP:TRANSPARENT
RRULE:FREQ=YEARLY;INTERVAL=1;BYMONTHDAY=23;BYMONTH=5
DTSTART;VALUE=DATE:20080523
DTEND;VALUE=DATE:20080524
DTSTAMP:20210421T143656
CATEGORIES:State Ratification
LOCATION:Columbia\, South Carolina
GEO:34.0007104;-81.0348144
X-ALT-DESC;FMTTYPE=text/html:<!DOCTYPE HTML PUBLIC "-//W3C//DTD HTML 3.2//E
 N">\n<html>\n<head>\n<meta name="Generator" content="Zap Calendar (http://
 zapcalendar.com)"/><title></title></head><body>\n<p></p><p>May 23\, 1788<b
 r/>\n</p>\n<p></p>\n<p></p>\n<p>Brought to you by <a href='http://american
 historycalendar.com'>http://AmericanHistoryCalendar.com</a>.<br/>\nLike ou
 r Facebook page to see upcoming history events in your feed <a href='https
 ://www.facebook.com/AmericanHistoryCalendar/'>https://www.facebook.com/Ame
 ricanHistoryCalendar/</a>.</p></body></html>
DESCRIPTION:May 23\, 1788\n\n\n\nBrought to you by http://AmericanHistoryCa
 lendar.com.\nLike our Facebook page to see upcoming history events in your
  feed https://www.facebook.com/AmericanHistoryCalendar/.
URL:https://americanhistorycalendar.com/eventscalendar/2\,2373-south-caroli
 na-the-eighth-state
END:VEVENT
BEGIN:VEVENT
SUMMARY:Rhode Island\, the thirteenth state
UID:2008-05-02-03-51-13-63-@americanhistorycalendar.com
SEQUENCE:0
STATUS:CONFIRMED
TRANSP:TRANSPARENT
RRULE:FREQ=YEARLY;INTERVAL=1;BYMONTHDAY=29;BYMONTH=5
DTSTART;VALUE=DATE:20080529
DTEND;VALUE=DATE:20080530
DTSTAMP:20210421T143656
CATEGORIES:State Ratification
LOCATION:Providence\, Rhode Island
GEO:41.8239891;-71.4128343
X-ALT-DESC;FMTTYPE=text/html:<!DOCTYPE HTML PUBLIC "-//W3C//DTD HTML 3.2//E
 N">\n<html>\n<head>\n<meta name="Generator" content="Zap Calendar (http://
 zapcalendar.com)"/><title></title></head><body>\n<p></p><p>May 29\, 1790<b
 r/>\n</p>\n<p></p>\n<p></p>\n<p>Brought to you by <a href='http://american
 historycalendar.com'>http://AmericanHistoryCalendar.com</a>.<br/>\nLike ou
 r Facebook page to see upcoming history events in your feed <a href='https
 ://www.facebook.com/AmericanHistoryCalendar/'>https://www.facebook.com/Ame
 ricanHistoryCalendar/</a>.</p></body></html>
DESCRIPTION:May 29\, 1790\n\n\n\nBrought to you by http://AmericanHistoryCa
 lendar.com.\nLike our Facebook page to see upcoming history events in your
  feed https://www.facebook.com/AmericanHistoryCalendar/.
URL:https://americanhistorycalendar.com/eventscalendar/2\,2383-rhode-island
 -the-thirteenth-state
END:VEVENT
BEGIN:VEVENT
SUMMARY:Wisconsin\, the thirtieth state
UID:2008-05-02-04-24-41-63-@americanhistorycalendar.com
SEQUENCE:0
STATUS:CONFIRMED
TRANSP:TRANSPARENT
RRULE:FREQ=YEARLY;INTERVAL=1;BYMONTHDAY=29;BYMONTH=5
DTSTART;VALUE=DATE:20080529
DTEND;VALUE=DATE:20080530
DTSTAMP:20210421T143656
CATEGORIES:State Ratification
LOCATION:Madison\, Wisconsin
GEO:43.0730517;-89.4012302
X-ALT-DESC;FMTTYPE=text/html:<!DOCTYPE HTML PUBLIC "-//W3C//DTD HTML 3.2//E
 N">\n<html>\n<head>\n<meta name="Generator" content="Zap Calendar (http://
 zapcalendar.com)"/><title></title></head><body>\n<p></p><p>May 29\, 1848<b
 r/>\n</p>\n<p></p>\n<p></p>\n<p>Brought to you by <a href='http://american
 historycalendar.com'>http://AmericanHistoryCalendar.com</a>.<br/>\nLike ou
 r Facebook page to see upcoming history events in your feed <a href='https
 ://www.facebook.com/AmericanHistoryCalendar/'>https://www.facebook.com/Ame
 ricanHistoryCalendar/</a>.</p></body></html>
DESCRIPTION:May 29\, 1848\n\n\n\nBrought to you by http://AmericanHistoryCa
 lendar.com.\nLike our Facebook page to see upcoming history events in your
  feed https://www.facebook.com/AmericanHistoryCalendar/.
URL:https://americanhistorycalendar.com/eventscalendar/2\,2393-wisconsin-th
 e-thirtieth-state
END:VEVENT
BEGIN:VEVENT
SUMMARY:Tennessee\, the sixteenth state
UID:2008-05-02-03-57-29-63-@americanhistorycalendar.com
SEQUENCE:0
STATUS:CONFIRMED
TRANSP:TRANSPARENT
RRULE:FREQ=YEARLY;INTERVAL=1;BYMONTHDAY=1;BYMONTH=6
DTSTART;VALUE=DATE:20080601
DTEND;VALUE=DATE:20080602
DTSTAMP:20210421T143656
CATEGORIES:State Ratification
LOCATION:Nashville\, Tennessee
GEO:36.166667;-86.783333
X-ALT-DESC;FMTTYPE=text/html:<!DOCTYPE HTML PUBLIC "-//W3C//DTD HTML 3.2//E
 N">\n<html>\n<head>\n<meta name="Generator" content="Zap Calendar (http://
 zapcalendar.com)"/><title></title></head><body>\n<p></p><p>June 1\, 1796<b
 r/>\n</p>\n<p></p>\n<p></p>\n<p>Brought to you by <a href='http://american
 historycalendar.com'>http://AmericanHistoryCalendar.com</a>.<br/>\nLike ou
 r Facebook page to see upcoming history events in your feed <a href='https
 ://www.facebook.com/AmericanHistoryCalendar/'>https://www.facebook.com/Ame
 ricanHistoryCalendar/</a>.</p></body></html>
DESCRIPTION:June 1\, 1796\n\n\n\nBrought to you by http://AmericanHistoryCa
 lendar.com.\nLike our Facebook page to see upcoming history events in your
  feed https://www.facebook.com/AmericanHistoryCalendar/.
URL:https://americanhistorycalendar.com/eventscalendar/2\,2413-tennessee-th
 e-sixteenth-state
END:VEVENT
BEGIN:VEVENT
SUMMARY:Kentucky\, the fifteenth state
UID:2008-05-02-03-55-36-63-@americanhistorycalendar.com
SEQUENCE:0
STATUS:CONFIRMED
TRANSP:TRANSPARENT
RRULE:FREQ=YEARLY;INTERVAL=1;BYMONTHDAY=1;BYMONTH=6
DTSTART;VALUE=DATE:20080601
DTEND;VALUE=DATE:20080602
DTSTAMP:20210421T143656
CATEGORIES:State Ratification
LOCATION:Frankfort\, Kentucky
GEO:38.2009055;-84.8732835
X-ALT-DESC;FMTTYPE=text/html:<!DOCTYPE HTML PUBLIC "-//W3C//DTD HTML 3.2//E
 N">\n<html>\n<head>\n<meta name="Generator" content="Zap Calendar (http://
 zapcalendar.com)"/><title></title></head><body>\n<p></p><p>June 1\, 1792<b
 r/>\n</p>\n<p></p>\n<p></p>\n<p>Brought to you by <a href='http://american
 historycalendar.com'>http://AmericanHistoryCalendar.com</a>.<br/>\nLike ou
 r Facebook page to see upcoming history events in your feed <a href='https
 ://www.facebook.com/AmericanHistoryCalendar/'>https://www.facebook.com/Ame
 ricanHistoryCalendar/</a>.</p></body></html>
DESCRIPTION:June 1\, 1792\n\n\n\nBrought to you by http://AmericanHistoryCa
 lendar.com.\nLike our Facebook page to see upcoming history events in your
  feed https://www.facebook.com/AmericanHistoryCalendar/.
URL:https://americanhistorycalendar.com/eventscalendar/2\,2403-kentucky-the
 -fifteenth-state
END:VEVENT
BEGIN:VEVENT
SUMMARY:Invasion of Normandy
UID:2008-05-25-06-23-05-63-@americanhistorycalendar.com
SEQUENCE:0
STATUS:CONFIRMED
TRANSP:TRANSPARENT
RRULE:FREQ=YEARLY;INTERVAL=1;BYMONTHDAY=6;BYMONTH=6
DTSTART;VALUE=DATE:20080606
DTEND;VALUE=DATE:20080607
DTSTAMP:20210421T143656
CATEGORIES:World War II Events
LOCATION:Normandy\, France
GEO:48.8798704;0.17125290000001
X-ALT-DESC;FMTTYPE=text/html:<!DOCTYPE HTML PUBLIC "-//W3C//DTD HTML 3.2//E
 N">\n<html>\n<head>\n<meta name="Generator" content="Zap Calendar (http://
 zapcalendar.com)"/><title></title></head><body>\n<p></p><p>June 6\, 1944<b
 r/>\n</p>\n<p></p>\n<p></p>\n<p>Brought to you by <a href='http://american
 historycalendar.com'>http://AmericanHistoryCalendar.com</a>.<br/>\nLike ou
 r Facebook page to see upcoming history events in your feed <a href='https
 ://www.facebook.com/AmericanHistoryCalendar/'>https://www.facebook.com/Ame
 ricanHistoryCalendar/</a>.</p></body></html>
DESCRIPTION:June 6\, 1944\n\n\n\nBrought to you by http://AmericanHistoryCa
 lendar.com.\nLike our Facebook page to see upcoming history events in your
  feed https://www.facebook.com/AmericanHistoryCalendar/.
URL:https://americanhistorycalendar.com/eventscalendar/2\,2423-invasion-of-
 normandy
END:VEVENT
BEGIN:VEVENT
SUMMARY:Tennessee secedes from the Union
UID:2008-05-08-04-38-54-63-@americanhistorycalendar.com
SEQUENCE:0
STATUS:CONFIRMED
TRANSP:TRANSPARENT
RRULE:FREQ=YEARLY;INTERVAL=1;BYMONTHDAY=8;BYMONTH=6
DTSTART;VALUE=DATE:20080608
DTEND;VALUE=DATE:20080609
DTSTAMP:20210421T143656
CATEGORIES:Civil War Events
LOCATION:Tennessee
GEO:35.5174913;-86.5804473
X-ALT-DESC;FMTTYPE=text/html:<!DOCTYPE HTML PUBLIC "-//W3C//DTD HTML 3.2//E
 N">\n<html>\n<head>\n<meta name="Generator" content="Zap Calendar (http://
 zapcalendar.com)"/><title></title></head><body>\n<p></p><p>On June 8\, 186
 1\, Tennessee is the eleventh of eleven states to secede from the Union.<b
 r/>\n</p>\n<p></p>\n<p></p>\n<p>Brought to you by <a href='http://american
 historycalendar.com'>http://AmericanHistoryCalendar.com</a>.<br/>\nLike ou
 r Facebook page to see upcoming history events in your feed <a href='https
 ://www.facebook.com/AmericanHistoryCalendar/'>https://www.facebook.com/Ame
 ricanHistoryCalendar/</a>.</p></body></html>
DESCRIPTION:On June 8\, 1861\, Tennessee is the eleventh of eleven states t
 o secede from the Union.\n\n\n\nBrought to you by http://AmericanHistoryCa
 lendar.com.\nLike our Facebook page to see upcoming history events in your
  feed https://www.facebook.com/AmericanHistoryCalendar/.
URL:https://americanhistorycalendar.com/eventscalendar/2\,2433-tennessee-se
 cedes-from-the-union
END:VEVENT
BEGIN:VEVENT
SUMMARY:End of Segregation at University of Alabama
UID:2009-05-01-06-38-39-63-@americanhistorycalendar.com
SEQUENCE:0
STATUS:CONFIRMED
TRANSP:TRANSPARENT
RRULE:FREQ=YEARLY;INTERVAL=1;BYMONTHDAY=11;BYMONTH=6
DTSTART;VALUE=DATE:20080611
DTEND;VALUE=DATE:20080612
DTSTAMP:20210421T143656
CATEGORIES:Civil Rights Events
LOCATION:Tuscaloosa\, Alabama
GEO:33.2098407;-87.5691735
X-ALT-DESC;FMTTYPE=text/html:<!DOCTYPE HTML PUBLIC "-//W3C//DTD HTML 3.2//E
 N">\n<html>\n<head>\n<meta name="Generator" content="Zap Calendar (http://
 zapcalendar.com)"/><title></title></head><body>\n<p></p><p>June 11\, 1963<
 br/>\n<br/>\nDespite the efforts by Governor George Wallace to stand in th
 e doorway at Fostor Auditorium\, Wallace steps aside to federal marshals a
 nd the Alabama National Guard to allow 2 black students to register at the
  University of Alabama.  This event ends segregation at the school.<br/>\n
 </p>\n<p></p>\n<p></p>\n<p>Brought to you by <a href='http://americanhisto
 rycalendar.com'>http://AmericanHistoryCalendar.com</a>.<br/>\nLike our Fac
 ebook page to see upcoming history events in your feed <a href='https://ww
 w.facebook.com/AmericanHistoryCalendar/'>https://www.facebook.com/American
 HistoryCalendar/</a>.</p></body></html>
DESCRIPTION:June 11\, 1963\n\nDespite the efforts by Governor George Wallac
 e to stand in the doorway at Fostor Auditorium\, Wallace steps aside to fe
 deral marshals and the Alabama National Guard to allow 2 black students to
  register at the University of Alabama.  This event ends segregation at th
 e school.\n\n\n\nBrought to you by http://AmericanHistoryCalendar.com.\nLi
 ke our Facebook page to see upcoming history events in your feed https://w
 ww.facebook.com/AmericanHistoryCalendar/.
URL:https://americanhistorycalendar.com/eventscalendar/2\,2443-end-of-segre
 gation-at-university-of-alabama
END:VEVENT
BEGIN:VEVENT
SUMMARY:National Flag Day
UID:2008-05-02-02-37-50-63-@americanhistorycalendar.com
SEQUENCE:0
STATUS:CONFIRMED
TRANSP:TRANSPARENT
RRULE:FREQ=YEARLY;INTERVAL=1;BYMONTHDAY=14;BYMONTH=6
DTSTART;VALUE=DATE:20080614
DTEND;VALUE=DATE:20080615
DTSTAMP:20210421T143656
CATEGORIES:Revolution Era
X-ALT-DESC;FMTTYPE=text/html:<!DOCTYPE HTML PUBLIC "-//W3C//DTD HTML 3.2//E
 N">\n<html>\n<head>\n<meta name="Generator" content="Zap Calendar (http://
 zapcalendar.com)"/><title></title></head><body>\n<p></p><p>On June 14\, 17
 77\, the Second Continental Congress adopted the U.S. flag.  In 1916\, Pre
 sident Woodrow Wilson officially declared June 14 as National Flag Day.<br
 />\n</p>\n<p></p>\n<p></p>\n<p>Brought to you by <a href='http://americanh
 istorycalendar.com'>http://AmericanHistoryCalendar.com</a>.<br/>\nLike our
  Facebook page to see upcoming history events in your feed <a href='https:
 //www.facebook.com/AmericanHistoryCalendar/'>https://www.facebook.com/Amer
 icanHistoryCalendar/</a>.</p></body></html>
DESCRIPTION:On June 14\, 1777\, the Second Continental Congress adopted the
  U.S. flag.  In 1916\, President Woodrow Wilson officially declared June 1
 4 as National Flag Day.\n\n\n\nBrought to you by http://AmericanHistoryCal
 endar.com.\nLike our Facebook page to see upcoming history events in your 
 feed https://www.facebook.com/AmericanHistoryCalendar/.
URL:https://americanhistorycalendar.com/eventscalendar/2\,2453-national-fla
 g-day
END:VEVENT
BEGIN:VEVENT
SUMMARY:George Washington named Commander in Chief
UID:2008-05-02-02-12-28-63-@americanhistorycalendar.com
SEQUENCE:0
STATUS:CONFIRMED
TRANSP:TRANSPARENT
RRULE:FREQ=YEARLY;INTERVAL=1;BYMONTHDAY=15;BYMONTH=6
DTSTART;VALUE=DATE:20080615
DTEND;VALUE=DATE:20080616
DTSTAMP:20210421T143656
CATEGORIES:Revolution Era
X-ALT-DESC;FMTTYPE=text/html:<!DOCTYPE HTML PUBLIC "-//W3C//DTD HTML 3.2//E
 N">\n<html>\n<head>\n<meta name="Generator" content="Zap Calendar (http://
 zapcalendar.com)"/><title></title></head><body>\n<p></p><p>June 15\, 1775<
 br/>\n</p>\n<p></p>\n<p></p>\n<p>Brought to you by <a href='http://america
 nhistorycalendar.com'>http://AmericanHistoryCalendar.com</a>.<br/>\nLike o
 ur Facebook page to see upcoming history events in your feed <a href='http
 s://www.facebook.com/AmericanHistoryCalendar/'>https://www.facebook.com/Am
 ericanHistoryCalendar/</a>.</p></body></html>
DESCRIPTION:June 15\, 1775\n\n\n\nBrought to you by http://AmericanHistoryC
 alendar.com.\nLike our Facebook page to see upcoming history events in you
 r feed https://www.facebook.com/AmericanHistoryCalendar/.
URL:https://americanhistorycalendar.com/eventscalendar/2\,2463-george-washi
 ngton-named-commander-in-chief
END:VEVENT
BEGIN:VEVENT
SUMMARY:Arkansas\, the twenty-fifth state
UID:2008-05-02-04-14-51-63-@americanhistorycalendar.com
SEQUENCE:0
STATUS:CONFIRMED
TRANSP:TRANSPARENT
RRULE:FREQ=YEARLY;INTERVAL=1;BYMONTHDAY=15;BYMONTH=6
DTSTART;VALUE=DATE:20080615
DTEND;VALUE=DATE:20080616
DTSTAMP:20210421T143656
CATEGORIES:State Ratification
LOCATION:Little Rock\, Arkansas
GEO:34.7464809;-92.2895948
X-ALT-DESC;FMTTYPE=text/html:<!DOCTYPE HTML PUBLIC "-//W3C//DTD HTML 3.2//E
 N">\n<html>\n<head>\n<meta name="Generator" content="Zap Calendar (http://
 zapcalendar.com)"/><title></title></head><body>\n<p></p><p>June 15\, 1836<
 br/>\n</p>\n<p></p>\n<p></p>\n<p>Brought to you by <a href='http://america
 nhistorycalendar.com'>http://AmericanHistoryCalendar.com</a>.<br/>\nLike o
 ur Facebook page to see upcoming history events in your feed <a href='http
 s://www.facebook.com/AmericanHistoryCalendar/'>https://www.facebook.com/Am
 ericanHistoryCalendar/</a>.</p></body></html>
DESCRIPTION:June 15\, 1836\n\n\n\nBrought to you by http://AmericanHistoryC
 alendar.com.\nLike our Facebook page to see upcoming history events in you
 r feed https://www.facebook.com/AmericanHistoryCalendar/.
URL:https://americanhistorycalendar.com/eventscalendar/2\,2473-arkansas-the
 -twenty-fifth-state
END:VEVENT
BEGIN:VEVENT
SUMMARY:The Battle of Bunker Hill
UID:2008-04-30-05-44-05-62-@americanhistorycalendar.com
SEQUENCE:0
STATUS:CONFIRMED
TRANSP:TRANSPARENT
RRULE:FREQ=YEARLY;INTERVAL=1;BYMONTHDAY=17;BYMONTH=6
DTSTART;VALUE=DATE:20080617
DTEND;VALUE=DATE:20080618
DTSTAMP:20210421T143656
CATEGORIES:Revolution Era
LOCATION:Boston\, Massachusetts
GEO:42.3584308;-71.0597732
X-ALT-DESC;FMTTYPE=text/html:<!DOCTYPE HTML PUBLIC "-//W3C//DTD HTML 3.2//E
 N">\n<html>\n<head>\n<meta name="Generator" content="Zap Calendar (http://
 zapcalendar.com)"/><title></title></head><body>\n<p></p><p>June 17\, 1775<
 br/>\n</p>\n<p></p>\n<p></p>\n<p>Brought to you by <a href='http://america
 nhistorycalendar.com'>http://AmericanHistoryCalendar.com</a>.<br/>\nLike o
 ur Facebook page to see upcoming history events in your feed <a href='http
 s://www.facebook.com/AmericanHistoryCalendar/'>https://www.facebook.com/Am
 ericanHistoryCalendar/</a>.</p></body></html>
DESCRIPTION:June 17\, 1775\n\n\n\nBrought to you by http://AmericanHistoryC
 alendar.com.\nLike our Facebook page to see upcoming history events in you
 r feed https://www.facebook.com/AmericanHistoryCalendar/.
URL:https://americanhistorycalendar.com/eventscalendar/2\,2483-the-battle-o
 f-bunker-hill
END:VEVENT
BEGIN:VEVENT
SUMMARY:War of 1812 Begins
UID:2008-05-18-13-34-51-63-@americanhistorycalendar.com
SEQUENCE:0
STATUS:CONFIRMED
TRANSP:TRANSPARENT
RRULE:FREQ=YEARLY;INTERVAL=1;BYMONTHDAY=18;BYMONTH=6
DTSTART;VALUE=DATE:20080618
DTEND;VALUE=DATE:20080619
DTSTAMP:20210421T143656
CATEGORIES:1812 War Events
X-ALT-DESC;FMTTYPE=text/html:<!DOCTYPE HTML PUBLIC "-//W3C//DTD HTML 3.2//E
 N">\n<html>\n<head>\n<meta name="Generator" content="Zap Calendar (http://
 zapcalendar.com)"/><title></title></head><body>\n<p></p><p>On June 18\, 18
 12\, America declared war on Britain.<br/>\n</p>\n<p></p>\n<p></p>\n<p>Bro
 ught to you by <a href='http://americanhistorycalendar.com'>http://America
 nHistoryCalendar.com</a>.<br/>\nLike our Facebook page to see upcoming his
 tory events in your feed <a href='https://www.facebook.com/AmericanHistory
 Calendar/'>https://www.facebook.com/AmericanHistoryCalendar/</a>.</p></bod
 y></html>
DESCRIPTION:On June 18\, 1812\, America declared war on Britain.\n\n\n\nBro
 ught to you by http://AmericanHistoryCalendar.com.\nLike our Facebook page
  to see upcoming history events in your feed https://www.facebook.com/Amer
 icanHistoryCalendar/.
URL:https://americanhistorycalendar.com/eventscalendar/2\,2493-war-of-1812-
 begins
END:VEVENT
BEGIN:VEVENT
SUMMARY:West Virginia\, the thirty-fifth state
UID:2008-05-02-04-38-22-63-@americanhistorycalendar.com
SEQUENCE:0
STATUS:CONFIRMED
TRANSP:TRANSPARENT
RRULE:FREQ=YEARLY;INTERVAL=1;BYMONTHDAY=20;BYMONTH=6
DTSTART;VALUE=DATE:20080620
DTEND;VALUE=DATE:20080621
DTSTAMP:20210421T143656
CATEGORIES:State Ratification
LOCATION:Charleston\, West Virginia
GEO:38.3498195;-81.6326234
X-ALT-DESC;FMTTYPE=text/html:<!DOCTYPE HTML PUBLIC "-//W3C//DTD HTML 3.2//E
 N">\n<html>\n<head>\n<meta name="Generator" content="Zap Calendar (http://
 zapcalendar.com)"/><title></title></head><body>\n<p></p><p>June 20\, 1863<
 br/>\n</p>\n<p></p>\n<p></p>\n<p>Brought to you by <a href='http://america
 nhistorycalendar.com'>http://AmericanHistoryCalendar.com</a>.<br/>\nLike o
 ur Facebook page to see upcoming history events in your feed <a href='http
 s://www.facebook.com/AmericanHistoryCalendar/'>https://www.facebook.com/Am
 ericanHistoryCalendar/</a>.</p></body></html>
DESCRIPTION:June 20\, 1863\n\n\n\nBrought to you by http://AmericanHistoryC
 alendar.com.\nLike our Facebook page to see upcoming history events in you
 r feed https://www.facebook.com/AmericanHistoryCalendar/.
URL:https://americanhistorycalendar.com/eventscalendar/2\,2503-west-virgini
 a-the-thirty-fifth-state
END:VEVENT
BEGIN:VEVENT
SUMMARY:New Hampshire\, the ninth state
UID:2008-05-02-03-33-35-63-@americanhistorycalendar.com
SEQUENCE:0
STATUS:CONFIRMED
TRANSP:TRANSPARENT
RRULE:FREQ=YEARLY;INTERVAL=1;BYMONTHDAY=21;BYMONTH=6
DTSTART;VALUE=DATE:20080621
DTEND;VALUE=DATE:20080622
DTSTAMP:20210421T143656
CATEGORIES:State Ratification
LOCATION:Concord\, New Hampshire
GEO:43.2081366;-71.5375718
X-ALT-DESC;FMTTYPE=text/html:<!DOCTYPE HTML PUBLIC "-//W3C//DTD HTML 3.2//E
 N">\n<html>\n<head>\n<meta name="Generator" content="Zap Calendar (http://
 zapcalendar.com)"/><title></title></head><body>\n<p></p><p>June 21\, 1788<
 br/>\n</p>\n<p></p>\n<p></p>\n<p>Brought to you by <a href='http://america
 nhistorycalendar.com'>http://AmericanHistoryCalendar.com</a>.<br/>\nLike o
 ur Facebook page to see upcoming history events in your feed <a href='http
 s://www.facebook.com/AmericanHistoryCalendar/'>https://www.facebook.com/Am
 ericanHistoryCalendar/</a>.</p></body></html>
DESCRIPTION:June 21\, 1788\n\n\n\nBrought to you by http://AmericanHistoryC
 alendar.com.\nLike our Facebook page to see upcoming history events in you
 r feed https://www.facebook.com/AmericanHistoryCalendar/.
URL:https://americanhistorycalendar.com/eventscalendar/2\,2513-new-hampshir
 e-the-ninth-state
END:VEVENT
BEGIN:VEVENT
SUMMARY:Battle of Okinawa Ends
UID:2008-09-22-16-10-30-63-@americanhistorycalendar.com
SEQUENCE:0
STATUS:CONFIRMED
TRANSP:TRANSPARENT
RRULE:FREQ=YEARLY;INTERVAL=1;BYMONTHDAY=21;BYMONTH=6
DTSTART;VALUE=DATE:20080621
DTEND;VALUE=DATE:20080622
DTSTAMP:20210421T143656
CATEGORIES:World War II Events
LOCATION:Ryukyu Islands\, Okinawa
GEO:26.501301;127.945404
X-ALT-DESC;FMTTYPE=text/html:<!DOCTYPE HTML PUBLIC "-//W3C//DTD HTML 3.2//E
 N">\n<html>\n<head>\n<meta name="Generator" content="Zap Calendar (http://
 zapcalendar.com)"/><title></title></head><body>\n<p></p>\n<p></p>\n<p></p>
 \n<p>Brought to you by <a href='http://americanhistorycalendar.com'>http:/
 /AmericanHistoryCalendar.com</a>.<br/>\nLike our Facebook page to see upco
 ming history events in your feed <a href='https://www.facebook.com/America
 nHistoryCalendar/'>https://www.facebook.com/AmericanHistoryCalendar/</a>.<
 /p></body></html>
DESCRIPTION:\n\nBrought to you by http://AmericanHistoryCalendar.com.\nLike
  our Facebook page to see upcoming history events in your feed https://www
 .facebook.com/AmericanHistoryCalendar/.
URL:https://americanhistorycalendar.com/eventscalendar/2\,2523-battle-of-ok
 inawa-ends
END:VEVENT
BEGIN:VEVENT
SUMMARY:Three civil-rights workers are killed in Mississippi
UID:2008-10-15-00-36-07-63-@americanhistorycalendar.com
SEQUENCE:0
STATUS:CONFIRMED
TRANSP:TRANSPARENT
RRULE:FREQ=YEARLY;INTERVAL=1;BYMONTHDAY=21;BYMONTH=6
DTSTART;VALUE=DATE:20080621
DTEND;VALUE=DATE:20080622
DTSTAMP:20210421T143656
CATEGORIES:Civil Rights Events
LOCATION:Nashoba County\, Mississippi
GEO:32.8057157;-89.1705998
X-ALT-DESC;FMTTYPE=text/html:<!DOCTYPE HTML PUBLIC "-//W3C//DTD HTML 3.2//E
 N">\n<html>\n<head>\n<meta name="Generator" content="Zap Calendar (http://
 zapcalendar.com)"/><title></title></head><body>\n<p></p><p>June 21\, 1964 
  Three civil-rights workers\, Michael Schwerner\, James Chaney and Andrew 
 Goodman\, were working to register black voters in Mississippi\, and had g
 one to investigate the burning of a black church. They were arrested by th
 e police on speeding charges\, incarcerated\, then released into the hands
  of the Ku Klux Klan\, who then murdered them.  The ringleader of the crim
 e was convicted on June 21\, 2005\, exactly 41 years after the crime.  The
  1988 movie\, "Mississippi Burning"\, was loosely based on the murders.<br
 />\n</p>\n<p></p>\n<p></p>\n<p>Brought to you by <a href='http://americanh
 istorycalendar.com'>http://AmericanHistoryCalendar.com</a>.<br/>\nLike our
  Facebook page to see upcoming history events in your feed <a href='https:
 //www.facebook.com/AmericanHistoryCalendar/'>https://www.facebook.com/Amer
 icanHistoryCalendar/</a>.</p></body></html>
DESCRIPTION:June 21\, 1964  Three civil-rights workers\, Michael Schwerner
 \, James Chaney and Andrew Goodman\, were working to register black voters
  in Mississippi\, and had gone to investigate the burning of a black churc
 h. They were arrested by the police on speeding charges\, incarcerated\, t
 hen released into the hands of the Ku Klux Klan\, who then murdered them. 
  The ringleader of the crime was convicted on June 21\, 2005\, exactly 41 
 years after the crime.  The 1988 movie\, "Mississippi Burning"\, was loose
 ly based on the murders.\n\n\n\nBrought to you by http://AmericanHistoryCa
 lendar.com.\nLike our Facebook page to see upcoming history events in your
  feed https://www.facebook.com/AmericanHistoryCalendar/.
URL:https://americanhistorycalendar.com/eventscalendar/2\,2533-three-civil-
 rights-workers-are-killed-in-mississippi
END:VEVENT
BEGIN:VEVENT
SUMMARY:Virginia\, the tenth state
UID:2008-05-02-03-44-37-63-@americanhistorycalendar.com
SEQUENCE:0
STATUS:CONFIRMED
TRANSP:TRANSPARENT
RRULE:FREQ=YEARLY;INTERVAL=1;BYMONTHDAY=25;BYMONTH=6
DTSTART;VALUE=DATE:20080625
DTEND;VALUE=DATE:20080626
DTSTAMP:20210421T143656
CATEGORIES:State Ratification
LOCATION:Richmond\, Virginia
GEO:37.5407246;-77.4360481
X-ALT-DESC;FMTTYPE=text/html:<!DOCTYPE HTML PUBLIC "-//W3C//DTD HTML 3.2//E
 N">\n<html>\n<head>\n<meta name="Generator" content="Zap Calendar (http://
 zapcalendar.com)"/><title></title></head><body>\n<p></p><p>June 25\, 1788<
 br/>\n</p>\n<p></p>\n<p></p>\n<p>Brought to you by <a href='http://america
 nhistorycalendar.com'>http://AmericanHistoryCalendar.com</a>.<br/>\nLike o
 ur Facebook page to see upcoming history events in your feed <a href='http
 s://www.facebook.com/AmericanHistoryCalendar/'>https://www.facebook.com/Am
 ericanHistoryCalendar/</a>.</p></body></html>
DESCRIPTION:June 25\, 1788\n\n\n\nBrought to you by http://AmericanHistoryC
 alendar.com.\nLike our Facebook page to see upcoming history events in you
 r feed https://www.facebook.com/AmericanHistoryCalendar/.
URL:https://americanhistorycalendar.com/eventscalendar/2\,2543-virginia-the
 -tenth-state
END:VEVENT
BEGIN:VEVENT
SUMMARY:Battle of Gettysburg
UID:2008-05-08-05-04-57-63-@americanhistorycalendar.com
SEQUENCE:0
STATUS:CONFIRMED
TRANSP:TRANSPARENT
RRULE:FREQ=YEARLY;INTERVAL=1;BYMONTHDAY=1;BYMONTH=7
DTSTART;VALUE=DATE:20080701
DTEND;VALUE=DATE:20080702
DTSTAMP:20210421T143656
CATEGORIES:Civil War Events
LOCATION:Gettysburg\, Pennsylvania
GEO:39.8309293;-77.2310955
X-ALT-DESC;FMTTYPE=text/html:<!DOCTYPE HTML PUBLIC "-//W3C//DTD HTML 3.2//E
 N">\n<html>\n<head>\n<meta name="Generator" content="Zap Calendar (http://
 zapcalendar.com)"/><title></title></head><body>\n<p></p><p>July 1 to July 
 3\, 1863\, one of the bloodiest battles in the Civil War.<br/>\n</p>\n<p><
 /p>\n<p></p>\n<p>Brought to you by <a href='http://americanhistorycalendar
 .com'>http://AmericanHistoryCalendar.com</a>.<br/>\nLike our Facebook page
  to see upcoming history events in your feed <a href='https://www.facebook
 .com/AmericanHistoryCalendar/'>https://www.facebook.com/AmericanHistoryCal
 endar/</a>.</p></body></html>
DESCRIPTION:July 1 to July 3\, 1863\, one of the bloodiest battles in the C
 ivil War.\n\n\n\nBrought to you by http://AmericanHistoryCalendar.com.\nLi
 ke our Facebook page to see upcoming history events in your feed https://w
 ww.facebook.com/AmericanHistoryCalendar/.
URL:https://americanhistorycalendar.com/eventscalendar/2\,2553-battle-of-ge
 ttysburg
END:VEVENT
BEGIN:VEVENT
SUMMARY:Amelia Earhart and plane missing over central Pacific Ocean near Ho
 wland Island
UID:2009-02-15-19-42-17-63-@americanhistorycalendar.com
SEQUENCE:0
STATUS:CONFIRMED
TRANSP:TRANSPARENT
RRULE:FREQ=YEARLY;INTERVAL=1;BYMONTHDAY=2;BYMONTH=7
DTSTART;VALUE=DATE:20080702
DTEND;VALUE=DATE:20080703
DTSTAMP:20210421T143656
CATEGORIES:Air and Space Events
LOCATION:Howland Island
GEO:0.8065705;-176.6182736
X-ALT-DESC;FMTTYPE=text/html:<!DOCTYPE HTML PUBLIC "-//W3C//DTD HTML 3.2//E
 N">\n<html>\n<head>\n<meta name="Generator" content="Zap Calendar (http://
 zapcalendar.com)"/><title></title></head><body>\n<p></p><p>Missing July 2
 \, 1937\, declared dead on January 5\, 1939<br/>\n</p>\n<p></p>\n<p></p>\n
 <p>Brought to you by <a href='http://americanhistorycalendar.com'>http://A
 mericanHistoryCalendar.com</a>.<br/>\nLike our Facebook page to see upcomi
 ng history events in your feed <a href='https://www.facebook.com/AmericanH
 istoryCalendar/'>https://www.facebook.com/AmericanHistoryCalendar/</a>.</p
 ></body></html>
DESCRIPTION:Missing July 2\, 1937\, declared dead on January 5\, 1939\n\n\n
 \nBrought to you by http://AmericanHistoryCalendar.com.\nLike our Facebook
  page to see upcoming history events in your feed https://www.facebook.com
 /AmericanHistoryCalendar/.
URL:https://americanhistorycalendar.com/eventscalendar/2\,2583-amelia-earha
 rt-and-plane-missing-over-central-pacific-ocean-near-howland-island
END:VEVENT
BEGIN:VEVENT
SUMMARY:James Garfield shot
UID:2009-01-20-00-26-03-63-@americanhistorycalendar.com
SEQUENCE:0
STATUS:CONFIRMED
TRANSP:TRANSPARENT
RRULE:FREQ=YEARLY;INTERVAL=1;BYMONTHDAY=2;BYMONTH=7
DTSTART;VALUE=DATE:20080702
DTEND;VALUE=DATE:20080703
DTSTAMP:20210421T143656
CATEGORIES:Presidential Events
X-ALT-DESC;FMTTYPE=text/html:<!DOCTYPE HTML PUBLIC "-//W3C//DTD HTML 3.2//E
 N">\n<html>\n<head>\n<meta name="Generator" content="Zap Calendar (http://
 zapcalendar.com)"/><title></title></head><body>\n<p></p><p>President James
  Garfield was shot on July 2\, 1881\, just 4 months after taking office.  
 He died on September 19\, 1881<br/>\n</p>\n<p></p>\n<p></p>\n<p>Brought to
  you by <a href='http://americanhistorycalendar.com'>http://AmericanHistor
 yCalendar.com</a>.<br/>\nLike our Facebook page to see upcoming history ev
 ents in your feed <a href='https://www.facebook.com/AmericanHistoryCalenda
 r/'>https://www.facebook.com/AmericanHistoryCalendar/</a>.</p></body></htm
 l>
DESCRIPTION:President James Garfield was shot on July 2\, 1881\, just 4 mon
 ths after taking office.  He died on September 19\, 1881\n\n\n\nBrought to
  you by http://AmericanHistoryCalendar.com.\nLike our Facebook page to see
  upcoming history events in your feed https://www.facebook.com/AmericanHis
 toryCalendar/.
URL:https://americanhistorycalendar.com/eventscalendar/2\,2563-james-garfie
 ld-shot
END:VEVENT
BEGIN:VEVENT
SUMMARY:President Johnson signs the Civil Rights Act
UID:2008-10-15-00-25-11-63-@americanhistorycalendar.com
SEQUENCE:0
STATUS:CONFIRMED
TRANSP:TRANSPARENT
RRULE:FREQ=YEARLY;INTERVAL=1;BYMONTHDAY=2;BYMONTH=7
DTSTART;VALUE=DATE:20080702
DTEND;VALUE=DATE:20080703
DTSTAMP:20210421T143656
CATEGORIES:Civil Rights Events
X-ALT-DESC;FMTTYPE=text/html:<!DOCTYPE HTML PUBLIC "-//W3C//DTD HTML 3.2//E
 N">\n<html>\n<head>\n<meta name="Generator" content="Zap Calendar (http://
 zapcalendar.com)"/><title></title></head><body>\n<p></p><p>Signed by Presi
 dent Johnson on July 2\, 1964\, the Civil Rights Act prohibits discriminat
 ion of all kinds based on race\, color\, religion\, or national origin.<br
 />\n</p>\n<p></p>\n<p></p>\n<p>Brought to you by <a href='http://americanh
 istorycalendar.com'>http://AmericanHistoryCalendar.com</a>.<br/>\nLike our
  Facebook page to see upcoming history events in your feed <a href='https:
 //www.facebook.com/AmericanHistoryCalendar/'>https://www.facebook.com/Amer
 icanHistoryCalendar/</a>.</p></body></html>
DESCRIPTION:Signed by President Johnson on July 2\, 1964\, the Civil Rights
  Act prohibits discrimination of all kinds based on race\, color\, religio
 n\, or national origin.\n\n\n\nBrought to you by http://AmericanHistoryCal
 endar.com.\nLike our Facebook page to see upcoming history events in your 
 feed https://www.facebook.com/AmericanHistoryCalendar/.
URL:https://americanhistorycalendar.com/eventscalendar/2\,2573-president-jo
 hnson-signs-the-civil-rights-act
END:VEVENT
BEGIN:VEVENT
SUMMARY:Idaho\, the forty-third state
UID:2008-05-02-05-03-29-63-@americanhistorycalendar.com
SEQUENCE:0
STATUS:CONFIRMED
TRANSP:TRANSPARENT
RRULE:FREQ=YEARLY;INTERVAL=1;BYMONTHDAY=3;BYMONTH=7
DTSTART;VALUE=DATE:20080703
DTEND;VALUE=DATE:20080704
DTSTAMP:20210421T143656
CATEGORIES:State Ratification
LOCATION:Boise\, Idaho
GEO:43.6187102;-116.2146068
X-ALT-DESC;FMTTYPE=text/html:<!DOCTYPE HTML PUBLIC "-//W3C//DTD HTML 3.2//E
 N">\n<html>\n<head>\n<meta name="Generator" content="Zap Calendar (http://
 zapcalendar.com)"/><title></title></head><body>\n<p></p><p>July 3\, 1890<b
 r/>\n</p>\n<p></p>\n<p></p>\n<p>Brought to you by <a href='http://american
 historycalendar.com'>http://AmericanHistoryCalendar.com</a>.<br/>\nLike ou
 r Facebook page to see upcoming history events in your feed <a href='https
 ://www.facebook.com/AmericanHistoryCalendar/'>https://www.facebook.com/Ame
 ricanHistoryCalendar/</a>.</p></body></html>
DESCRIPTION:July 3\, 1890\n\n\n\nBrought to you by http://AmericanHistoryCa
 lendar.com.\nLike our Facebook page to see upcoming history events in your
  feed https://www.facebook.com/AmericanHistoryCalendar/.
URL:https://americanhistorycalendar.com/eventscalendar/2\,2593-idaho-the-fo
 rty-third-state
END:VEVENT
BEGIN:VEVENT
SUMMARY:Declaration of Independence adopted
UID:2008-04-29-15-19-53-62-@americanhistorycalendar.com
SEQUENCE:0
STATUS:CONFIRMED
TRANSP:TRANSPARENT
RRULE:FREQ=YEARLY;INTERVAL=1;BYMONTHDAY=4;BYMONTH=7
DTSTART;VALUE=DATE:20080704
DTEND;VALUE=DATE:20080705
DTSTAMP:20210421T143656
CATEGORIES:Revolution Era
LOCATION:Philadelphia\, Pennsylvania
GEO:39.952335;-75.163789
X-ALT-DESC;FMTTYPE=text/html:<!DOCTYPE HTML PUBLIC "-//W3C//DTD HTML 3.2//E
 N">\n<html>\n<head>\n<meta name="Generator" content="Zap Calendar (http://
 zapcalendar.com)"/><title></title></head><body>\n<p></p><p>The Declaration
  of Independence was adopted on July 4\, 1776.<br/>\n</p>\n<p></p>\n<p></p
 >\n<p>Brought to you by <a href='http://americanhistorycalendar.com'>http:
 //AmericanHistoryCalendar.com</a>.<br/>\nLike our Facebook page to see upc
 oming history events in your feed <a href='https://www.facebook.com/Americ
 anHistoryCalendar/'>https://www.facebook.com/AmericanHistoryCalendar/</a>.
 </p></body></html>
DESCRIPTION:The Declaration of Independence was adopted on July 4\, 1776.\n
 \n\n\nBrought to you by http://AmericanHistoryCalendar.com.\nLike our Face
 book page to see upcoming history events in your feed https://www.facebook
 .com/AmericanHistoryCalendar/.
URL:https://americanhistorycalendar.com/eventscalendar/2\,2603-declaration-
 of-independence-adopted
END:VEVENT
BEGIN:VEVENT
SUMMARY:British burn Fairfield\, Connecticut
UID:2008-05-02-02-46-19-63-@americanhistorycalendar.com
SEQUENCE:0
STATUS:CONFIRMED
TRANSP:TRANSPARENT
RRULE:FREQ=YEARLY;INTERVAL=1;BYMONTHDAY=8;BYMONTH=7
DTSTART;VALUE=DATE:20080708
DTEND;VALUE=DATE:20080709
DTSTAMP:20210421T143656
CATEGORIES:Revolution Era
LOCATION:Fairfield\, Connecticut
GEO:41.1408363;-73.2612615
X-ALT-DESC;FMTTYPE=text/html:<!DOCTYPE HTML PUBLIC "-//W3C//DTD HTML 3.2//E
 N">\n<html>\n<head>\n<meta name="Generator" content="Zap Calendar (http://
 zapcalendar.com)"/><title></title></head><body>\n<p></p><p>July 8\, 1779<b
 r/>\n</p>\n<p></p>\n<p></p>\n<p>Brought to you by <a href='http://american
 historycalendar.com'>http://AmericanHistoryCalendar.com</a>.<br/>\nLike ou
 r Facebook page to see upcoming history events in your feed <a href='https
 ://www.facebook.com/AmericanHistoryCalendar/'>https://www.facebook.com/Ame
 ricanHistoryCalendar/</a>.</p></body></html>
DESCRIPTION:July 8\, 1779\n\n\n\nBrought to you by http://AmericanHistoryCa
 lendar.com.\nLike our Facebook page to see upcoming history events in your
  feed https://www.facebook.com/AmericanHistoryCalendar/.
URL:https://americanhistorycalendar.com/eventscalendar/2\,2613-british-burn
 -fairfield-connecticut
END:VEVENT
BEGIN:VEVENT
SUMMARY:Wyoming\, the forty-fourth state
UID:2008-05-02-05-07-38-63-@americanhistorycalendar.com
SEQUENCE:0
STATUS:CONFIRMED
TRANSP:TRANSPARENT
RRULE:FREQ=YEARLY;INTERVAL=1;BYMONTHDAY=10;BYMONTH=7
DTSTART;VALUE=DATE:20080710
DTEND;VALUE=DATE:20080711
DTSTAMP:20210421T143656
CATEGORIES:State Ratification
LOCATION:Cheyenne\, Wyoming
GEO:41.1399814;-104.8202462
X-ALT-DESC;FMTTYPE=text/html:<!DOCTYPE HTML PUBLIC "-//W3C//DTD HTML 3.2//E
 N">\n<html>\n<head>\n<meta name="Generator" content="Zap Calendar (http://
 zapcalendar.com)"/><title></title></head><body>\n<p></p><p>July 10\, 1890<
 br/>\n</p>\n<p></p>\n<p></p>\n<p>Brought to you by <a href='http://america
 nhistorycalendar.com'>http://AmericanHistoryCalendar.com</a>.<br/>\nLike o
 ur Facebook page to see upcoming history events in your feed <a href='http
 s://www.facebook.com/AmericanHistoryCalendar/'>https://www.facebook.com/Am
 ericanHistoryCalendar/</a>.</p></body></html>
DESCRIPTION:July 10\, 1890\n\n\n\nBrought to you by http://AmericanHistoryC
 alendar.com.\nLike our Facebook page to see upcoming history events in you
 r feed https://www.facebook.com/AmericanHistoryCalendar/.
URL:https://americanhistorycalendar.com/eventscalendar/2\,2623-wyoming-the-
 forty-fourth-state
END:VEVENT
BEGIN:VEVENT
SUMMARY:British burn Norwalk\, Connecticut
UID:2008-05-02-02-47-33-63-@americanhistorycalendar.com
SEQUENCE:0
STATUS:CONFIRMED
TRANSP:TRANSPARENT
RRULE:FREQ=YEARLY;INTERVAL=1;BYMONTHDAY=11;BYMONTH=7
DTSTART;VALUE=DATE:20080711
DTEND;VALUE=DATE:20080712
DTSTAMP:20210421T143656
CATEGORIES:Revolution Era
LOCATION:Norwalk\, Connecticut
GEO:41.117744;-73.4081575
X-ALT-DESC;FMTTYPE=text/html:<!DOCTYPE HTML PUBLIC "-//W3C//DTD HTML 3.2//E
 N">\n<html>\n<head>\n<meta name="Generator" content="Zap Calendar (http://
 zapcalendar.com)"/><title></title></head><body>\n<p></p><p>July 11\, 1779<
 br/>\n</p>\n<p></p>\n<p></p>\n<p>Brought to you by <a href='http://america
 nhistorycalendar.com'>http://AmericanHistoryCalendar.com</a>.<br/>\nLike o
 ur Facebook page to see upcoming history events in your feed <a href='http
 s://www.facebook.com/AmericanHistoryCalendar/'>https://www.facebook.com/Am
 ericanHistoryCalendar/</a>.</p></body></html>
DESCRIPTION:July 11\, 1779\n\n\n\nBrought to you by http://AmericanHistoryC
 alendar.com.\nLike our Facebook page to see upcoming history events in you
 r feed https://www.facebook.com/AmericanHistoryCalendar/.
URL:https://americanhistorycalendar.com/eventscalendar/2\,2633-british-burn
 -norwalk-connecticut
END:VEVENT
BEGIN:VEVENT
SUMMARY:British evacuate Savannah\, GA
UID:2008-05-02-02-55-47-63-@americanhistorycalendar.com
SEQUENCE:0
STATUS:CONFIRMED
TRANSP:TRANSPARENT
RRULE:FREQ=YEARLY;INTERVAL=1;BYMONTHDAY=11;BYMONTH=7
DTSTART;VALUE=DATE:20080711
DTEND;VALUE=DATE:20080712
DTSTAMP:20210421T143656
CATEGORIES:Revolution Era
LOCATION:Savannah\, Georgia
GEO:32.0835407;-81.0998342
X-ALT-DESC;FMTTYPE=text/html:<!DOCTYPE HTML PUBLIC "-//W3C//DTD HTML 3.2//E
 N">\n<html>\n<head>\n<meta name="Generator" content="Zap Calendar (http://
 zapcalendar.com)"/><title></title></head><body>\n<p></p><p>July\, 11\, 178
 2<br/>\n</p>\n<p></p>\n<p></p>\n<p>Brought to you by <a href='http://ameri
 canhistorycalendar.com'>http://AmericanHistoryCalendar.com</a>.<br/>\nLike
  our Facebook page to see upcoming history events in your feed <a href='ht
 tps://www.facebook.com/AmericanHistoryCalendar/'>https://www.facebook.com/
 AmericanHistoryCalendar/</a>.</p></body></html>
DESCRIPTION:July\, 11\, 1782\n\n\n\nBrought to you by http://AmericanHistor
 yCalendar.com.\nLike our Facebook page to see upcoming history events in y
 our feed https://www.facebook.com/AmericanHistoryCalendar/.
URL:https://americanhistorycalendar.com/eventscalendar/2\,2643-british-evac
 uate-savannah-ga
END:VEVENT
BEGIN:VEVENT
SUMMARY:Neil Armstrong walks on the moon
UID:2008-10-14-20-40-32-63-@americanhistorycalendar.com
SEQUENCE:0
STATUS:CONFIRMED
TRANSP:TRANSPARENT
RRULE:FREQ=YEARLY;INTERVAL=1;BYMONTHDAY=21;BYMONTH=7
DTSTART;VALUE=DATE:20080721
DTEND;VALUE=DATE:20080722
DTSTAMP:20210421T143656
CATEGORIES:Air and Space Events
X-ALT-DESC;FMTTYPE=text/html:<!DOCTYPE HTML PUBLIC "-//W3C//DTD HTML 3.2//E
 N">\n<html>\n<head>\n<meta name="Generator" content="Zap Calendar (http://
 zapcalendar.com)"/><title></title></head><body>\n<p></p><p>Neil Armstrong 
 stepped onto the moon surface on July 21\, 1969\, becoming the first perso
 n to walk on the moon.<br/>\n<br/>\n</p>\n<p></p>\n<p></p>\n<p>Brought to 
 you by <a href='http://americanhistorycalendar.com'>http://AmericanHistory
 Calendar.com</a>.<br/>\nLike our Facebook page to see upcoming history eve
 nts in your feed <a href='https://www.facebook.com/AmericanHistoryCalendar
 /'>https://www.facebook.com/AmericanHistoryCalendar/</a>.</p></body></html
 >
DESCRIPTION:Neil Armstrong stepped onto the moon surface on July 21\, 1969
 \, becoming the first person to walk on the moon.\n\n\n\n\nBrought to you 
 by http://AmericanHistoryCalendar.com.\nLike our Facebook page to see upco
 ming history events in your feed https://www.facebook.com/AmericanHistoryC
 alendar/.
URL:https://americanhistorycalendar.com/eventscalendar/2\,2662-neil-armstro
 ng-walks-on-the-moon
END:VEVENT
BEGIN:VEVENT
SUMMARY:First Battle of Bull Run/Manassas
UID:2008-05-08-05-37-39-63-@americanhistorycalendar.com
SEQUENCE:0
STATUS:CONFIRMED
TRANSP:TRANSPARENT
RRULE:FREQ=YEARLY;INTERVAL=1;BYMONTHDAY=21;BYMONTH=7
DTSTART;VALUE=DATE:20080721
DTEND;VALUE=DATE:20080722
DTSTAMP:20210421T143656
CATEGORIES:Civil War Events
LOCATION:Manassas\, Virginia
GEO:38.7509488;-77.4752667
X-ALT-DESC;FMTTYPE=text/html:<!DOCTYPE HTML PUBLIC "-//W3C//DTD HTML 3.2//E
 N">\n<html>\n<head>\n<meta name="Generator" content="Zap Calendar (http://
 zapcalendar.com)"/><title></title></head><body>\n<p></p><p>July 21\, 1861<
 br/>\n</p>\n<p></p>\n<p></p>\n<p>Brought to you by <a href='http://america
 nhistorycalendar.com'>http://AmericanHistoryCalendar.com</a>.<br/>\nLike o
 ur Facebook page to see upcoming history events in your feed <a href='http
 s://www.facebook.com/AmericanHistoryCalendar/'>https://www.facebook.com/Am
 ericanHistoryCalendar/</a>.</p></body></html>
DESCRIPTION:July 21\, 1861\n\n\n\nBrought to you by http://AmericanHistoryC
 alendar.com.\nLike our Facebook page to see upcoming history events in you
 r feed https://www.facebook.com/AmericanHistoryCalendar/.
URL:https://americanhistorycalendar.com/eventscalendar/2\,2653-first-battle
 -of-bull-run-manassas
END:VEVENT
BEGIN:VEVENT
SUMMARY:New York\, the eleventh state
UID:2008-05-02-03-46-24-63-@americanhistorycalendar.com
SEQUENCE:0
STATUS:CONFIRMED
TRANSP:TRANSPARENT
RRULE:FREQ=YEARLY;INTERVAL=1;BYMONTHDAY=26;BYMONTH=7
DTSTART;VALUE=DATE:20080726
DTEND;VALUE=DATE:20080727
DTSTAMP:20210421T143656
CATEGORIES:State Ratification
LOCATION:Albany\, New York
GEO:42.6525793;-73.7562317
X-ALT-DESC;FMTTYPE=text/html:<!DOCTYPE HTML PUBLIC "-//W3C//DTD HTML 3.2//E
 N">\n<html>\n<head>\n<meta name="Generator" content="Zap Calendar (http://
 zapcalendar.com)"/><title></title></head><body>\n<p></p><p>July 26\, 1788<
 br/>\n</p>\n<p></p>\n<p></p>\n<p>Brought to you by <a href='http://america
 nhistorycalendar.com'>http://AmericanHistoryCalendar.com</a>.<br/>\nLike o
 ur Facebook page to see upcoming history events in your feed <a href='http
 s://www.facebook.com/AmericanHistoryCalendar/'>https://www.facebook.com/Am
 ericanHistoryCalendar/</a>.</p></body></html>
DESCRIPTION:July 26\, 1788\n\n\n\nBrought to you by http://AmericanHistoryC
 alendar.com.\nLike our Facebook page to see upcoming history events in you
 r feed https://www.facebook.com/AmericanHistoryCalendar/.
URL:https://americanhistorycalendar.com/eventscalendar/2\,2671-new-york-the
 -eleventh-state
END:VEVENT
BEGIN:VEVENT
SUMMARY:Colorado\, the thirty-eighth state
UID:2008-05-02-04-46-33-63-@americanhistorycalendar.com
SEQUENCE:0
STATUS:CONFIRMED
TRANSP:TRANSPARENT
RRULE:FREQ=YEARLY;INTERVAL=1;BYMONTHDAY=1;BYMONTH=8
DTSTART;VALUE=DATE:20080801
DTEND;VALUE=DATE:20080802
DTSTAMP:20210421T143656
CATEGORIES:State Ratification
LOCATION:Denver\, Colorado
GEO:39.737567;-104.9847179
X-ALT-DESC;FMTTYPE=text/html:<!DOCTYPE HTML PUBLIC "-//W3C//DTD HTML 3.2//E
 N">\n<html>\n<head>\n<meta name="Generator" content="Zap Calendar (http://
 zapcalendar.com)"/><title></title></head><body>\n<p></p><p>August 1\, 1876
 <br/>\n</p>\n<p></p>\n<p></p>\n<p>Brought to you by <a href='http://americ
 anhistorycalendar.com'>http://AmericanHistoryCalendar.com</a>.<br/>\nLike 
 our Facebook page to see upcoming history events in your feed <a href='htt
 ps://www.facebook.com/AmericanHistoryCalendar/'>https://www.facebook.com/A
 mericanHistoryCalendar/</a>.</p></body></html>
DESCRIPTION:August 1\, 1876\n\n\n\nBrought to you by http://AmericanHistory
 Calendar.com.\nLike our Facebook page to see upcoming history events in yo
 ur feed https://www.facebook.com/AmericanHistoryCalendar/.
URL:https://americanhistorycalendar.com/eventscalendar/2\,2680-colorado-the
 -thirty-eighth-state
END:VEVENT
BEGIN:VEVENT
SUMMARY:Declaration of Independence signed
UID:2008-05-02-02-16-30-63-@americanhistorycalendar.com
SEQUENCE:0
STATUS:CONFIRMED
TRANSP:TRANSPARENT
RRULE:FREQ=YEARLY;INTERVAL=1;BYMONTHDAY=2;BYMONTH=8
DTSTART;VALUE=DATE:20080802
DTEND;VALUE=DATE:20080803
DTSTAMP:20210421T143657
CATEGORIES:Revolution Era
LOCATION:Philadephia Pennsylvania
GEO:39.952335;-75.163789
X-ALT-DESC;FMTTYPE=text/html:<!DOCTYPE HTML PUBLIC "-//W3C//DTD HTML 3.2//E
 N">\n<html>\n<head>\n<meta name="Generator" content="Zap Calendar (http://
 zapcalendar.com)"/><title></title></head><body>\n<p></p><p>August 2\, 1776
 <br/>\n</p>\n<p></p>\n<p></p>\n<p>Brought to you by <a href='http://americ
 anhistorycalendar.com'>http://AmericanHistoryCalendar.com</a>.<br/>\nLike 
 our Facebook page to see upcoming history events in your feed <a href='htt
 ps://www.facebook.com/AmericanHistoryCalendar/'>https://www.facebook.com/A
 mericanHistoryCalendar/</a>.</p></body></html>
DESCRIPTION:August 2\, 1776\n\n\n\nBrought to you by http://AmericanHistory
 Calendar.com.\nLike our Facebook page to see upcoming history events in yo
 ur feed https://www.facebook.com/AmericanHistoryCalendar/.
URL:https://americanhistorycalendar.com/eventscalendar/2\,2689-declaration-
 of-independence-signed
END:VEVENT
BEGIN:VEVENT
SUMMARY:Battle of Mobile Bay
UID:2008-05-08-10-57-07-63-@americanhistorycalendar.com
SEQUENCE:0
STATUS:CONFIRMED
TRANSP:TRANSPARENT
RRULE:FREQ=YEARLY;INTERVAL=1;BYMONTHDAY=6;BYMONTH=8
DTSTART;VALUE=DATE:20080806
DTEND;VALUE=DATE:20080807
DTSTAMP:20210421T143657
CATEGORIES:Civil War Events
LOCATION:Mobile Bay\, Alabama
GEO:30.4434341;-87.9922684
X-ALT-DESC;FMTTYPE=text/html:<!DOCTYPE HTML PUBLIC "-//W3C//DTD HTML 3.2//E
 N">\n<html>\n<head>\n<meta name="Generator" content="Zap Calendar (http://
 zapcalendar.com)"/><title></title></head><body>\n<p></p><p>August 5\, 1864
 <br/>\n</p>\n<p></p>\n<p></p>\n<p>Brought to you by <a href='http://americ
 anhistorycalendar.com'>http://AmericanHistoryCalendar.com</a>.<br/>\nLike 
 our Facebook page to see upcoming history events in your feed <a href='htt
 ps://www.facebook.com/AmericanHistoryCalendar/'>https://www.facebook.com/A
 mericanHistoryCalendar/</a>.</p></body></html>
DESCRIPTION:August 5\, 1864\n\n\n\nBrought to you by http://AmericanHistory
 Calendar.com.\nLike our Facebook page to see upcoming history events in yo
 ur feed https://www.facebook.com/AmericanHistoryCalendar/.
URL:https://americanhistorycalendar.com/eventscalendar/2\,2698-battle-of-mo
 bile-bay
END:VEVENT
BEGIN:VEVENT
SUMMARY:Atomic Bombing of Hiroshima\, Japan
UID:2008-05-25-06-26-09-63-@americanhistorycalendar.com
SEQUENCE:0
STATUS:CONFIRMED
TRANSP:TRANSPARENT
RRULE:FREQ=YEARLY;INTERVAL=1;BYMONTHDAY=6;BYMONTH=8
DTSTART;VALUE=DATE:20080806
DTEND;VALUE=DATE:20080807
DTSTAMP:20210421T143657
CATEGORIES:World War II Events
LOCATION:Hiroshima\, Japan
GEO:34.3852029;132.4552927
X-ALT-DESC;FMTTYPE=text/html:<!DOCTYPE HTML PUBLIC "-//W3C//DTD HTML 3.2//E
 N">\n<html>\n<head>\n<meta name="Generator" content="Zap Calendar (http://
 zapcalendar.com)"/><title></title></head><body>\n<p></p><p>August 6\, 1945
 <br/>\n140\,000 people\, mostly civilians\, were killed in the bombing in 
 Hiroshima. Approximately 70\,000 were killed on the day of the bombing and
  the others by the end of 1945 due to burns\, radiation and disease caused
  by the bombing.<br/>\n</p>\n<p></p>\n<p></p>\n<p>Brought to you by <a hre
 f='http://americanhistorycalendar.com'>http://AmericanHistoryCalendar.com<
 /a>.<br/>\nLike our Facebook page to see upcoming history events in your f
 eed <a href='https://www.facebook.com/AmericanHistoryCalendar/'>https://ww
 w.facebook.com/AmericanHistoryCalendar/</a>.</p></body></html>
DESCRIPTION:August 6\, 1945\n140\,000 people\, mostly civilians\, were kill
 ed in the bombing in Hiroshima. Approximately 70\,000 were killed on the d
 ay of the bombing and the others by the end of 1945 due to burns\, radiati
 on and disease caused by the bombing.\n\n\n\nBrought to you by http://Amer
 icanHistoryCalendar.com.\nLike our Facebook page to see upcoming history e
 vents in your feed https://www.facebook.com/AmericanHistoryCalendar/.
URL:https://americanhistorycalendar.com/eventscalendar/2\,2707-atomic-bombi
 ng-of-hiroshima-japan
END:VEVENT
BEGIN:VEVENT
SUMMARY:Richard Nixon resigns as President
UID:2008-12-16-03-57-00-62-@americanhistorycalendar.com
SEQUENCE:0
STATUS:CONFIRMED
TRANSP:TRANSPARENT
RRULE:FREQ=YEARLY;INTERVAL=1;BYMONTHDAY=9;BYMONTH=8
DTSTART;VALUE=DATE:20080809
DTEND;VALUE=DATE:20080810
DTSTAMP:20210421T143657
CATEGORIES:Presidential Events
LOCATION:Washington\, D.C.
GEO:38.9071923;-77.0368707
X-ALT-DESC;FMTTYPE=text/html:<!DOCTYPE HTML PUBLIC "-//W3C//DTD HTML 3.2//E
 N">\n<html>\n<head>\n<meta name="Generator" content="Zap Calendar (http://
 zapcalendar.com)"/><title></title></head><body>\n<p></p><p>August 9\, 1974
 <br/>\n<br/>\nNixon resigns amid Watergate scandal\, and Vice President Ge
 rald Ford becomes President.<br/>\n</p>\n<p></p>\n<p></p>\n<p>Brought to y
 ou by <a href='http://americanhistorycalendar.com'>http://AmericanHistoryC
 alendar.com</a>.<br/>\nLike our Facebook page to see upcoming history even
 ts in your feed <a href='https://www.facebook.com/AmericanHistoryCalendar/
 '>https://www.facebook.com/AmericanHistoryCalendar/</a>.</p></body></html>
DESCRIPTION:August 9\, 1974\n\nNixon resigns amid Watergate scandal\, and V
 ice President Gerald Ford becomes President.\n\n\n\nBrought to you by http
 ://AmericanHistoryCalendar.com.\nLike our Facebook page to see upcoming hi
 story events in your feed https://www.facebook.com/AmericanHistoryCalendar
 /.
URL:https://americanhistorycalendar.com/eventscalendar/2\,2716-richard-nixo
 n-resigns-as-president
END:VEVENT
BEGIN:VEVENT
SUMMARY:Atomic Bombing of Nagasaki\, Japan
UID:2008-05-25-06-29-27-63-@americanhistorycalendar.com
SEQUENCE:0
STATUS:CONFIRMED
TRANSP:TRANSPARENT
RRULE:FREQ=YEARLY;INTERVAL=1;BYMONTHDAY=9;BYMONTH=8
DTSTART;VALUE=DATE:20080809
DTEND;VALUE=DATE:20080810
DTSTAMP:20210421T143657
CATEGORIES:World War II Events
LOCATION:Nagasaki\, Japan
GEO:32.7502856;129.877667
X-ALT-DESC;FMTTYPE=text/html:<!DOCTYPE HTML PUBLIC "-//W3C//DTD HTML 3.2//E
 N">\n<html>\n<head>\n<meta name="Generator" content="Zap Calendar (http://
 zapcalendar.com)"/><title></title></head><body>\n<p></p><p>August 9\, 1945
 <br/>\n80\,000 people\, mostly civilians\, were killed in the bombing in N
 agasaki. Approximately 40\,000 were killed on the day of the bombing and t
 he others by the end of 1945 due to burns\, radiation and disease caused b
 y the bombing.<br/>\n</p>\n<p></p>\n<p></p>\n<p>Brought to you by <a href=
 'http://americanhistorycalendar.com'>http://AmericanHistoryCalendar.com</a
 >.<br/>\nLike our Facebook page to see upcoming history events in your fee
 d <a href='https://www.facebook.com/AmericanHistoryCalendar/'>https://www.
 facebook.com/AmericanHistoryCalendar/</a>.</p></body></html>
DESCRIPTION:August 9\, 1945\n80\,000 people\, mostly civilians\, were kille
 d in the bombing in Nagasaki. Approximately 40\,000 were killed on the day
  of the bombing and the others by the end of 1945 due to burns\, radiation
  and disease caused by the bombing.\n\n\n\nBrought to you by http://Americ
 anHistoryCalendar.com.\nLike our Facebook page to see upcoming history eve
 nts in your feed https://www.facebook.com/AmericanHistoryCalendar/.
URL:https://americanhistorycalendar.com/eventscalendar/2\,2725-atomic-bombi
 ng-of-nagasaki-japan
END:VEVENT
BEGIN:VEVENT
SUMMARY:Missouri\, the twenty-fourth state
UID:2008-05-02-04-13-10-63-@americanhistorycalendar.com
SEQUENCE:0
STATUS:CONFIRMED
TRANSP:TRANSPARENT
RRULE:FREQ=YEARLY;INTERVAL=1;BYMONTHDAY=10;BYMONTH=8
DTSTART;VALUE=DATE:20080810
DTEND;VALUE=DATE:20080811
DTSTAMP:20210421T143657
CATEGORIES:State Ratification
LOCATION:Jefferson City\, Missouri
GEO:38.5767017;-92.1735164
X-ALT-DESC;FMTTYPE=text/html:<!DOCTYPE HTML PUBLIC "-//W3C//DTD HTML 3.2//E
 N">\n<html>\n<head>\n<meta name="Generator" content="Zap Calendar (http://
 zapcalendar.com)"/><title></title></head><body>\n<p></p><p>August 10\, 182
 1<br/>\n</p>\n<p></p>\n<p></p>\n<p>Brought to you by <a href='http://ameri
 canhistorycalendar.com'>http://AmericanHistoryCalendar.com</a>.<br/>\nLike
  our Facebook page to see upcoming history events in your feed <a href='ht
 tps://www.facebook.com/AmericanHistoryCalendar/'>https://www.facebook.com/
 AmericanHistoryCalendar/</a>.</p></body></html>
DESCRIPTION:August 10\, 1821\n\n\n\nBrought to you by http://AmericanHistor
 yCalendar.com.\nLike our Facebook page to see upcoming history events in y
 our feed https://www.facebook.com/AmericanHistoryCalendar/.
URL:https://americanhistorycalendar.com/eventscalendar/2\,2734-missouri-the
 -twenty-fourth-state
END:VEVENT
BEGIN:VEVENT
SUMMARY:Japan announces its surrender to the Allied Forces
UID:2008-05-25-06-34-45-63-@americanhistorycalendar.com
SEQUENCE:0
STATUS:CONFIRMED
TRANSP:TRANSPARENT
RRULE:FREQ=YEARLY;INTERVAL=1;BYMONTHDAY=15;BYMONTH=8
DTSTART;VALUE=DATE:20080815
DTEND;VALUE=DATE:20080816
DTSTAMP:20210421T143657
CATEGORIES:World War II Events
X-ALT-DESC;FMTTYPE=text/html:<!DOCTYPE HTML PUBLIC "-//W3C//DTD HTML 3.2//E
 N">\n<html>\n<head>\n<meta name="Generator" content="Zap Calendar (http://
 zapcalendar.com)"/><title></title></head><body>\n<p>Anniversary: Wednesday
 \, August 15\, 1945 (63 year anniversary)<br/></p><p>August 15\, 1945</p>
 \n<p></p>\n<p></p>\n<p>Brought to you by <a href='http://americanhistoryca
 lendar.com'>http://AmericanHistoryCalendar.com</a>.<br/>\nLike our Faceboo
 k page to see upcoming history events in your feed <a href='https://www.fa
 cebook.com/AmericanHistoryCalendar/'>https://www.facebook.com/AmericanHist
 oryCalendar/</a>.</p></body></html>
DESCRIPTION:Anniversary: Wednesday\, August 15\, 1945 (63 year anniversary)
 <br/>August 15\, 1945\n\n\nBrought to you by http://AmericanHistoryCalenda
 r.com.\nLike our Facebook page to see upcoming history events in your feed
  https://www.facebook.com/AmericanHistoryCalendar/.
URL:https://americanhistorycalendar.com/eventscalendar/2\,2743-japan-announ
 ces-its-surrender-to-the-allied-forces
END:VEVENT
BEGIN:VEVENT
SUMMARY:Hawaii\, the fiftieth state
UID:2008-05-02-05-29-59-63-@americanhistorycalendar.com
SEQUENCE:0
STATUS:CONFIRMED
TRANSP:TRANSPARENT
RRULE:FREQ=YEARLY;INTERVAL=1;BYMONTHDAY=21;BYMONTH=8
DTSTART;VALUE=DATE:20080821
DTEND;VALUE=DATE:20080822
DTSTAMP:20210421T143657
CATEGORIES:State Ratification
LOCATION:Honolulu\, Hawaii
GEO:21.3069444;-157.8583333
X-ALT-DESC;FMTTYPE=text/html:<!DOCTYPE HTML PUBLIC "-//W3C//DTD HTML 3.2//E
 N">\n<html>\n<head>\n<meta name="Generator" content="Zap Calendar (http://
 zapcalendar.com)"/><title></title></head><body>\n<p>Anniversary: Friday\, 
 August 21\, 1959 (49 year anniversary)<br/></p><p>August 21\, 1959</p>\n<p
 ></p>\n<p></p>\n<p>Brought to you by <a href='http://americanhistorycalend
 ar.com'>http://AmericanHistoryCalendar.com</a>.<br/>\nLike our Facebook pa
 ge to see upcoming history events in your feed <a href='https://www.facebo
 ok.com/AmericanHistoryCalendar/'>https://www.facebook.com/AmericanHistoryC
 alendar/</a>.</p></body></html>
DESCRIPTION:Anniversary: Friday\, August 21\, 1959 (49 year anniversary)<br
 />August 21\, 1959\n\n\nBrought to you by http://AmericanHistoryCalendar.c
 om.\nLike our Facebook page to see upcoming history events in your feed ht
 tps://www.facebook.com/AmericanHistoryCalendar/.
URL:https://americanhistorycalendar.com/eventscalendar/2\,2752-hawaii-the-f
 iftieth-state
END:VEVENT
BEGIN:VEVENT
SUMMARY:British troops enter Washington\, D.C.
UID:2008-05-19-15-05-07-63-@americanhistorycalendar.com
SEQUENCE:0
STATUS:CONFIRMED
TRANSP:TRANSPARENT
RRULE:FREQ=YEARLY;INTERVAL=1;BYMONTHDAY=24;BYMONTH=8
DTSTART;VALUE=DATE:20080824
DTEND;VALUE=DATE:20080825
DTSTAMP:20210421T143657
CATEGORIES:1812 War Events
LOCATION:Washington\, D.C.
GEO:38.9071923;-77.0368707
X-ALT-DESC;FMTTYPE=text/html:<!DOCTYPE HTML PUBLIC "-//W3C//DTD HTML 3.2//E
 N">\n<html>\n<head>\n<meta name="Generator" content="Zap Calendar (http://
 zapcalendar.com)"/><title></title></head><body>\n<p>Anniversary: Wednesday
 \, August 24\, 1814 (194 year anniversary)<br/></p><p>On August 24\, 1814
 \, British troops under General Robert Ross enter Washington\, D.C. to des
 troy many government buildings\, including the White House\, the Treasury 
 building and the Library of Congress.</p>\n<p></p>\n<p></p>\n<p>Brought to
  you by <a href='http://americanhistorycalendar.com'>http://AmericanHistor
 yCalendar.com</a>.<br/>\nLike our Facebook page to see upcoming history ev
 ents in your feed <a href='https://www.facebook.com/AmericanHistoryCalenda
 r/'>https://www.facebook.com/AmericanHistoryCalendar/</a>.</p></body></htm
 l>
DESCRIPTION:Anniversary: Wednesday\, August 24\, 1814 (194 year anniversary
 )<br/>On August 24\, 1814\, British troops under General Robert Ross enter
  Washington\, D.C. to destroy many government buildings\, including the Wh
 ite House\, the Treasury building and the Library of Congress.\n\n\nBrough
 t to you by http://AmericanHistoryCalendar.com.\nLike our Facebook page to
  see upcoming history events in your feed https://www.facebook.com/America
 nHistoryCalendar/.
URL:https://americanhistorycalendar.com/eventscalendar/2\,2761-british-troo
 ps-enter-washington-d-c
END:VEVENT
BEGIN:VEVENT
SUMMARY:Second Battle of Bull Run/Manassas
UID:2008-05-08-05-39-09-63-@americanhistorycalendar.com
SEQUENCE:0
STATUS:CONFIRMED
TRANSP:TRANSPARENT
RRULE:FREQ=YEARLY;INTERVAL=1;BYMONTHDAY=28;BYMONTH=8
DTSTART;VALUE=DATE:20080828
DTEND;VALUE=DATE:20080829
DTSTAMP:20210421T143657
CATEGORIES:Civil War Events
LOCATION:Manassas\, Virginia
GEO:38.7509488;-77.4752667
X-ALT-DESC;FMTTYPE=text/html:<!DOCTYPE HTML PUBLIC "-//W3C//DTD HTML 3.2//E
 N">\n<html>\n<head>\n<meta name="Generator" content="Zap Calendar (http://
 zapcalendar.com)"/><title></title></head><body>\n<p>Anniversary: Thursday
 \, August 28\, 1862 (146 year anniversary)<br/></p><p>August 28 to August 
 30\, 1862</p>\n<p></p>\n<p></p>\n<p>Brought to you by <a href='http://amer
 icanhistorycalendar.com'>http://AmericanHistoryCalendar.com</a>.<br/>\nLik
 e our Facebook page to see upcoming history events in your feed <a href='h
 ttps://www.facebook.com/AmericanHistoryCalendar/'>https://www.facebook.com
 /AmericanHistoryCalendar/</a>.</p></body></html>
DESCRIPTION:Anniversary: Thursday\, August 28\, 1862 (146 year anniversary)
 <br/>August 28 to August 30\, 1862\n\n\nBrought to you by http://AmericanH
 istoryCalendar.com.\nLike our Facebook page to see upcoming history events
  in your feed https://www.facebook.com/AmericanHistoryCalendar/.
URL:https://americanhistorycalendar.com/eventscalendar/2\,2770-second-battl
 e-of-bull-run-manassas
END:VEVENT
BEGIN:VEVENT
SUMMARY:Martin Luther King Jr. delivers his "I Have a Dream Speech"
UID:2009-05-01-06-41-22-63-@americanhistorycalendar.com
SEQUENCE:0
STATUS:CONFIRMED
TRANSP:TRANSPARENT
RRULE:FREQ=YEARLY;INTERVAL=1;BYMONTHDAY=28;BYMONTH=8
DTSTART;VALUE=DATE:20080828
DTEND;VALUE=DATE:20080829
DTSTAMP:20210421T143657
CATEGORIES:Civil Rights Events
LOCATION:Washington\, D.C.
GEO:38.9071923;-77.0368707
X-ALT-DESC;FMTTYPE=text/html:<!DOCTYPE HTML PUBLIC "-//W3C//DTD HTML 3.2//E
 N">\n<html>\n<head>\n<meta name="Generator" content="Zap Calendar (http://
 zapcalendar.com)"/><title></title></head><body>\n<p>Anniversary: <span cla
 ss="icon-star"> </span>Wednesday\, August 28\, 1963 (45 year anniversary)<
 br/></p><p>August 28\, 1963<br /> <br /> King delivers his famous speech f
 rom the steps of the Lincoln Memorial during the March on Washington for J
 obs and Freedom.</p>\n<p></p>\n<p></p>\n<p>Brought to you by <a href='http
 ://americanhistorycalendar.com'>http://AmericanHistoryCalendar.com</a>.<br
 />\nLike our Facebook page to see upcoming history events in your feed <a 
 href='https://www.facebook.com/AmericanHistoryCalendar/'>https://www.faceb
 ook.com/AmericanHistoryCalendar/</a>.</p></body></html>
DESCRIPTION:Anniversary: <span class="icon-star"> </span>Wednesday\, August
  28\, 1963 (45 year anniversary)<br/>August 28\, 1963  King delivers his f
 amous speech from the steps of the Lincoln Memorial during the March on Wa
 shington for Jobs and Freedom.\n\n\nBrought to you by http://AmericanHisto
 ryCalendar.com.\nLike our Facebook page to see upcoming history events in 
 your feed https://www.facebook.com/AmericanHistoryCalendar/.
URL:https://americanhistorycalendar.com/eventscalendar/2\,2797-martin-luthe
 r-king-jr-delivers-his-i-have-a-dream-speech
END:VEVENT
BEGIN:VEVENT
SUMMARY:March on Washington for Jobs and Freedom 
UID:2009-02-13-16-00-50-63-@americanhistorycalendar.com
SEQUENCE:0
STATUS:CONFIRMED
TRANSP:TRANSPARENT
RRULE:FREQ=YEARLY;INTERVAL=1;BYMONTHDAY=28;BYMONTH=8
DTSTART;VALUE=DATE:20080828
DTEND;VALUE=DATE:20080829
DTSTAMP:20210421T143657
CATEGORIES:Civil Rights Events
LOCATION:Washington\, D.C.
GEO:38.9071923;-77.0368707
X-ALT-DESC;FMTTYPE=text/html:<!DOCTYPE HTML PUBLIC "-//W3C//DTD HTML 3.2//E
 N">\n<html>\n<head>\n<meta name="Generator" content="Zap Calendar (http://
 zapcalendar.com)"/><title></title></head><body>\n<p>Anniversary: <span cla
 ss="icon-star"> </span>Wednesday\, August 28\, 1963 (45 year anniversary)<
 br/></p><p>On August 28\, 1963\, this political rally took place in Washin
 gton\, D.C.\, where Dr. Martin Luther King\, Jr. delivered his "I Have a D
 ream" speech in front of the Lincoln Memorial.</p>\n<p></p>\n<p></p>\n<p>B
 rought to you by <a href='http://americanhistorycalendar.com'>http://Ameri
 canHistoryCalendar.com</a>.<br/>\nLike our Facebook page to see upcoming h
 istory events in your feed <a href='https://www.facebook.com/AmericanHisto
 ryCalendar/'>https://www.facebook.com/AmericanHistoryCalendar/</a>.</p></b
 ody></html>
DESCRIPTION:Anniversary: <span class="icon-star"> </span>Wednesday\, August
  28\, 1963 (45 year anniversary)<br/>On August 28\, 1963\, this political 
 rally took place in Washington\, D.C.\, where Dr. Martin Luther King\, Jr.
  delivered his "I Have a Dream" speech in front of the Lincoln Memorial.\n
 \n\nBrought to you by http://AmericanHistoryCalendar.com.\nLike our Facebo
 ok page to see upcoming history events in your feed https://www.facebook.c
 om/AmericanHistoryCalendar/.
URL:https://americanhistorycalendar.com/eventscalendar/2\,2788-march-on-was
 hington-for-jobs-and-freedom
END:VEVENT
BEGIN:VEVENT
SUMMARY:14 year old Emett Till murdered\, sparking Civil Rights Movement
UID:2008-10-15-01-15-37-63-@americanhistorycalendar.com
SEQUENCE:0
STATUS:CONFIRMED
TRANSP:TRANSPARENT
RRULE:FREQ=YEARLY;INTERVAL=1;BYMONTHDAY=28;BYMONTH=8
DTSTART;VALUE=DATE:20080828
DTEND;VALUE=DATE:20080829
DTSTAMP:20210421T143657
CATEGORIES:Civil Rights Events
LOCATION:Money\, Mississippi
GEO:33.651111;-90.209167
X-ALT-DESC;FMTTYPE=text/html:<!DOCTYPE HTML PUBLIC "-//W3C//DTD HTML 3.2//E
 N">\n<html>\n<head>\n<meta name="Generator" content="Zap Calendar (http://
 zapcalendar.com)"/><title></title></head><body>\n<p>Anniversary: Sunday\, 
 August 28\, 1955 (53 year anniversary)<br/></p><p>14 year old Emmett was m
 urdered on August 28\, 1955 in Money\, Mississippi\, inspiring the Civil R
 ights Movement.</p>\n<p></p>\n<p></p>\n<p>Brought to you by <a href='http:
 //americanhistorycalendar.com'>http://AmericanHistoryCalendar.com</a>.<br/
 >\nLike our Facebook page to see upcoming history events in your feed <a h
 ref='https://www.facebook.com/AmericanHistoryCalendar/'>https://www.facebo
 ok.com/AmericanHistoryCalendar/</a>.</p></body></html>
DESCRIPTION:Anniversary: Sunday\, August 28\, 1955 (53 year anniversary)<br
 />14 year old Emmett was murdered on August 28\, 1955 in Money\, Mississip
 pi\, inspiring the Civil Rights Movement.\n\n\nBrought to you by http://Am
 ericanHistoryCalendar.com.\nLike our Facebook page to see upcoming history
  events in your feed https://www.facebook.com/AmericanHistoryCalendar/.
URL:https://americanhistorycalendar.com/eventscalendar/2\,2779-14-year-old-
 emett-till-murdered-sparking-civil-rights-movement
END:VEVENT
BEGIN:VEVENT
SUMMARY:Battle of Atlanta
UID:2008-05-08-10-57-57-63-@americanhistorycalendar.com
SEQUENCE:0
STATUS:CONFIRMED
TRANSP:TRANSPARENT
RRULE:FREQ=YEARLY;INTERVAL=1;BYMONTHDAY=2;BYMONTH=9
DTSTART;VALUE=DATE:20080902
DTEND;VALUE=DATE:20080903
DTSTAMP:20210421T143657
CATEGORIES:Civil War Events
LOCATION:Atlanta\, Georgia
GEO:33.7489954;-84.3879824
X-ALT-DESC;FMTTYPE=text/html:<!DOCTYPE HTML PUBLIC "-//W3C//DTD HTML 3.2//E
 N">\n<html>\n<head>\n<meta name="Generator" content="Zap Calendar (http://
 zapcalendar.com)"/><title></title></head><body>\n<p>Anniversary: Friday\, 
 September 2\, 1864 (144 year anniversary)<br/></p><p>September 2\, 1864 </
 p>\n<p></p>\n<p></p>\n<p>Brought to you by <a href='http://americanhistory
 calendar.com'>http://AmericanHistoryCalendar.com</a>.<br/>\nLike our Faceb
 ook page to see upcoming history events in your feed <a href='https://www.
 facebook.com/AmericanHistoryCalendar/'>https://www.facebook.com/AmericanHi
 storyCalendar/</a>.</p></body></html>
DESCRIPTION:Anniversary: Friday\, September 2\, 1864 (144 year anniversary)
 <br/>September 2\, 1864 \n\n\nBrought to you by http://AmericanHistoryCale
 ndar.com.\nLike our Facebook page to see upcoming history events in your f
 eed https://www.facebook.com/AmericanHistoryCalendar/.
URL:https://americanhistorycalendar.com/eventscalendar/2\,2806-battle-of-at
 lanta
END:VEVENT
BEGIN:VEVENT
SUMMARY:Japanese sign Instrument of Surrender
UID:2008-05-28-21-00-24-63-@americanhistorycalendar.com
SEQUENCE:0
STATUS:CONFIRMED
TRANSP:TRANSPARENT
RRULE:FREQ=YEARLY;INTERVAL=1;BYMONTHDAY=2;BYMONTH=9
DTSTART;VALUE=DATE:20080902
DTEND;VALUE=DATE:20080903
DTSTAMP:20210421T143657
CATEGORIES:World War II Events
LOCATION:Tokyo Bay\, Japan
GEO:35.5496737;139.7858972
X-ALT-DESC;FMTTYPE=text/html:<!DOCTYPE HTML PUBLIC "-//W3C//DTD HTML 3.2//E
 N">\n<html>\n<head>\n<meta name="Generator" content="Zap Calendar (http://
 zapcalendar.com)"/><title></title></head><body>\n<p>Anniversary: Sunday\, 
 September 2\, 1945 (63 year anniversary)<br/></p><p>Signed September 2\, 1
 945<br /> The signing of this document offically ended the Pacific War of 
 World War II.</p>\n<p></p>\n<p></p>\n<p>Brought to you by <a href='http://
 americanhistorycalendar.com'>http://AmericanHistoryCalendar.com</a>.<br/>
 \nLike our Facebook page to see upcoming history events in your feed <a hr
 ef='https://www.facebook.com/AmericanHistoryCalendar/'>https://www.faceboo
 k.com/AmericanHistoryCalendar/</a>.</p></body></html>
DESCRIPTION:Anniversary: Sunday\, September 2\, 1945 (63 year anniversary)<
 br/>Signed September 2\, 1945 The signing of this document offically ended
  the Pacific War of World War II.\n\n\nBrought to you by http://AmericanHi
 storyCalendar.com.\nLike our Facebook page to see upcoming history events 
 in your feed https://www.facebook.com/AmericanHistoryCalendar/.
URL:https://americanhistorycalendar.com/eventscalendar/2\,2815-japanese-sig
 n-instrument-of-surrender
END:VEVENT
BEGIN:VEVENT
SUMMARY:William McKinley shot
UID:2009-01-19-23-33-15-63-@americanhistorycalendar.com
SEQUENCE:0
STATUS:CONFIRMED
TRANSP:TRANSPARENT
RRULE:FREQ=YEARLY;INTERVAL=1;BYMONTHDAY=6;BYMONTH=9
DTSTART;VALUE=DATE:20080906
DTEND;VALUE=DATE:20080907
DTSTAMP:20210421T143657
CATEGORIES:Presidential Events
LOCATION:Buffalo\, New York
GEO:42.8864468;-78.8783689
X-ALT-DESC;FMTTYPE=text/html:<!DOCTYPE HTML PUBLIC "-//W3C//DTD HTML 3.2//E
 N">\n<html>\n<head>\n<meta name="Generator" content="Zap Calendar (http://
 zapcalendar.com)"/><title></title></head><body>\n<p></p><p>President McKin
 ley was shot on September 6\, 1901 in Buffalo New York while attending the
  Pan-American Exposition\, and died 8 days later on September 14.  Upon Mc
 Kinley's death\, Vice President Theodore Roosevelt assumed the Presidency.
 <br/>\n</p>\n<p></p>\n<p></p>\n<p>Brought to you by <a href='http://americ
 anhistorycalendar.com'>http://AmericanHistoryCalendar.com</a>.<br/>\nLike 
 our Facebook page to see upcoming history events in your feed <a href='htt
 ps://www.facebook.com/AmericanHistoryCalendar/'>https://www.facebook.com/A
 mericanHistoryCalendar/</a>.</p></body></html>
DESCRIPTION:President McKinley was shot on September 6\, 1901 in Buffalo Ne
 w York while attending the Pan-American Exposition\, and died 8 days later
  on September 14.  Upon McKinley's death\, Vice President Theodore Rooseve
 lt assumed the Presidency.\n\n\n\nBrought to you by http://AmericanHistory
 Calendar.com.\nLike our Facebook page to see upcoming history events in yo
 ur feed https://www.facebook.com/AmericanHistoryCalendar/.
URL:https://americanhistorycalendar.com/eventscalendar/2\,2824-william-mcki
 nley-shot
END:VEVENT
BEGIN:VEVENT
SUMMARY:Gerald Ford pardons Richard Nixon
UID:2008-12-16-03-58-32-62-@americanhistorycalendar.com
SEQUENCE:0
STATUS:CONFIRMED
TRANSP:TRANSPARENT
RRULE:FREQ=YEARLY;INTERVAL=1;BYMONTHDAY=8;BYMONTH=9
DTSTART;VALUE=DATE:20080908
DTEND;VALUE=DATE:20080909
DTSTAMP:20210421T143657
CATEGORIES:Presidential Events
LOCATION:Washington\, D.C.
GEO:38.9071923;-77.0368707
X-ALT-DESC;FMTTYPE=text/html:<!DOCTYPE HTML PUBLIC "-//W3C//DTD HTML 3.2//E
 N">\n<html>\n<head>\n<meta name="Generator" content="Zap Calendar (http://
 zapcalendar.com)"/><title></title></head><body>\n<p></p><p>September 8\, 1
 974  The pardon frees Richard Nixon of possible criminal prosecution from 
 Watergate.<br/>\n</p>\n<p></p>\n<p></p>\n<p>Brought to you by <a href='htt
 p://americanhistorycalendar.com'>http://AmericanHistoryCalendar.com</a>.<b
 r/>\nLike our Facebook page to see upcoming history events in your feed <a
  href='https://www.facebook.com/AmericanHistoryCalendar/'>https://www.face
 book.com/AmericanHistoryCalendar/</a>.</p></body></html>
DESCRIPTION:September 8\, 1974  The pardon frees Richard Nixon of possible 
 criminal prosecution from Watergate.\n\n\n\nBrought to you by http://Ameri
 canHistoryCalendar.com.\nLike our Facebook page to see upcoming history ev
 ents in your feed https://www.facebook.com/AmericanHistoryCalendar/.
URL:https://americanhistorycalendar.com/eventscalendar/2\,2833-gerald-ford-
 pardons-richard-nixon
END:VEVENT
BEGIN:VEVENT
SUMMARY:California\, the thirty-first state
UID:2008-05-02-04-31-12-63-@americanhistorycalendar.com
SEQUENCE:0
STATUS:CONFIRMED
TRANSP:TRANSPARENT
RRULE:FREQ=YEARLY;INTERVAL=1;BYMONTHDAY=9;BYMONTH=9
DTSTART;VALUE=DATE:20080909
DTEND;VALUE=DATE:20080910
DTSTAMP:20210421T143657
CATEGORIES:State Ratification
LOCATION:Sacramento\, California
GEO:38.5815719;-121.4943996
X-ALT-DESC;FMTTYPE=text/html:<!DOCTYPE HTML PUBLIC "-//W3C//DTD HTML 3.2//E
 N">\n<html>\n<head>\n<meta name="Generator" content="Zap Calendar (http://
 zapcalendar.com)"/><title></title></head><body>\n<p></p><p>September 9\, 1
 850<br/>\n</p>\n<p></p>\n<p></p>\n<p>Brought to you by <a href='http://ame
 ricanhistorycalendar.com'>http://AmericanHistoryCalendar.com</a>.<br/>\nLi
 ke our Facebook page to see upcoming history events in your feed <a href='
 https://www.facebook.com/AmericanHistoryCalendar/'>https://www.facebook.co
 m/AmericanHistoryCalendar/</a>.</p></body></html>
DESCRIPTION:September 9\, 1850\n\n\n\nBrought to you by http://AmericanHist
 oryCalendar.com.\nLike our Facebook page to see upcoming history events in
  your feed https://www.facebook.com/AmericanHistoryCalendar/.
URL:https://americanhistorycalendar.com/eventscalendar/2\,2842-california-t
 he-thirty-first-state
END:VEVENT
BEGIN:VEVENT
SUMMARY:Battle of Baltimore
UID:2008-05-19-15-13-28-63-@americanhistorycalendar.com
SEQUENCE:0
STATUS:CONFIRMED
TRANSP:TRANSPARENT
RRULE:FREQ=YEARLY;INTERVAL=1;BYMONTHDAY=12;BYMONTH=9
DTSTART;VALUE=DATE:20080912
DTEND;VALUE=DATE:20080913
DTSTAMP:20210421T143657
CATEGORIES:1812 War Events
LOCATION:Baltimore\, Maryland
GEO:39.2903848;-76.6121893
X-ALT-DESC;FMTTYPE=text/html:<!DOCTYPE HTML PUBLIC "-//W3C//DTD HTML 3.2//E
 N">\n<html>\n<head>\n<meta name="Generator" content="Zap Calendar (http://
 zapcalendar.com)"/><title></title></head><body>\n<p></p><p>September 12\, 
 1814.  It was during this battle that Francis Scott Key wrote the words th
 at would become the "Star-Spangled Banner".<br/>\n</p>\n<p></p>\n<p></p>\n
 <p>Brought to you by <a href='http://americanhistorycalendar.com'>http://A
 mericanHistoryCalendar.com</a>.<br/>\nLike our Facebook page to see upcomi
 ng history events in your feed <a href='https://www.facebook.com/AmericanH
 istoryCalendar/'>https://www.facebook.com/AmericanHistoryCalendar/</a>.</p
 ></body></html>
DESCRIPTION:September 12\, 1814.  It was during this battle that Francis Sc
 ott Key wrote the words that would become the "Star-Spangled Banner".\n\n
 \n\nBrought to you by http://AmericanHistoryCalendar.com.\nLike our Facebo
 ok page to see upcoming history events in your feed https://www.facebook.c
 om/AmericanHistoryCalendar/.
URL:https://americanhistorycalendar.com/eventscalendar/2\,2860-battle-of-ba
 ltimore
END:VEVENT
BEGIN:VEVENT
SUMMARY:Battle of Harpers Ferry
UID:2008-05-15-19-48-49-63-@americanhistorycalendar.com
SEQUENCE:0
STATUS:CONFIRMED
TRANSP:TRANSPARENT
RRULE:FREQ=YEARLY;INTERVAL=1;BYMONTHDAY=12;BYMONTH=9
DTSTART;VALUE=DATE:20080912
DTEND;VALUE=DATE:20080913
DTSTAMP:20210421T143657
CATEGORIES:Civil War Events
LOCATION:Harpers Ferry\, West Virginia
GEO:39.3253786;-77.7388818
X-ALT-DESC;FMTTYPE=text/html:<!DOCTYPE HTML PUBLIC "-//W3C//DTD HTML 3.2//E
 N">\n<html>\n<head>\n<meta name="Generator" content="Zap Calendar (http://
 zapcalendar.com)"/><title></title></head><body>\n<p></p><p>September 12 to
  September 15\, 1862<br/>\n</p>\n<p></p>\n<p></p>\n<p>Brought to you by <a
  href='http://americanhistorycalendar.com'>http://AmericanHistoryCalendar.
 com</a>.<br/>\nLike our Facebook page to see upcoming history events in yo
 ur feed <a href='https://www.facebook.com/AmericanHistoryCalendar/'>https:
 //www.facebook.com/AmericanHistoryCalendar/</a>.</p></body></html>
DESCRIPTION:September 12 to September 15\, 1862\n\n\n\nBrought to you by ht
 tp://AmericanHistoryCalendar.com.\nLike our Facebook page to see upcoming 
 history events in your feed https://www.facebook.com/AmericanHistoryCalend
 ar/.
URL:https://americanhistorycalendar.com/eventscalendar/2\,2851-battle-of-ha
 rpers-ferry
END:VEVENT
BEGIN:VEVENT
SUMMARY:British occupy New York City
UID:2008-05-02-02-21-42-63-@americanhistorycalendar.com
SEQUENCE:0
STATUS:CONFIRMED
TRANSP:TRANSPARENT
RRULE:FREQ=YEARLY;INTERVAL=1;BYMONTHDAY=15;BYMONTH=9
DTSTART;VALUE=DATE:20080915
DTEND;VALUE=DATE:20080916
DTSTAMP:20210421T143657
CATEGORIES:Revolution Era
LOCATION:New York City\, New York
GEO:40.7127837;-74.0059413
X-ALT-DESC;FMTTYPE=text/html:<!DOCTYPE HTML PUBLIC "-//W3C//DTD HTML 3.2//E
 N">\n<html>\n<head>\n<meta name="Generator" content="Zap Calendar (http://
 zapcalendar.com)"/><title></title></head><body>\n<p></p><p>September 15\, 
 1776<br/>\n</p>\n<p></p>\n<p></p>\n<p>Brought to you by <a href='http://am
 ericanhistorycalendar.com'>http://AmericanHistoryCalendar.com</a>.<br/>\nL
 ike our Facebook page to see upcoming history events in your feed <a href=
 'https://www.facebook.com/AmericanHistoryCalendar/'>https://www.facebook.c
 om/AmericanHistoryCalendar/</a>.</p></body></html>
DESCRIPTION:September 15\, 1776\n\n\n\nBrought to you by http://AmericanHis
 toryCalendar.com.\nLike our Facebook page to see upcoming history events i
 n your feed https://www.facebook.com/AmericanHistoryCalendar/.
URL:https://americanhistorycalendar.com/eventscalendar/2\,2869-british-occu
 py-new-york-city
END:VEVENT
BEGIN:VEVENT
SUMMARY:16th Street Baptist Church bombing
UID:2009-02-13-16-15-06-63-@americanhistorycalendar.com
SEQUENCE:0
STATUS:CONFIRMED
TRANSP:TRANSPARENT
RRULE:FREQ=YEARLY;INTERVAL=1;BYMONTHDAY=15;BYMONTH=9
DTSTART;VALUE=DATE:20080915
DTEND;VALUE=DATE:20080916
DTSTAMP:20210421T143657
CATEGORIES:Civil Rights Events
LOCATION:Birmingham\, Alabama
GEO:33.5206608;-86.80249
X-ALT-DESC;FMTTYPE=text/html:<!DOCTYPE HTML PUBLIC "-//W3C//DTD HTML 3.2//E
 N">\n<html>\n<head>\n<meta name="Generator" content="Zap Calendar (http://
 zapcalendar.com)"/><title></title></head><body>\n<p></p><p>September 15\, 
 1963 - The bombing of this African-American church resulted in the deaths 
 of four girls and increased support for the civil rights movement.<br/>\n<
 /p>\n<p></p>\n<p></p>\n<p>Brought to you by <a href='http://americanhistor
 ycalendar.com'>http://AmericanHistoryCalendar.com</a>.<br/>\nLike our Face
 book page to see upcoming history events in your feed <a href='https://www
 .facebook.com/AmericanHistoryCalendar/'>https://www.facebook.com/AmericanH
 istoryCalendar/</a>.</p></body></html>
DESCRIPTION:September 15\, 1963 - The bombing of this African-American chur
 ch resulted in the deaths of four girls and increased support for the civi
 l rights movement.\n\n\n\nBrought to you by http://AmericanHistoryCalendar
 .com.\nLike our Facebook page to see upcoming history events in your feed 
 https://www.facebook.com/AmericanHistoryCalendar/.
URL:https://americanhistorycalendar.com/eventscalendar/2\,2878-16th-street-
 baptist-church-bombing
END:VEVENT
BEGIN:VEVENT
SUMMARY:U.S. Constitution ratified
UID:2008-05-02-03-06-38-63-@americanhistorycalendar.com
SEQUENCE:0
STATUS:CONFIRMED
TRANSP:TRANSPARENT
RRULE:FREQ=YEARLY;INTERVAL=1;BYMONTHDAY=17;BYMONTH=9
DTSTART;VALUE=DATE:20080917
DTEND;VALUE=DATE:20080918
DTSTAMP:20210421T143657
CATEGORIES:Revolution Era
X-ALT-DESC;FMTTYPE=text/html:<!DOCTYPE HTML PUBLIC "-//W3C//DTD HTML 3.2//E
 N">\n<html>\n<head>\n<meta name="Generator" content="Zap Calendar (http://
 zapcalendar.com)"/><title></title></head><body>\n<p></p><p>September 17\, 
 1787<br/>\n</p>\n<p></p>\n<p></p>\n<p>Brought to you by <a href='http://am
 ericanhistorycalendar.com'>http://AmericanHistoryCalendar.com</a>.<br/>\nL
 ike our Facebook page to see upcoming history events in your feed <a href=
 'https://www.facebook.com/AmericanHistoryCalendar/'>https://www.facebook.c
 om/AmericanHistoryCalendar/</a>.</p></body></html>
DESCRIPTION:September 17\, 1787\n\n\n\nBrought to you by http://AmericanHis
 toryCalendar.com.\nLike our Facebook page to see upcoming history events i
 n your feed https://www.facebook.com/AmericanHistoryCalendar/.
URL:https://americanhistorycalendar.com/eventscalendar/2\,2887-u-s-constitu
 tion-ratified
END:VEVENT
BEGIN:VEVENT
SUMMARY:Battle of Antietam/Sharpsburg
UID:2008-05-08-05-35-21-63-@americanhistorycalendar.com
SEQUENCE:0
STATUS:CONFIRMED
TRANSP:TRANSPARENT
RRULE:FREQ=YEARLY;INTERVAL=1;BYMONTHDAY=17;BYMONTH=9
DTSTART;VALUE=DATE:20080917
DTEND;VALUE=DATE:20080918
DTSTAMP:20210421T143657
CATEGORIES:Civil War Events
LOCATION:Sharpsburg\, Maryland
GEO:39.4575994;-77.748882
X-ALT-DESC;FMTTYPE=text/html:<!DOCTYPE HTML PUBLIC "-//W3C//DTD HTML 3.2//E
 N">\n<html>\n<head>\n<meta name="Generator" content="Zap Calendar (http://
 zapcalendar.com)"/><title></title></head><body>\n<p></p><p>September 17\, 
 1862 - The bloodiest single day battle in American history with about 23\,
 000 casualties.<br/>\n</p>\n<p></p>\n<p></p>\n<p>Brought to you by <a href
 ='http://americanhistorycalendar.com'>http://AmericanHistoryCalendar.com</
 a>.<br/>\nLike our Facebook page to see upcoming history events in your fe
 ed <a href='https://www.facebook.com/AmericanHistoryCalendar/'>https://www
 .facebook.com/AmericanHistoryCalendar/</a>.</p></body></html>
DESCRIPTION:September 17\, 1862 - The bloodiest single day battle in Americ
 an history with about 23\,000 casualties.\n\n\n\nBrought to you by http://
 AmericanHistoryCalendar.com.\nLike our Facebook page to see upcoming histo
 ry events in your feed https://www.facebook.com/AmericanHistoryCalendar/.
URL:https://americanhistorycalendar.com/eventscalendar/2\,2896-battle-of-an
 tietam-sharpsburg
END:VEVENT
BEGIN:VEVENT
SUMMARY:Battle of Chickamauga
UID:2008-05-08-10-52-37-63-@americanhistorycalendar.com
SEQUENCE:0
STATUS:CONFIRMED
TRANSP:TRANSPARENT
RRULE:FREQ=YEARLY;INTERVAL=1;BYMONTHDAY=19;BYMONTH=9
DTSTART;VALUE=DATE:20080919
DTEND;VALUE=DATE:20080920
DTSTAMP:20210421T143657
CATEGORIES:Civil War Events
LOCATION:Chickamauga\, Georgia
GEO:34.8711879;-85.2907896
X-ALT-DESC;FMTTYPE=text/html:<!DOCTYPE HTML PUBLIC "-//W3C//DTD HTML 3.2//E
 N">\n<html>\n<head>\n<meta name="Generator" content="Zap Calendar (http://
 zapcalendar.com)"/><title></title></head><body>\n<p></p><p>September 19 to
  20\, 1863 <br/>\n</p>\n<p></p>\n<p></p>\n<p>Brought to you by <a href='ht
 tp://americanhistorycalendar.com'>http://AmericanHistoryCalendar.com</a>.<
 br/>\nLike our Facebook page to see upcoming history events in your feed <
 a href='https://www.facebook.com/AmericanHistoryCalendar/'>https://www.fac
 ebook.com/AmericanHistoryCalendar/</a>.</p></body></html>
DESCRIPTION:September 19 to 20\, 1863 \n\n\n\nBrought to you by http://Amer
 icanHistoryCalendar.com.\nLike our Facebook page to see upcoming history e
 vents in your feed https://www.facebook.com/AmericanHistoryCalendar/.
URL:https://americanhistorycalendar.com/eventscalendar/2\,2905-battle-of-ch
 ickamauga
END:VEVENT
BEGIN:VEVENT
SUMMARY:Birth of the U.S. Navy
UID:2008-07-07-16-03-49-63-@americanhistorycalendar.com
SEQUENCE:0
STATUS:CONFIRMED
TRANSP:TRANSPARENT
RRULE:FREQ=YEARLY;INTERVAL=1;BYMONTHDAY=13;BYMONTH=10
DTSTART;VALUE=DATE:20081013
DTEND;VALUE=DATE:20081014
DTSTAMP:20210421T143657
CATEGORIES:Revolution Era
LOCATION:Philadelphia\, PA
GEO:39.952335;-75.163789
X-ALT-DESC;FMTTYPE=text/html:<!DOCTYPE HTML PUBLIC "-//W3C//DTD HTML 3.2//E
 N">\n<html>\n<head>\n<meta name="Generator" content="Zap Calendar (http://
 zapcalendar.com)"/><title></title></head><body>\n<p></p><p>On October 13\,
  1775\, the Continental Congress authorized the procurement\, fitting out
 \, manning\, and dispatch of two armed vessels to search for munitions shi
 ps supplying the British Army in America\, effectively establishing the st
 art of the U.S. Navy.<br/>\n</p>\n<p></p>\n<p></p>\n<p>Brought to you by <
 a href='http://americanhistorycalendar.com'>http://AmericanHistoryCalendar
 .com</a>.<br/>\nLike our Facebook page to see upcoming history events in y
 our feed <a href='https://www.facebook.com/AmericanHistoryCalendar/'>https
 ://www.facebook.com/AmericanHistoryCalendar/</a>.</p></body></html>
DESCRIPTION:On October 13\, 1775\, the Continental Congress authorized the 
 procurement\, fitting out\, manning\, and dispatch of two armed vessels to
  search for munitions ships supplying the British Army in America\, effect
 ively establishing the start of the U.S. Navy.\n\n\n\nBrought to you by ht
 tp://AmericanHistoryCalendar.com.\nLike our Facebook page to see upcoming 
 history events in your feed https://www.facebook.com/AmericanHistoryCalend
 ar/.
URL:https://americanhistorycalendar.com/eventscalendar/2\,2914-birth-of-the
 -u-s-navy
END:VEVENT
BEGIN:VEVENT
SUMMARY:Man flies faster than the speed of sound
UID:2008-10-14-20-31-47-63-@americanhistorycalendar.com
SEQUENCE:0
STATUS:CONFIRMED
TRANSP:TRANSPARENT
RRULE:FREQ=YEARLY;INTERVAL=1;BYMONTHDAY=14;BYMONTH=10
DTSTART;VALUE=DATE:20081014
DTEND;VALUE=DATE:20081015
DTSTAMP:20210421T143657
CATEGORIES:Air and Space Events
X-ALT-DESC;FMTTYPE=text/html:<!DOCTYPE HTML PUBLIC "-//W3C//DTD HTML 3.2//E
 N">\n<html>\n<head>\n<meta name="Generator" content="Zap Calendar (http://
 zapcalendar.com)"/><title></title></head><body>\n<p></p><p>October 14\, 19
 47<br/>\n<br/>\nChuck Yeager becomes the first person to fly faster than t
 he speed of sound.<br/>\n</p>\n<p></p>\n<p></p>\n<p>Brought to you by <a h
 ref='http://americanhistorycalendar.com'>http://AmericanHistoryCalendar.co
 m</a>.<br/>\nLike our Facebook page to see upcoming history events in your
  feed <a href='https://www.facebook.com/AmericanHistoryCalendar/'>https://
 www.facebook.com/AmericanHistoryCalendar/</a>.</p></body></html>
DESCRIPTION:October 14\, 1947\n\nChuck Yeager becomes the first person to f
 ly faster than the speed of sound.\n\n\n\nBrought to you by http://America
 nHistoryCalendar.com.\nLike our Facebook page to see upcoming history even
 ts in your feed https://www.facebook.com/AmericanHistoryCalendar/.
URL:https://americanhistorycalendar.com/eventscalendar/2\,2923-man-flies-fa
 ster-than-the-speed-of-sound
END:VEVENT
BEGIN:VEVENT
SUMMARY:John Brown's Raid on Harpers Ferry
UID:2008-05-22-07-05-52-63-@americanhistorycalendar.com
SEQUENCE:0
STATUS:CONFIRMED
TRANSP:TRANSPARENT
RRULE:FREQ=YEARLY;INTERVAL=1;BYMONTHDAY=16;BYMONTH=10
DTSTART;VALUE=DATE:20081016
DTEND;VALUE=DATE:20081017
DTSTAMP:20210421T143657
CATEGORIES:Civil War Events
LOCATION:Harpers Ferry\, West Virginia
GEO:39.3253786;-77.7388818
X-ALT-DESC;FMTTYPE=text/html:<!DOCTYPE HTML PUBLIC "-//W3C//DTD HTML 3.2//E
 N">\n<html>\n<head>\n<meta name="Generator" content="Zap Calendar (http://
 zapcalendar.com)"/><title></title></head><body>\n<p></p><p>October 16\, 18
 59<br/>\nAbolitionist John Brown led 22 men on the federal armory at Harpe
 rs Ferry.  He was captured and later hanged. <br/>\n</p>\n<p></p>\n<p></p>
 \n<p>Brought to you by <a href='http://americanhistorycalendar.com'>http:/
 /AmericanHistoryCalendar.com</a>.<br/>\nLike our Facebook page to see upco
 ming history events in your feed <a href='https://www.facebook.com/America
 nHistoryCalendar/'>https://www.facebook.com/AmericanHistoryCalendar/</a>.<
 /p></body></html>
DESCRIPTION:October 16\, 1859\nAbolitionist John Brown led 22 men on the fe
 deral armory at Harpers Ferry.  He was captured and later hanged. \n\n\n\n
 Brought to you by http://AmericanHistoryCalendar.com.\nLike our Facebook p
 age to see upcoming history events in your feed https://www.facebook.com/A
 mericanHistoryCalendar/.
URL:https://americanhistorycalendar.com/eventscalendar/2\,2932-john-brown-s
 -raid-on-harpers-ferry
END:VEVENT
BEGIN:VEVENT
SUMMARY:Nevada\, the thirty-sixth state
UID:2008-05-02-04-42-16-63-@americanhistorycalendar.com
SEQUENCE:0
STATUS:CONFIRMED
TRANSP:TRANSPARENT
RRULE:FREQ=YEARLY;INTERVAL=1;BYMONTHDAY=31;BYMONTH=10
DTSTART;VALUE=DATE:20081031
DTEND;VALUE=DATE:20081101
DTSTAMP:20210421T143657
CATEGORIES:State Ratification
LOCATION:Carson City\, Nevada
GEO:39.1637984;-119.7674034
X-ALT-DESC;FMTTYPE=text/html:<!DOCTYPE HTML PUBLIC "-//W3C//DTD HTML 3.2//E
 N">\n<html>\n<head>\n<meta name="Generator" content="Zap Calendar (http://
 zapcalendar.com)"/><title></title></head><body>\n<p></p><p>October 31\, 18
 64<br/>\n</p>\n<p></p>\n<p></p>\n<p>Brought to you by <a href='http://amer
 icanhistorycalendar.com'>http://AmericanHistoryCalendar.com</a>.<br/>\nLik
 e our Facebook page to see upcoming history events in your feed <a href='h
 ttps://www.facebook.com/AmericanHistoryCalendar/'>https://www.facebook.com
 /AmericanHistoryCalendar/</a>.</p></body></html>
DESCRIPTION:October 31\, 1864\n\n\n\nBrought to you by http://AmericanHisto
 ryCalendar.com.\nLike our Facebook page to see upcoming history events in 
 your feed https://www.facebook.com/AmericanHistoryCalendar/.
URL:https://americanhistorycalendar.com/eventscalendar/2\,2941-nevada-the-t
 hirty-sixth-state
END:VEVENT
BEGIN:VEVENT
SUMMARY:South Dakota\, the fortieth state
UID:2008-05-02-04-52-42-63-@americanhistorycalendar.com
SEQUENCE:0
STATUS:CONFIRMED
TRANSP:TRANSPARENT
RRULE:FREQ=YEARLY;INTERVAL=1;BYMONTHDAY=2;BYMONTH=11
DTSTART;VALUE=DATE:20081102
DTEND;VALUE=DATE:20081103
DTSTAMP:20210421T143657
CATEGORIES:State Ratification
LOCATION:Pierre\, South Dakota
GEO:44.3683156;-100.3509665
X-ALT-DESC;FMTTYPE=text/html:<!DOCTYPE HTML PUBLIC "-//W3C//DTD HTML 3.2//E
 N">\n<html>\n<head>\n<meta name="Generator" content="Zap Calendar (http://
 zapcalendar.com)"/><title></title></head><body>\n<p></p><p>Novermber 2\, 1
 889<br/>\n</p>\n<p></p>\n<p></p>\n<p>Brought to you by <a href='http://ame
 ricanhistorycalendar.com'>http://AmericanHistoryCalendar.com</a>.<br/>\nLi
 ke our Facebook page to see upcoming history events in your feed <a href='
 https://www.facebook.com/AmericanHistoryCalendar/'>https://www.facebook.co
 m/AmericanHistoryCalendar/</a>.</p></body></html>
DESCRIPTION:Novermber 2\, 1889\n\n\n\nBrought to you by http://AmericanHist
 oryCalendar.com.\nLike our Facebook page to see upcoming history events in
  your feed https://www.facebook.com/AmericanHistoryCalendar/.
URL:https://americanhistorycalendar.com/eventscalendar/2\,2959-south-dakota
 -the-fortieth-state
END:VEVENT
BEGIN:VEVENT
SUMMARY:North Dakota\, the thirty-ninth state
UID:2008-05-02-04-50-10-63-@americanhistorycalendar.com
SEQUENCE:0
STATUS:CONFIRMED
TRANSP:TRANSPARENT
RRULE:FREQ=YEARLY;INTERVAL=1;BYMONTHDAY=2;BYMONTH=11
DTSTART;VALUE=DATE:20081102
DTEND;VALUE=DATE:20081103
DTSTAMP:20210421T143657
CATEGORIES:State Ratification
LOCATION:Bismarck\, North Dakota
GEO:46.8083268;-100.7837392
X-ALT-DESC;FMTTYPE=text/html:<!DOCTYPE HTML PUBLIC "-//W3C//DTD HTML 3.2//E
 N">\n<html>\n<head>\n<meta name="Generator" content="Zap Calendar (http://
 zapcalendar.com)"/><title></title></head><body>\n<p></p><p>Nov. 2\, 1889<b
 r/>\n</p>\n<p></p>\n<p></p>\n<p>Brought to you by <a href='http://american
 historycalendar.com'>http://AmericanHistoryCalendar.com</a>.<br/>\nLike ou
 r Facebook page to see upcoming history events in your feed <a href='https
 ://www.facebook.com/AmericanHistoryCalendar/'>https://www.facebook.com/Ame
 ricanHistoryCalendar/</a>.</p></body></html>
DESCRIPTION:Nov. 2\, 1889\n\n\n\nBrought to you by http://AmericanHistoryCa
 lendar.com.\nLike our Facebook page to see upcoming history events in your
  feed https://www.facebook.com/AmericanHistoryCalendar/.
URL:https://americanhistorycalendar.com/eventscalendar/2\,2950-north-dakota
 -the-thirty-ninth-state
END:VEVENT
BEGIN:VEVENT
SUMMARY:Montana\, the forty-first state
UID:2008-05-02-04-55-23-63-@americanhistorycalendar.com
SEQUENCE:0
STATUS:CONFIRMED
TRANSP:TRANSPARENT
RRULE:FREQ=YEARLY;INTERVAL=1;BYMONTHDAY=8;BYMONTH=11
DTSTART;VALUE=DATE:20081108
DTEND;VALUE=DATE:20081109
DTSTAMP:20210421T143657
CATEGORIES:State Ratification
LOCATION:Helena\, Montana
GEO:46.595805;-112.027031
X-ALT-DESC;FMTTYPE=text/html:<!DOCTYPE HTML PUBLIC "-//W3C//DTD HTML 3.2//E
 N">\n<html>\n<head>\n<meta name="Generator" content="Zap Calendar (http://
 zapcalendar.com)"/><title></title></head><body>\n<p></p><p>November 8\, 18
 89<br/>\n</p>\n<p></p>\n<p></p>\n<p>Brought to you by <a href='http://amer
 icanhistorycalendar.com'>http://AmericanHistoryCalendar.com</a>.<br/>\nLik
 e our Facebook page to see upcoming history events in your feed <a href='h
 ttps://www.facebook.com/AmericanHistoryCalendar/'>https://www.facebook.com
 /AmericanHistoryCalendar/</a>.</p></body></html>
DESCRIPTION:November 8\, 1889\n\n\n\nBrought to you by http://AmericanHisto
 ryCalendar.com.\nLike our Facebook page to see upcoming history events in 
 your feed https://www.facebook.com/AmericanHistoryCalendar/.
URL:https://americanhistorycalendar.com/eventscalendar/2\,2968-montana-the-
 forty-first-state
END:VEVENT
BEGIN:VEVENT
SUMMARY:Washington\, the forty-second state
UID:2008-05-02-04-57-38-63-@americanhistorycalendar.com
SEQUENCE:0
STATUS:CONFIRMED
TRANSP:TRANSPARENT
RRULE:FREQ=YEARLY;INTERVAL=1;BYMONTHDAY=11;BYMONTH=11
DTSTART;VALUE=DATE:20081111
DTEND;VALUE=DATE:20081112
DTSTAMP:20210421T143657
CATEGORIES:State Ratification
LOCATION:Olympia\, Washington
GEO:47.0378741;-122.9006951
X-ALT-DESC;FMTTYPE=text/html:<!DOCTYPE HTML PUBLIC "-//W3C//DTD HTML 3.2//E
 N">\n<html>\n<head>\n<meta name="Generator" content="Zap Calendar (http://
 zapcalendar.com)"/><title></title></head><body>\n<p></p><p>November 11\, 1
 889<br/>\n</p>\n<p></p>\n<p></p>\n<p>Brought to you by <a href='http://ame
 ricanhistorycalendar.com'>http://AmericanHistoryCalendar.com</a>.<br/>\nLi
 ke our Facebook page to see upcoming history events in your feed <a href='
 https://www.facebook.com/AmericanHistoryCalendar/'>https://www.facebook.co
 m/AmericanHistoryCalendar/</a>.</p></body></html>
DESCRIPTION:November 11\, 1889\n\n\n\nBrought to you by http://AmericanHist
 oryCalendar.com.\nLike our Facebook page to see upcoming history events in
  your feed https://www.facebook.com/AmericanHistoryCalendar/.
URL:https://americanhistorycalendar.com/eventscalendar/2\,2977-washington-t
 he-forty-second-state
END:VEVENT
BEGIN:VEVENT
SUMMARY:Oklahoma\, the forty-sixth state
UID:2008-05-02-05-20-36-63-@americanhistorycalendar.com
SEQUENCE:0
STATUS:CONFIRMED
TRANSP:TRANSPARENT
RRULE:FREQ=YEARLY;INTERVAL=1;BYMONTHDAY=16;BYMONTH=11
DTSTART;VALUE=DATE:20081116
DTEND;VALUE=DATE:20081117
DTSTAMP:20210421T143657
CATEGORIES:State Ratification
LOCATION:Oklahoma City\, Oklahoma
GEO:35.4675602;-97.5164276
X-ALT-DESC;FMTTYPE=text/html:<!DOCTYPE HTML PUBLIC "-//W3C//DTD HTML 3.2//E
 N">\n<html>\n<head>\n<meta name="Generator" content="Zap Calendar (http://
 zapcalendar.com)"/><title></title></head><body>\n<p></p><p>November 16\, 1
 907<br/>\n</p>\n<p></p>\n<p></p>\n<p>Brought to you by <a href='http://ame
 ricanhistorycalendar.com'>http://AmericanHistoryCalendar.com</a>.<br/>\nLi
 ke our Facebook page to see upcoming history events in your feed <a href='
 https://www.facebook.com/AmericanHistoryCalendar/'>https://www.facebook.co
 m/AmericanHistoryCalendar/</a>.</p></body></html>
DESCRIPTION:November 16\, 1907\n\n\n\nBrought to you by http://AmericanHist
 oryCalendar.com.\nLike our Facebook page to see upcoming history events in
  your feed https://www.facebook.com/AmericanHistoryCalendar/.
URL:https://americanhistorycalendar.com/eventscalendar/2\,2986-oklahoma-the
 -forty-sixth-state
END:VEVENT
BEGIN:VEVENT
SUMMARY:Gettysburg Address
UID:2008-05-08-05-11-48-63-@americanhistorycalendar.com
SEQUENCE:0
STATUS:CONFIRMED
TRANSP:TRANSPARENT
RRULE:FREQ=YEARLY;INTERVAL=1;BYMONTHDAY=19;BYMONTH=11
DTSTART;VALUE=DATE:20081119
DTEND;VALUE=DATE:20081120
DTSTAMP:20210421T143657
CATEGORIES:Civil War Events
LOCATION:Gettysburg\, Pennsylvania
GEO:39.8309293;-77.2310955
X-ALT-DESC;FMTTYPE=text/html:<!DOCTYPE HTML PUBLIC "-//W3C//DTD HTML 3.2//E
 N">\n<html>\n<head>\n<meta name="Generator" content="Zap Calendar (http://
 zapcalendar.com)"/><title></title></head><body>\n<p></p><p>Delivered on No
 vember 19\, 1863 by Abraham Lincoln.<br/>\n</p>\n<p></p>\n<p></p>\n<p>Brou
 ght to you by <a href='http://americanhistorycalendar.com'>http://American
 HistoryCalendar.com</a>.<br/>\nLike our Facebook page to see upcoming hist
 ory events in your feed <a href='https://www.facebook.com/AmericanHistoryC
 alendar/'>https://www.facebook.com/AmericanHistoryCalendar/</a>.</p></body
 ></html>
DESCRIPTION:Delivered on November 19\, 1863 by Abraham Lincoln.\n\n\n\nBrou
 ght to you by http://AmericanHistoryCalendar.com.\nLike our Facebook page 
 to see upcoming history events in your feed https://www.facebook.com/Ameri
 canHistoryCalendar/.
URL:https://americanhistorycalendar.com/eventscalendar/2\,2995-gettysburg-a
 ddress
END:VEVENT
BEGIN:VEVENT
SUMMARY:North Carolina\, the twelfth state
UID:2008-05-02-03-48-30-63-@americanhistorycalendar.com
SEQUENCE:0
STATUS:CONFIRMED
TRANSP:TRANSPARENT
RRULE:FREQ=YEARLY;INTERVAL=1;BYMONTHDAY=21;BYMONTH=11
DTSTART;VALUE=DATE:20081121
DTEND;VALUE=DATE:20081122
DTSTAMP:20210421T143657
CATEGORIES:State Ratification
LOCATION:Raleigh\, North Carolina
GEO:35.7795897;-78.6381787
X-ALT-DESC;FMTTYPE=text/html:<!DOCTYPE HTML PUBLIC "-//W3C//DTD HTML 3.2//E
 N">\n<html>\n<head>\n<meta name="Generator" content="Zap Calendar (http://
 zapcalendar.com)"/><title></title></head><body>\n<p></p><p>November 21\, 1
 789<br/>\n</p>\n<p></p>\n<p></p>\n<p>Brought to you by <a href='http://ame
 ricanhistorycalendar.com'>http://AmericanHistoryCalendar.com</a>.<br/>\nLi
 ke our Facebook page to see upcoming history events in your feed <a href='
 https://www.facebook.com/AmericanHistoryCalendar/'>https://www.facebook.co
 m/AmericanHistoryCalendar/</a>.</p></body></html>
DESCRIPTION:November 21\, 1789\n\n\n\nBrought to you by http://AmericanHist
 oryCalendar.com.\nLike our Facebook page to see upcoming history events in
  your feed https://www.facebook.com/AmericanHistoryCalendar/.
URL:https://americanhistorycalendar.com/eventscalendar/2\,3004-north-caroli
 na-the-twelfth-state
END:VEVENT
BEGIN:VEVENT
SUMMARY:John F. Kennedy assassinated
UID:2009-01-20-00-42-32-63-@americanhistorycalendar.com
SEQUENCE:0
STATUS:CONFIRMED
TRANSP:TRANSPARENT
RRULE:FREQ=YEARLY;INTERVAL=1;BYMONTHDAY=22;BYMONTH=11
DTSTART;VALUE=DATE:20081122
DTEND;VALUE=DATE:20081123
DTSTAMP:20210421T143657
CATEGORIES:Presidential Events
LOCATION:Dallas\, Texas
GEO:32.7801399;-96.8004511
X-ALT-DESC;FMTTYPE=text/html:<!DOCTYPE HTML PUBLIC "-//W3C//DTD HTML 3.2//E
 N">\n<html>\n<head>\n<meta name="Generator" content="Zap Calendar (http://
 zapcalendar.com)"/><title></title></head><body>\n<p></p><p>President Kenne
 dy was assassinated on November 22\, 1963 while on a trip to Dallas\, Texa
 s.<br/>\n</p>\n<p></p>\n<p></p>\n<p>Brought to you by <a href='http://amer
 icanhistorycalendar.com'>http://AmericanHistoryCalendar.com</a>.<br/>\nLik
 e our Facebook page to see upcoming history events in your feed <a href='h
 ttps://www.facebook.com/AmericanHistoryCalendar/'>https://www.facebook.com
 /AmericanHistoryCalendar/</a>.</p></body></html>
DESCRIPTION:President Kennedy was assassinated on November 22\, 1963 while 
 on a trip to Dallas\, Texas.\n\n\n\nBrought to you by http://AmericanHisto
 ryCalendar.com.\nLike our Facebook page to see upcoming history events in 
 your feed https://www.facebook.com/AmericanHistoryCalendar/.
URL:https://americanhistorycalendar.com/eventscalendar/2\,3013-john-f-kenne
 dy-assassinated
END:VEVENT
BEGIN:VEVENT
SUMMARY:Battle of Chattanooga
UID:2008-05-08-10-54-19-63-@americanhistorycalendar.com
SEQUENCE:0
STATUS:CONFIRMED
TRANSP:TRANSPARENT
RRULE:FREQ=YEARLY;INTERVAL=1;BYMONTHDAY=23;BYMONTH=11
DTSTART;VALUE=DATE:20081123
DTEND;VALUE=DATE:20081124
DTSTAMP:20210421T143657
CATEGORIES:Civil War Events
LOCATION:Chattanooga\, Tennessee
GEO:35.0456297;-85.3096801
X-ALT-DESC;FMTTYPE=text/html:<!DOCTYPE HTML PUBLIC "-//W3C//DTD HTML 3.2//E
 N">\n<html>\n<head>\n<meta name="Generator" content="Zap Calendar (http://
 zapcalendar.com)"/><title></title></head><body>\n<p></p><p>November 23 to 
 25\, 1863<br/>\n</p>\n<p></p>\n<p></p>\n<p>Brought to you by <a href='http
 ://americanhistorycalendar.com'>http://AmericanHistoryCalendar.com</a>.<br
 />\nLike our Facebook page to see upcoming history events in your feed <a 
 href='https://www.facebook.com/AmericanHistoryCalendar/'>https://www.faceb
 ook.com/AmericanHistoryCalendar/</a>.</p></body></html>
DESCRIPTION:November 23 to 25\, 1863\n\n\n\nBrought to you by http://Americ
 anHistoryCalendar.com.\nLike our Facebook page to see upcoming history eve
 nts in your feed https://www.facebook.com/AmericanHistoryCalendar/.
URL:https://americanhistorycalendar.com/eventscalendar/2\,3022-battle-of-ch
 attanooga
END:VEVENT
BEGIN:VEVENT
SUMMARY:British troops leave New York
UID:2008-05-02-03-03-59-63-@americanhistorycalendar.com
SEQUENCE:0
STATUS:CONFIRMED
TRANSP:TRANSPARENT
RRULE:FREQ=YEARLY;INTERVAL=1;BYMONTHDAY=25;BYMONTH=11
DTSTART;VALUE=DATE:20081125
DTEND;VALUE=DATE:20081126
DTSTAMP:20210421T143657
CATEGORIES:Revolution Era
LOCATION:New York City\, New York
GEO:40.7127837;-74.0059413
X-ALT-DESC;FMTTYPE=text/html:<!DOCTYPE HTML PUBLIC "-//W3C//DTD HTML 3.2//E
 N">\n<html>\n<head>\n<meta name="Generator" content="Zap Calendar (http://
 zapcalendar.com)"/><title></title></head><body>\n<p></p><p>November 25\, 1
 783<br/>\n</p>\n<p></p>\n<p></p>\n<p>Brought to you by <a href='http://ame
 ricanhistorycalendar.com'>http://AmericanHistoryCalendar.com</a>.<br/>\nLi
 ke our Facebook page to see upcoming history events in your feed <a href='
 https://www.facebook.com/AmericanHistoryCalendar/'>https://www.facebook.co
 m/AmericanHistoryCalendar/</a>.</p></body></html>
DESCRIPTION:November 25\, 1783\n\n\n\nBrought to you by http://AmericanHist
 oryCalendar.com.\nLike our Facebook page to see upcoming history events in
  your feed https://www.facebook.com/AmericanHistoryCalendar/.
URL:https://americanhistorycalendar.com/eventscalendar/2\,3031-british-troo
 ps-leave-new-york
END:VEVENT
BEGIN:VEVENT
SUMMARY:British sign Articles of Peace
UID:2008-05-02-02-56-55-63-@americanhistorycalendar.com
SEQUENCE:0
STATUS:CONFIRMED
TRANSP:TRANSPARENT
RRULE:FREQ=YEARLY;INTERVAL=1;BYMONTHDAY=30;BYMONTH=11
DTSTART;VALUE=DATE:20081130
DTEND;VALUE=DATE:20081201
DTSTAMP:20210421T143657
CATEGORIES:Revolution Era
X-ALT-DESC;FMTTYPE=text/html:<!DOCTYPE HTML PUBLIC "-//W3C//DTD HTML 3.2//E
 N">\n<html>\n<head>\n<meta name="Generator" content="Zap Calendar (http://
 zapcalendar.com)"/><title></title></head><body>\n<p></p><p>November 11\, 1
 782<br/>\n</p>\n<p></p>\n<p></p>\n<p>Brought to you by <a href='http://ame
 ricanhistorycalendar.com'>http://AmericanHistoryCalendar.com</a>.<br/>\nLi
 ke our Facebook page to see upcoming history events in your feed <a href='
 https://www.facebook.com/AmericanHistoryCalendar/'>https://www.facebook.co
 m/AmericanHistoryCalendar/</a>.</p></body></html>
DESCRIPTION:November 11\, 1782\n\n\n\nBrought to you by http://AmericanHist
 oryCalendar.com.\nLike our Facebook page to see upcoming history events in
  your feed https://www.facebook.com/AmericanHistoryCalendar/.
URL:https://americanhistorycalendar.com/eventscalendar/2\,3040-british-sign
 -articles-of-peace
END:VEVENT
BEGIN:VEVENT
SUMMARY:Illinois\, the twenty-first state
UID:2008-05-02-04-06-35-63-@americanhistorycalendar.com
SEQUENCE:0
STATUS:CONFIRMED
TRANSP:TRANSPARENT
RRULE:FREQ=YEARLY;INTERVAL=1;BYMONTHDAY=3;BYMONTH=12
DTSTART;VALUE=DATE:20081203
DTEND;VALUE=DATE:20081204
DTSTAMP:20210421T143657
CATEGORIES:State Ratification
LOCATION:Springfield\, Illinois
GEO:39.7817213;-89.6501481
X-ALT-DESC;FMTTYPE=text/html:<!DOCTYPE HTML PUBLIC "-//W3C//DTD HTML 3.2//E
 N">\n<html>\n<head>\n<meta name="Generator" content="Zap Calendar (http://
 zapcalendar.com)"/><title></title></head><body>\n<p></p><p>December 3\, 18
 18<br/>\n</p>\n<p></p>\n<p></p>\n<p>Brought to you by <a href='http://amer
 icanhistorycalendar.com'>http://AmericanHistoryCalendar.com</a>.<br/>\nLik
 e our Facebook page to see upcoming history events in your feed <a href='h
 ttps://www.facebook.com/AmericanHistoryCalendar/'>https://www.facebook.com
 /AmericanHistoryCalendar/</a>.</p></body></html>
DESCRIPTION:December 3\, 1818\n\n\n\nBrought to you by http://AmericanHisto
 ryCalendar.com.\nLike our Facebook page to see upcoming history events in 
 your feed https://www.facebook.com/AmericanHistoryCalendar/.
URL:https://americanhistorycalendar.com/eventscalendar/2\,3049-illinois-the
 -twenty-first-state
END:VEVENT
BEGIN:VEVENT
SUMMARY:Thirteenth Amendment ratified
UID:2008-05-08-11-05-04-63-@americanhistorycalendar.com
SEQUENCE:0
STATUS:CONFIRMED
TRANSP:TRANSPARENT
RRULE:FREQ=YEARLY;INTERVAL=1;BYMONTHDAY=6;BYMONTH=12
DTSTART;VALUE=DATE:20081206
DTEND;VALUE=DATE:20081207
DTSTAMP:20210421T143657
CATEGORIES:Civil War Events
X-ALT-DESC;FMTTYPE=text/html:<!DOCTYPE HTML PUBLIC "-//W3C//DTD HTML 3.2//E
 N">\n<html>\n<head>\n<meta name="Generator" content="Zap Calendar (http://
 zapcalendar.com)"/><title></title></head><body>\n<p></p><p>On December 6\,
  1865\, the Thirteenth Admendment to the Constitution was ratified\, offic
 ially abolishing slavery.<br/>\n</p>\n<p></p>\n<p></p>\n<p>Brought to you 
 by <a href='http://americanhistorycalendar.com'>http://AmericanHistoryCale
 ndar.com</a>.<br/>\nLike our Facebook page to see upcoming history events 
 in your feed <a href='https://www.facebook.com/AmericanHistoryCalendar/'>h
 ttps://www.facebook.com/AmericanHistoryCalendar/</a>.</p></body></html>
DESCRIPTION:On December 6\, 1865\, the Thirteenth Admendment to the Constit
 ution was ratified\, officially abolishing slavery.\n\n\n\nBrought to you 
 by http://AmericanHistoryCalendar.com.\nLike our Facebook page to see upco
 ming history events in your feed https://www.facebook.com/AmericanHistoryC
 alendar/.
URL:https://americanhistorycalendar.com/eventscalendar/2\,3058-thirteenth-a
 mendment-ratified
END:VEVENT
BEGIN:VEVENT
SUMMARY:Delaware\, the first state
UID:2008-05-02-03-17-40-63-@americanhistorycalendar.com
SEQUENCE:0
STATUS:CONFIRMED
TRANSP:TRANSPARENT
RRULE:FREQ=YEARLY;INTERVAL=1;BYMONTHDAY=7;BYMONTH=12
DTSTART;VALUE=DATE:20081207
DTEND;VALUE=DATE:20081208
DTSTAMP:20210421T143657
CATEGORIES:State Ratification
LOCATION:Dover\, Delaware
GEO:39.158168;-75.5243682
X-ALT-DESC;FMTTYPE=text/html:<!DOCTYPE HTML PUBLIC "-//W3C//DTD HTML 3.2//E
 N">\n<html>\n<head>\n<meta name="Generator" content="Zap Calendar (http://
 zapcalendar.com)"/><title></title></head><body>\n<p></p><p>December 7\, 17
 87</p>\n<p></p>\n<p></p>\n<p>Brought to you by <a href='http://americanhis
 torycalendar.com'>http://AmericanHistoryCalendar.com</a>.<br/>\nLike our F
 acebook page to see upcoming history events in your feed <a href='https://
 www.facebook.com/AmericanHistoryCalendar/'>https://www.facebook.com/Americ
 anHistoryCalendar/</a>.</p></body></html>
DESCRIPTION:December 7\, 1787\n\n\nBrought to you by http://AmericanHistory
 Calendar.com.\nLike our Facebook page to see upcoming history events in yo
 ur feed https://www.facebook.com/AmericanHistoryCalendar/.
URL:https://americanhistorycalendar.com/eventscalendar/2\,3067-delaware-the
 -first-state
END:VEVENT
BEGIN:VEVENT
SUMMARY:Pearl Harbor Attacked by Japanese
UID:2008-05-25-06-20-46-63-@americanhistorycalendar.com
SEQUENCE:0
STATUS:CONFIRMED
TRANSP:TRANSPARENT
RRULE:FREQ=YEARLY;INTERVAL=1;BYMONTHDAY=7;BYMONTH=12
DTSTART;VALUE=DATE:20081207
DTEND;VALUE=DATE:20081208
DTSTAMP:20210421T143657
CATEGORIES:World War II Events
LOCATION:Pearl Harbor\, Hawaii
GEO:21.3445072;-157.9748912
X-ALT-DESC;FMTTYPE=text/html:<!DOCTYPE HTML PUBLIC "-//W3C//DTD HTML 3.2//E
 N">\n<html>\n<head>\n<meta name="Generator" content="Zap Calendar (http://
 zapcalendar.com)"/><title></title></head><body>\n<p></p><p>December 7\, 19
 41<br/>\n</p>\n<p></p>\n<p></p>\n<p>Brought to you by <a href='http://amer
 icanhistorycalendar.com'>http://AmericanHistoryCalendar.com</a>.<br/>\nLik
 e our Facebook page to see upcoming history events in your feed <a href='h
 ttps://www.facebook.com/AmericanHistoryCalendar/'>https://www.facebook.com
 /AmericanHistoryCalendar/</a>.</p></body></html>
DESCRIPTION:December 7\, 1941\n\n\n\nBrought to you by http://AmericanHisto
 ryCalendar.com.\nLike our Facebook page to see upcoming history events in 
 your feed https://www.facebook.com/AmericanHistoryCalendar/.
URL:https://americanhistorycalendar.com/eventscalendar/2\,3076-pearl-harbor
 -attacked-by-japanese
END:VEVENT
BEGIN:VEVENT
SUMMARY:Mississippi\, the twentieth state
UID:2008-05-02-04-03-56-63-@americanhistorycalendar.com
SEQUENCE:0
STATUS:CONFIRMED
TRANSP:TRANSPARENT
RRULE:FREQ=YEARLY;INTERVAL=1;BYMONTHDAY=10;BYMONTH=12
DTSTART;VALUE=DATE:20081210
DTEND;VALUE=DATE:20081211
DTSTAMP:20210421T143657
CATEGORIES:State Ratification
LOCATION:Jackson\, Mississippi
GEO:32.2987573;-90.1848103
X-ALT-DESC;FMTTYPE=text/html:<!DOCTYPE HTML PUBLIC "-//W3C//DTD HTML 3.2//E
 N">\n<html>\n<head>\n<meta name="Generator" content="Zap Calendar (http://
 zapcalendar.com)"/><title></title></head><body>\n<p></p><p>December 10\, 1
 817<br/>\n</p>\n<p></p>\n<p></p>\n<p>Brought to you by <a href='http://ame
 ricanhistorycalendar.com'>http://AmericanHistoryCalendar.com</a>.<br/>\nLi
 ke our Facebook page to see upcoming history events in your feed <a href='
 https://www.facebook.com/AmericanHistoryCalendar/'>https://www.facebook.co
 m/AmericanHistoryCalendar/</a>.</p></body></html>
DESCRIPTION:December 10\, 1817\n\n\n\nBrought to you by http://AmericanHist
 oryCalendar.com.\nLike our Facebook page to see upcoming history events in
  your feed https://www.facebook.com/AmericanHistoryCalendar/.
URL:https://americanhistorycalendar.com/eventscalendar/2\,3085-mississippi-
 the-twentieth-state
END:VEVENT
BEGIN:VEVENT
SUMMARY:Indiana\, the nineteenth state
UID:2008-05-02-04-01-40-63-@americanhistorycalendar.com
SEQUENCE:0
STATUS:CONFIRMED
TRANSP:TRANSPARENT
RRULE:FREQ=YEARLY;INTERVAL=1;BYMONTHDAY=11;BYMONTH=12
DTSTART;VALUE=DATE:20081211
DTEND;VALUE=DATE:20081212
DTSTAMP:20210421T143657
CATEGORIES:State Ratification
LOCATION:Indianapolis\, Indiana
GEO:39.768403;-86.158068
X-ALT-DESC;FMTTYPE=text/html:<!DOCTYPE HTML PUBLIC "-//W3C//DTD HTML 3.2//E
 N">\n<html>\n<head>\n<meta name="Generator" content="Zap Calendar (http://
 zapcalendar.com)"/><title></title></head><body>\n<p></p><p>December 11\, 1
 816<br/>\n</p>\n<p></p>\n<p></p>\n<p>Brought to you by <a href='http://ame
 ricanhistorycalendar.com'>http://AmericanHistoryCalendar.com</a>.<br/>\nLi
 ke our Facebook page to see upcoming history events in your feed <a href='
 https://www.facebook.com/AmericanHistoryCalendar/'>https://www.facebook.co
 m/AmericanHistoryCalendar/</a>.</p></body></html>
DESCRIPTION:December 11\, 1816\n\n\n\nBrought to you by http://AmericanHist
 oryCalendar.com.\nLike our Facebook page to see upcoming history events in
  your feed https://www.facebook.com/AmericanHistoryCalendar/.
URL:https://americanhistorycalendar.com/eventscalendar/2\,3094-indiana-the-
 nineteenth-state
END:VEVENT
BEGIN:VEVENT
SUMMARY:Pennsylvania\, the second state
UID:2008-05-02-03-19-37-63-@americanhistorycalendar.com
SEQUENCE:0
STATUS:CONFIRMED
TRANSP:TRANSPARENT
RRULE:FREQ=YEARLY;INTERVAL=1;BYMONTHDAY=12;BYMONTH=12
DTSTART;VALUE=DATE:20081212
DTEND;VALUE=DATE:20081213
DTSTAMP:20210421T143657
CATEGORIES:State Ratification
LOCATION:Harrisburg\, Pennsylvania
GEO:40.2731911;-76.8867008
X-ALT-DESC;FMTTYPE=text/html:<!DOCTYPE HTML PUBLIC "-//W3C//DTD HTML 3.2//E
 N">\n<html>\n<head>\n<meta name="Generator" content="Zap Calendar (http://
 zapcalendar.com)"/><title></title></head><body>\n<p></p><p>December 12\, 1
 787<br/>\n</p>\n<p></p>\n<p></p>\n<p>Brought to you by <a href='http://ame
 ricanhistorycalendar.com'>http://AmericanHistoryCalendar.com</a>.<br/>\nLi
 ke our Facebook page to see upcoming history events in your feed <a href='
 https://www.facebook.com/AmericanHistoryCalendar/'>https://www.facebook.co
 m/AmericanHistoryCalendar/</a>.</p></body></html>
DESCRIPTION:December 12\, 1787\n\n\n\nBrought to you by http://AmericanHist
 oryCalendar.com.\nLike our Facebook page to see upcoming history events in
  your feed https://www.facebook.com/AmericanHistoryCalendar/.
URL:https://americanhistorycalendar.com/eventscalendar/2\,3103-pennsylvania
 -the-second-state
END:VEVENT
BEGIN:VEVENT
SUMMARY:Battle of Fredricksburg
UID:2008-05-08-10-47-04-63-@americanhistorycalendar.com
SEQUENCE:0
STATUS:CONFIRMED
TRANSP:TRANSPARENT
RRULE:FREQ=YEARLY;INTERVAL=1;BYMONTHDAY=13;BYMONTH=12
DTSTART;VALUE=DATE:20081213
DTEND;VALUE=DATE:20081214
DTSTAMP:20210421T143657
CATEGORIES:Civil War Events
LOCATION:Fredricksburg\, Virginia
GEO:38.3031837;-77.4605399
X-ALT-DESC;FMTTYPE=text/html:<!DOCTYPE HTML PUBLIC "-//W3C//DTD HTML 3.2//E
 N">\n<html>\n<head>\n<meta name="Generator" content="Zap Calendar (http://
 zapcalendar.com)"/><title></title></head><body>\n<p></p><p>December 13\, 1
 862 <br/>\n</p>\n<p></p>\n<p></p>\n<p>Brought to you by <a href='http://am
 ericanhistorycalendar.com'>http://AmericanHistoryCalendar.com</a>.<br/>\nL
 ike our Facebook page to see upcoming history events in your feed <a href=
 'https://www.facebook.com/AmericanHistoryCalendar/'>https://www.facebook.c
 om/AmericanHistoryCalendar/</a>.</p></body></html>
DESCRIPTION:December 13\, 1862 \n\n\n\nBrought to you by http://AmericanHis
 toryCalendar.com.\nLike our Facebook page to see upcoming history events i
 n your feed https://www.facebook.com/AmericanHistoryCalendar/.
URL:https://americanhistorycalendar.com/eventscalendar/2\,3112-battle-of-fr
 edricksburg
END:VEVENT
BEGIN:VEVENT
SUMMARY:British leave Charleston\, SC
UID:2009-02-13-15-08-08-63-@americanhistorycalendar.com
SEQUENCE:0
STATUS:CONFIRMED
TRANSP:TRANSPARENT
RRULE:FREQ=YEARLY;INTERVAL=1;BYMONTHDAY=14;BYMONTH=12
DTSTART;VALUE=DATE:20081214
DTEND;VALUE=DATE:20081215
DTSTAMP:20210421T143657
CATEGORIES:Revolution Era
LOCATION:Charleston\, South Carolina
GEO:32.7764749;-79.9310512
X-ALT-DESC;FMTTYPE=text/html:<!DOCTYPE HTML PUBLIC "-//W3C//DTD HTML 3.2//E
 N">\n<html>\n<head>\n<meta name="Generator" content="Zap Calendar (http://
 zapcalendar.com)"/><title></title></head><body>\n<p></p><p>December 14\, 1
 782<br/>\n</p>\n<p></p>\n<p></p>\n<p>Brought to you by <a href='http://ame
 ricanhistorycalendar.com'>http://AmericanHistoryCalendar.com</a>.<br/>\nLi
 ke our Facebook page to see upcoming history events in your feed <a href='
 https://www.facebook.com/AmericanHistoryCalendar/'>https://www.facebook.co
 m/AmericanHistoryCalendar/</a>.</p></body></html>
DESCRIPTION:December 14\, 1782\n\n\n\nBrought to you by http://AmericanHist
 oryCalendar.com.\nLike our Facebook page to see upcoming history events in
  your feed https://www.facebook.com/AmericanHistoryCalendar/.
URL:https://americanhistorycalendar.com/eventscalendar/2\,3121-british-leav
 e-charleston-sc
END:VEVENT
BEGIN:VEVENT
SUMMARY:Alabama\, the twenty-second state
UID:2008-05-02-04-08-14-63-@americanhistorycalendar.com
SEQUENCE:0
STATUS:CONFIRMED
TRANSP:TRANSPARENT
RRULE:FREQ=YEARLY;INTERVAL=1;BYMONTHDAY=14;BYMONTH=12
DTSTART;VALUE=DATE:20081214
DTEND;VALUE=DATE:20081215
DTSTAMP:20210421T143657
CATEGORIES:State Ratification
LOCATION:Montgomery\, Alabama
GEO:32.3668052;-86.2999689
X-ALT-DESC;FMTTYPE=text/html:<!DOCTYPE HTML PUBLIC "-//W3C//DTD HTML 3.2//E
 N">\n<html>\n<head>\n<meta name="Generator" content="Zap Calendar (http://
 zapcalendar.com)"/><title></title></head><body>\n<p></p><p>December 14\, 1
 819<br/>\n</p>\n<p></p>\n<p></p>\n<p>Brought to you by <a href='http://ame
 ricanhistorycalendar.com'>http://AmericanHistoryCalendar.com</a>.<br/>\nLi
 ke our Facebook page to see upcoming history events in your feed <a href='
 https://www.facebook.com/AmericanHistoryCalendar/'>https://www.facebook.co
 m/AmericanHistoryCalendar/</a>.</p></body></html>
DESCRIPTION:December 14\, 1819\n\n\n\nBrought to you by http://AmericanHist
 oryCalendar.com.\nLike our Facebook page to see upcoming history events in
  your feed https://www.facebook.com/AmericanHistoryCalendar/.
URL:https://americanhistorycalendar.com/eventscalendar/2\,3130-alabama-the-
 twenty-second-state
END:VEVENT
BEGIN:VEVENT
SUMMARY:Battle of Nashville
UID:2008-05-08-10-59-08-63-@americanhistorycalendar.com
SEQUENCE:0
STATUS:CONFIRMED
TRANSP:TRANSPARENT
RRULE:FREQ=YEARLY;INTERVAL=1;BYMONTHDAY=15;BYMONTH=12
DTSTART;VALUE=DATE:20081215
DTEND;VALUE=DATE:20081216
DTSTAMP:20210421T143657
CATEGORIES:Civil War Events
LOCATION:Nashville\, Tennessee
GEO:36.166667;-86.783333
X-ALT-DESC;FMTTYPE=text/html:<!DOCTYPE HTML PUBLIC "-//W3C//DTD HTML 3.2//E
 N">\n<html>\n<head>\n<meta name="Generator" content="Zap Calendar (http://
 zapcalendar.com)"/><title></title></head><body>\n<p></p><p>December 15 to 
 16\, 1864 <br/>\n</p>\n<p></p>\n<p></p>\n<p>Brought to you by <a href='htt
 p://americanhistorycalendar.com'>http://AmericanHistoryCalendar.com</a>.<b
 r/>\nLike our Facebook page to see upcoming history events in your feed <a
  href='https://www.facebook.com/AmericanHistoryCalendar/'>https://www.face
 book.com/AmericanHistoryCalendar/</a>.</p></body></html>
DESCRIPTION:December 15 to 16\, 1864 \n\n\n\nBrought to you by http://Ameri
 canHistoryCalendar.com.\nLike our Facebook page to see upcoming history ev
 ents in your feed https://www.facebook.com/AmericanHistoryCalendar/.
URL:https://americanhistorycalendar.com/eventscalendar/2\,3139-battle-of-na
 shville
END:VEVENT
BEGIN:VEVENT
SUMMARY:Boston Tea Party
UID:2008-04-30-05-33-17-62-@americanhistorycalendar.com
SEQUENCE:0
STATUS:CONFIRMED
TRANSP:TRANSPARENT
RRULE:FREQ=YEARLY;INTERVAL=1;BYMONTHDAY=16;BYMONTH=12
DTSTART;VALUE=DATE:20081216
DTEND;VALUE=DATE:20081217
DTSTAMP:20210421T143657
CATEGORIES:Revolution Era
LOCATION:Boston\, Massachusetts
GEO:42.3584308;-71.0597732
X-ALT-DESC;FMTTYPE=text/html:<!DOCTYPE HTML PUBLIC "-//W3C//DTD HTML 3.2//E
 N">\n<html>\n<head>\n<meta name="Generator" content="Zap Calendar (http://
 zapcalendar.com)"/><title></title></head><body>\n<p></p><p>December 16\, 1
 773<br/>\n</p>\n<p></p>\n<p></p>\n<p>Brought to you by <a href='http://ame
 ricanhistorycalendar.com'>http://AmericanHistoryCalendar.com</a>.<br/>\nLi
 ke our Facebook page to see upcoming history events in your feed <a href='
 https://www.facebook.com/AmericanHistoryCalendar/'>https://www.facebook.co
 m/AmericanHistoryCalendar/</a>.</p></body></html>
DESCRIPTION:December 16\, 1773\n\n\n\nBrought to you by http://AmericanHist
 oryCalendar.com.\nLike our Facebook page to see upcoming history events in
  your feed https://www.facebook.com/AmericanHistoryCalendar/.
URL:https://americanhistorycalendar.com/eventscalendar/2\,3148-boston-tea-p
 arty
END:VEVENT
BEGIN:VEVENT
SUMMARY:Wright Brothers fly first airplane
UID:2008-10-14-20-49-00-63-@americanhistorycalendar.com
SEQUENCE:0
STATUS:CONFIRMED
TRANSP:TRANSPARENT
RRULE:FREQ=YEARLY;INTERVAL=1;BYMONTHDAY=17;BYMONTH=12
DTSTART;VALUE=DATE:20081217
DTEND;VALUE=DATE:20081218
DTSTAMP:20210421T143657
CATEGORIES:Air and Space Events
LOCATION:Kitty Hawk\, North Carolina
GEO:36.0646102;-75.7057346
X-ALT-DESC;FMTTYPE=text/html:<!DOCTYPE HTML PUBLIC "-//W3C//DTD HTML 3.2//E
 N">\n<html>\n<head>\n<meta name="Generator" content="Zap Calendar (http://
 zapcalendar.com)"/><title></title></head><body>\n<p></p><p>December 17\, 1
 903<br/>\n</p>\n<p></p>\n<p></p>\n<p>Brought to you by <a href='http://ame
 ricanhistorycalendar.com'>http://AmericanHistoryCalendar.com</a>.<br/>\nLi
 ke our Facebook page to see upcoming history events in your feed <a href='
 https://www.facebook.com/AmericanHistoryCalendar/'>https://www.facebook.co
 m/AmericanHistoryCalendar/</a>.</p></body></html>
DESCRIPTION:December 17\, 1903\n\n\n\nBrought to you by http://AmericanHist
 oryCalendar.com.\nLike our Facebook page to see upcoming history events in
  your feed https://www.facebook.com/AmericanHistoryCalendar/.
URL:https://americanhistorycalendar.com/eventscalendar/2\,3157-wright-broth
 ers-fly-first-airplane
END:VEVENT
BEGIN:VEVENT
SUMMARY:New Jersey\, the third state
UID:2008-05-02-03-21-59-63-@americanhistorycalendar.com
SEQUENCE:0
STATUS:CONFIRMED
TRANSP:TRANSPARENT
RRULE:FREQ=YEARLY;INTERVAL=1;BYMONTHDAY=18;BYMONTH=12
DTSTART;VALUE=DATE:20081218
DTEND;VALUE=DATE:20081219
DTSTAMP:20210421T143657
CATEGORIES:State Ratification
LOCATION:Trenton\, New Jersey
GEO:40.2170534;-74.7429384
X-ALT-DESC;FMTTYPE=text/html:<!DOCTYPE HTML PUBLIC "-//W3C//DTD HTML 3.2//E
 N">\n<html>\n<head>\n<meta name="Generator" content="Zap Calendar (http://
 zapcalendar.com)"/><title></title></head><body>\n<p></p><p>December 18\, 1
 787<br/>\n</p>\n<p></p>\n<p></p>\n<p>Brought to you by <a href='http://ame
 ricanhistorycalendar.com'>http://AmericanHistoryCalendar.com</a>.<br/>\nLi
 ke our Facebook page to see upcoming history events in your feed <a href='
 https://www.facebook.com/AmericanHistoryCalendar/'>https://www.facebook.co
 m/AmericanHistoryCalendar/</a>.</p></body></html>
DESCRIPTION:December 18\, 1787\n\n\n\nBrought to you by http://AmericanHist
 oryCalendar.com.\nLike our Facebook page to see upcoming history events in
  your feed https://www.facebook.com/AmericanHistoryCalendar/.
URL:https://americanhistorycalendar.com/eventscalendar/2\,3166-new-jersey-t
 he-third-state
END:VEVENT
BEGIN:VEVENT
SUMMARY:South Carolina secedes from the Union
UID:2008-05-08-02-01-16-63-@americanhistorycalendar.com
SEQUENCE:0
STATUS:CONFIRMED
TRANSP:TRANSPARENT
RRULE:FREQ=YEARLY;INTERVAL=1;BYMONTHDAY=20;BYMONTH=12
DTSTART;VALUE=DATE:20081220
DTEND;VALUE=DATE:20081221
DTSTAMP:20210421T143657
CATEGORIES:Civil War Events
LOCATION:South Carolina
GEO:33.836081;-81.1637245
X-ALT-DESC;FMTTYPE=text/html:<!DOCTYPE HTML PUBLIC "-//W3C//DTD HTML 3.2//E
 N">\n<html>\n<head>\n<meta name="Generator" content="Zap Calendar (http://
 zapcalendar.com)"/><title></title></head><body>\n<p></p><p>On December 20
 \, 1860\, South Carolina was the first of eleven states to secede from the
  Union<br/>\n</p>\n<p></p>\n<p></p>\n<p>Brought to you by <a href='http://
 americanhistorycalendar.com'>http://AmericanHistoryCalendar.com</a>.<br/>
 \nLike our Facebook page to see upcoming history events in your feed <a hr
 ef='https://www.facebook.com/AmericanHistoryCalendar/'>https://www.faceboo
 k.com/AmericanHistoryCalendar/</a>.</p></body></html>
DESCRIPTION:On December 20\, 1860\, South Carolina was the first of eleven 
 states to secede from the Union\n\n\n\nBrought to you by http://AmericanHi
 storyCalendar.com.\nLike our Facebook page to see upcoming history events 
 in your feed https://www.facebook.com/AmericanHistoryCalendar/.
URL:https://americanhistorycalendar.com/eventscalendar/2\,3175-south-caroli
 na-secedes-from-the-union
END:VEVENT
BEGIN:VEVENT
SUMMARY:Washington resigns as Commander in Chief
UID:2008-05-02-03-05-31-63-@americanhistorycalendar.com
SEQUENCE:0
STATUS:CONFIRMED
TRANSP:TRANSPARENT
RRULE:FREQ=YEARLY;INTERVAL=1;BYMONTHDAY=23;BYMONTH=12
DTSTART;VALUE=DATE:20081223
DTEND;VALUE=DATE:20081224
DTSTAMP:20210421T143657
CATEGORIES:Revolution Era
X-ALT-DESC;FMTTYPE=text/html:<!DOCTYPE HTML PUBLIC "-//W3C//DTD HTML 3.2//E
 N">\n<html>\n<head>\n<meta name="Generator" content="Zap Calendar (http://
 zapcalendar.com)"/><title></title></head><body>\n<p></p><p>December 23\, 1
 783<br/>\n</p>\n<p></p>\n<p></p>\n<p>Brought to you by <a href='http://ame
 ricanhistorycalendar.com'>http://AmericanHistoryCalendar.com</a>.<br/>\nLi
 ke our Facebook page to see upcoming history events in your feed <a href='
 https://www.facebook.com/AmericanHistoryCalendar/'>https://www.facebook.co
 m/AmericanHistoryCalendar/</a>.</p></body></html>
DESCRIPTION:December 23\, 1783\n\n\n\nBrought to you by http://AmericanHist
 oryCalendar.com.\nLike our Facebook page to see upcoming history events in
  your feed https://www.facebook.com/AmericanHistoryCalendar/.
URL:https://americanhistorycalendar.com/eventscalendar/2\,3184-washington-r
 esigns-as-commander-in-chief
END:VEVENT
BEGIN:VEVENT
SUMMARY:The Treaty of Ghent signed
UID:2008-05-18-22-34-55-63-@americanhistorycalendar.com
SEQUENCE:0
STATUS:CONFIRMED
TRANSP:TRANSPARENT
RRULE:FREQ=YEARLY;INTERVAL=1;BYMONTHDAY=24;BYMONTH=12
DTSTART;VALUE=DATE:20081224
DTEND;VALUE=DATE:20081225
DTSTAMP:20210421T143657
CATEGORIES:1812 War Events
X-ALT-DESC;FMTTYPE=text/html:<!DOCTYPE HTML PUBLIC "-//W3C//DTD HTML 3.2//E
 N">\n<html>\n<head>\n<meta name="Generator" content="Zap Calendar (http://
 zapcalendar.com)"/><title></title></head><body>\n<p></p><p>Treaty was sign
 ed on December 24\, 1814 to end the War of 1812 between the U.S.A. and the
  U.K.<br/>\n</p>\n<p></p>\n<p></p>\n<p>Brought to you by <a href='http://a
 mericanhistorycalendar.com'>http://AmericanHistoryCalendar.com</a>.<br/>\n
 Like our Facebook page to see upcoming history events in your feed <a href
 ='https://www.facebook.com/AmericanHistoryCalendar/'>https://www.facebook.
 com/AmericanHistoryCalendar/</a>.</p></body></html>
DESCRIPTION:Treaty was signed on December 24\, 1814 to end the War of 1812 
 between the U.S.A. and the U.K.\n\n\n\nBrought to you by http://AmericanHi
 storyCalendar.com.\nLike our Facebook page to see upcoming history events 
 in your feed https://www.facebook.com/AmericanHistoryCalendar/.
URL:https://americanhistorycalendar.com/eventscalendar/2\,3193-the-treaty-o
 f-ghent-signed
END:VEVENT
BEGIN:VEVENT
SUMMARY:Washington Crosses the Delaware and captures Trenton
UID:2008-05-02-02-25-35-63-@americanhistorycalendar.com
SEQUENCE:0
STATUS:CONFIRMED
TRANSP:TRANSPARENT
RRULE:FREQ=YEARLY;INTERVAL=1;BYMONTHDAY=26;BYMONTH=12
DTSTART;VALUE=DATE:20081226
DTEND;VALUE=DATE:20081227
DTSTAMP:20210421T143657
CATEGORIES:Revolution Era
LOCATION:Trenton\, New Jersey
GEO:40.2170534;-74.7429384
X-ALT-DESC;FMTTYPE=text/html:<!DOCTYPE HTML PUBLIC "-//W3C//DTD HTML 3.2//E
 N">\n<html>\n<head>\n<meta name="Generator" content="Zap Calendar (http://
 zapcalendar.com)"/><title></title></head><body>\n<p></p><p>December 26\, 1
 776<br/>\n</p>\n<p></p>\n<p></p>\n<p>Brought to you by <a href='http://ame
 ricanhistorycalendar.com'>http://AmericanHistoryCalendar.com</a>.<br/>\nLi
 ke our Facebook page to see upcoming history events in your feed <a href='
 https://www.facebook.com/AmericanHistoryCalendar/'>https://www.facebook.co
 m/AmericanHistoryCalendar/</a>.</p></body></html>
DESCRIPTION:December 26\, 1776\n\n\n\nBrought to you by http://AmericanHist
 oryCalendar.com.\nLike our Facebook page to see upcoming history events in
  your feed https://www.facebook.com/AmericanHistoryCalendar/.
URL:https://americanhistorycalendar.com/eventscalendar/2\,3202-washington-c
 rosses-the-delaware-and-captures-trenton
END:VEVENT
BEGIN:VEVENT
SUMMARY:Iowa\, the twenty-ninth state
UID:2008-05-02-04-22-20-63-@americanhistorycalendar.com
SEQUENCE:0
STATUS:CONFIRMED
TRANSP:TRANSPARENT
RRULE:FREQ=YEARLY;INTERVAL=1;BYMONTHDAY=28;BYMONTH=12
DTSTART;VALUE=DATE:20081228
DTEND;VALUE=DATE:20081229
DTSTAMP:20210421T143657
CATEGORIES:State Ratification
LOCATION:Des Moines\, Iowa
GEO:41.6005448;-93.6091064
X-ALT-DESC;FMTTYPE=text/html:<!DOCTYPE HTML PUBLIC "-//W3C//DTD HTML 3.2//E
 N">\n<html>\n<head>\n<meta name="Generator" content="Zap Calendar (http://
 zapcalendar.com)"/><title></title></head><body>\n<p></p><p>December 28\, 1
 846<br/>\n</p>\n<p></p>\n<p></p>\n<p>Brought to you by <a href='http://ame
 ricanhistorycalendar.com'>http://AmericanHistoryCalendar.com</a>.<br/>\nLi
 ke our Facebook page to see upcoming history events in your feed <a href='
 https://www.facebook.com/AmericanHistoryCalendar/'>https://www.facebook.co
 m/AmericanHistoryCalendar/</a>.</p></body></html>
DESCRIPTION:December 28\, 1846\n\n\n\nBrought to you by http://AmericanHist
 oryCalendar.com.\nLike our Facebook page to see upcoming history events in
  your feed https://www.facebook.com/AmericanHistoryCalendar/.
URL:https://americanhistorycalendar.com/eventscalendar/2\,3211-iowa-the-twe
 nty-ninth-state
END:VEVENT
BEGIN:VEVENT
SUMMARY:British occupy Savannah\, GA
UID:2008-05-02-02-42-27-63-@americanhistorycalendar.com
SEQUENCE:0
STATUS:CONFIRMED
TRANSP:TRANSPARENT
RRULE:FREQ=YEARLY;INTERVAL=1;BYMONTHDAY=29;BYMONTH=12
DTSTART;VALUE=DATE:20081229
DTEND;VALUE=DATE:20081230
DTSTAMP:20210421T143657
CATEGORIES:Revolution Era
LOCATION:Savannah\, Georgia
GEO:32.0835407;-81.0998342
X-ALT-DESC;FMTTYPE=text/html:<!DOCTYPE HTML PUBLIC "-//W3C//DTD HTML 3.2//E
 N">\n<html>\n<head>\n<meta name="Generator" content="Zap Calendar (http://
 zapcalendar.com)"/><title></title></head><body>\n<p></p><p>December 12\, 1
 778<br/>\n</p>\n<p></p>\n<p></p>\n<p>Brought to you by <a href='http://ame
 ricanhistorycalendar.com'>http://AmericanHistoryCalendar.com</a>.<br/>\nLi
 ke our Facebook page to see upcoming history events in your feed <a href='
 https://www.facebook.com/AmericanHistoryCalendar/'>https://www.facebook.co
 m/AmericanHistoryCalendar/</a>.</p></body></html>
DESCRIPTION:December 12\, 1778\n\n\n\nBrought to you by http://AmericanHist
 oryCalendar.com.\nLike our Facebook page to see upcoming history events in
  your feed https://www.facebook.com/AmericanHistoryCalendar/.
URL:https://americanhistorycalendar.com/eventscalendar/2\,3220-british-occu
 py-savannah-ga
END:VEVENT
BEGIN:VEVENT
SUMMARY:Texas\, the twenty-eighth state
UID:2008-05-02-04-20-52-63-@americanhistorycalendar.com
SEQUENCE:0
STATUS:CONFIRMED
TRANSP:TRANSPARENT
RRULE:FREQ=YEARLY;INTERVAL=1;BYMONTHDAY=29;BYMONTH=12
DTSTART;VALUE=DATE:20081229
DTEND;VALUE=DATE:20081230
DTSTAMP:20210421T143657
CATEGORIES:State Ratification
LOCATION:Austin\, Texas
GEO:30.267153;-97.7430608
X-ALT-DESC;FMTTYPE=text/html:<!DOCTYPE HTML PUBLIC "-//W3C//DTD HTML 3.2//E
 N">\n<html>\n<head>\n<meta name="Generator" content="Zap Calendar (http://
 zapcalendar.com)"/><title></title></head><body>\n<p></p><p>December 29\, 1
 845<br/>\n</p>\n<p></p>\n<p></p>\n<p>Brought to you by <a href='http://ame
 ricanhistorycalendar.com'>http://AmericanHistoryCalendar.com</a>.<br/>\nLi
 ke our Facebook page to see upcoming history events in your feed <a href='
 https://www.facebook.com/AmericanHistoryCalendar/'>https://www.facebook.co
 m/AmericanHistoryCalendar/</a>.</p></body></html>
DESCRIPTION:December 29\, 1845\n\n\n\nBrought to you by http://AmericanHist
 oryCalendar.com.\nLike our Facebook page to see upcoming history events in
  your feed https://www.facebook.com/AmericanHistoryCalendar/.
URL:https://americanhistorycalendar.com/eventscalendar/2\,3229-texas-the-tw
 enty-eighth-state
END:VEVENT
BEGIN:VEVENT
SUMMARY:John Wilkes Boothe Killed
UID:2010-09-29-14-43-28-63-0@AmericanHistoryCalendar.com
SEQUENCE:0
STATUS:CONFIRMED
TRANSP:TRANSPARENT
RRULE:FREQ=YEARLY;INTERVAL=1;BYMONTHDAY=26;BYMONTH=4
DTSTART;VALUE=DATE:20090426
DTEND;VALUE=DATE:20090427
DTSTAMP:20210421T143657
CATEGORIES:Presidential Events,Civil War Events
LOCATION:Port Royal\, Virginia
GEO:38.1717974;-77.1910885
X-ALT-DESC;FMTTYPE=text/html:<!DOCTYPE HTML PUBLIC "-//W3C//DTD HTML 3.2//E
 N">\n<html>\n<head>\n<meta name="Generator" content="Zap Calendar (http://
 zapcalendar.com)"/><title></title></head><body>\n<p></p><p>April 26\, 1865
  - The 12 day manhunt for Lincoln's assassin comes to an end when John Wil
 kes Booth is shot by Union soldiers while hiding in a barn near Port Royal
 \, Virginia.<br/>\n</p>\n<p></p>\n<p></p>\n<p>Brought to you by <a href='h
 ttp://americanhistorycalendar.com'>http://AmericanHistoryCalendar.com</a>.
 <br/>\nLike our Facebook page to see upcoming history events in your feed 
 <a href='https://www.facebook.com/AmericanHistoryCalendar/'>https://www.fa
 cebook.com/AmericanHistoryCalendar/</a>.</p></body></html>
DESCRIPTION:April 26\, 1865 - The 12 day manhunt for Lincoln's assassin com
 es to an end when John Wilkes Booth is shot by Union soldiers while hiding
  in a barn near Port Royal\, Virginia.\n\n\n\nBrought to you by http://Ame
 ricanHistoryCalendar.com.\nLike our Facebook page to see upcoming history 
 events in your feed https://www.facebook.com/AmericanHistoryCalendar/.
URL:https://americanhistorycalendar.com/eventscalendar/2\,3238-john-wilkes-
 boothe-killed
END:VEVENT
BEGIN:VEVENT
SUMMARY:Victory at Yorktown
UID:2010-09-29-14-06-45-63-0@AmericanHistoryCalendar.com
SEQUENCE:0
STATUS:CONFIRMED
TRANSP:TRANSPARENT
RRULE:FREQ=YEARLY;INTERVAL=1;BYMONTHDAY=19;BYMONTH=10
DTSTART;VALUE=DATE:20091019
DTEND;VALUE=DATE:20091020
DTSTAMP:20210421T143657
CATEGORIES:Revolution Era
LOCATION:Yorktown\, Virginia
GEO:37.2387556;-76.5096731
X-ALT-DESC;FMTTYPE=text/html:<!DOCTYPE HTML PUBLIC "-//W3C//DTD HTML 3.2//E
 N">\n<html>\n<head>\n<meta name="Generator" content="Zap Calendar (http://
 zapcalendar.com)"/><title></title></head><body>\n<p></p><p>October 19\, 17
 81 - The British General Lord Cornwallis surrenders his 8\,000 troops in Y
 orktown\, Virginia\, marking an end to the American Revolution.<br/>\n</p>
 \n<p></p>\n<p></p>\n<p>Brought to you by <a href='http://americanhistoryca
 lendar.com'>http://AmericanHistoryCalendar.com</a>.<br/>\nLike our Faceboo
 k page to see upcoming history events in your feed <a href='https://www.fa
 cebook.com/AmericanHistoryCalendar/'>https://www.facebook.com/AmericanHist
 oryCalendar/</a>.</p></body></html>
DESCRIPTION:October 19\, 1781 - The British General Lord Cornwallis surrend
 ers his 8\,000 troops in Yorktown\, Virginia\, marking an end to the Ameri
 can Revolution.\n\n\n\nBrought to you by http://AmericanHistoryCalendar.co
 m.\nLike our Facebook page to see upcoming history events in your feed htt
 ps://www.facebook.com/AmericanHistoryCalendar/.
URL:https://americanhistorycalendar.com/eventscalendar/2\,3247-victory-at-y
 orktown
END:VEVENT
BEGIN:VEVENT
SUMMARY:Rosa Parks refuses to give up her bus seat to a white passenger
UID:2010-09-13-11-47-11-63-0@AmericanHistoryCalendar.com
SEQUENCE:0
STATUS:CONFIRMED
TRANSP:TRANSPARENT
RRULE:FREQ=YEARLY;INTERVAL=1;BYMONTHDAY=1;BYMONTH=12
DTSTART;VALUE=DATE:20091201
DTEND;VALUE=DATE:20091202
DTSTAMP:20210421T143657
CATEGORIES:Civil Rights Events
LOCATION:Montgomery\, Alabama
GEO:32.3668052;-86.2999689
X-ALT-DESC;FMTTYPE=text/html:<!DOCTYPE HTML PUBLIC "-//W3C//DTD HTML 3.2//E
 N">\n<html>\n<head>\n<meta name="Generator" content="Zap Calendar (http://
 zapcalendar.com)"/><title></title></head><body>\n<p></p><p>On December 1\,
  1955 in Montgomery\, Alabama\, Rosa Parks refused to give up her bus seat
  to a white passenger\, sparking the Montgomery Bus Boycott.<br/>\n</p>\n<
 p></p>\n<p></p>\n<p>Brought to you by <a href='http://americanhistorycalen
 dar.com'>http://AmericanHistoryCalendar.com</a>.<br/>\nLike our Facebook p
 age to see upcoming history events in your feed <a href='https://www.faceb
 ook.com/AmericanHistoryCalendar/'>https://www.facebook.com/AmericanHistory
 Calendar/</a>.</p></body></html>
DESCRIPTION:On December 1\, 1955 in Montgomery\, Alabama\, Rosa Parks refus
 ed to give up her bus seat to a white passenger\, sparking the Montgomery 
 Bus Boycott.\n\n\n\nBrought to you by http://AmericanHistoryCalendar.com.
 \nLike our Facebook page to see upcoming history events in your feed https
 ://www.facebook.com/AmericanHistoryCalendar/.
URL:https://americanhistorycalendar.com/eventscalendar/2\,3255-rosa-parks-r
 efuses-to-give-up-her-bus-seat-to-a-white-passenger
END:VEVENT
BEGIN:VEVENT
SUMMARY:Three astronauts killed from flash fire while onboard command modul
 e
UID:2010-10-01-13-07-08-63-0@AmericanHistoryCalendar.com
SEQUENCE:0
STATUS:CONFIRMED
TRANSP:TRANSPARENT
RRULE:FREQ=YEARLY;INTERVAL=1;BYMONTHDAY=27;BYMONTH=1
DTSTART;VALUE=DATE:20100127
DTEND;VALUE=DATE:20100128
DTSTAMP:20210421T143657
CATEGORIES:Air and Space Events
LOCATION:Cape Canaveral\, Florida
GEO:28.388333;-80.603611
X-ALT-DESC;FMTTYPE=text/html:<!DOCTYPE HTML PUBLIC "-//W3C//DTD HTML 3.2//E
 N">\n<html>\n<head>\n<meta name="Generator" content="Zap Calendar (http://
 zapcalendar.com)"/><title></title></head><body>\n<p></p><p>January 27\, 19
 67<br/>\n<br/>\nThree NASA astronauts were killed from a flash fire while 
 onboard the command module during a launch pad test.  The tragedy brought 
 about changes in the Apollo program to improve safety.  The AS-204 mission
  was redesignated Apollo I in honor of the crew.<br/>\n</p>\n<p></p>\n<p><
 /p>\n<p>Brought to you by <a href='http://americanhistorycalendar.com'>htt
 p://AmericanHistoryCalendar.com</a>.<br/>\nLike our Facebook page to see u
 pcoming history events in your feed <a href='https://www.facebook.com/Amer
 icanHistoryCalendar/'>https://www.facebook.com/AmericanHistoryCalendar/</a
 >.</p></body></html>
DESCRIPTION:January 27\, 1967\n\nThree NASA astronauts were killed from a f
 lash fire while onboard the command module during a launch pad test.  The 
 tragedy brought about changes in the Apollo program to improve safety.  Th
 e AS-204 mission was redesignated Apollo I in honor of the crew.\n\n\n\nBr
 ought to you by http://AmericanHistoryCalendar.com.\nLike our Facebook pag
 e to see upcoming history events in your feed https://www.facebook.com/Ame
 ricanHistoryCalendar/.
URL:https://americanhistorycalendar.com/eventscalendar/2\,3263-three-astron
 auts-killed-from-flash-fire-while-onboard-command-module
END:VEVENT
BEGIN:VEVENT
SUMMARY:Birth of the U.S. Army
UID:2011-10-26-10-20-01-63-0@AmericanHistoryCalendar.com
SEQUENCE:0
STATUS:CONFIRMED
TRANSP:TRANSPARENT
RRULE:FREQ=YEARLY;INTERVAL=1;BYMONTHDAY=14;BYMONTH=6
DTSTART;VALUE=DATE:20100614
DTEND;VALUE=DATE:20100615
DTSTAMP:20210421T143657
CATEGORIES:Revolution Era
LOCATION:Philadelphia\, PA
GEO:39.952335;-75.163789
X-ALT-DESC;FMTTYPE=text/html:<!DOCTYPE HTML PUBLIC "-//W3C//DTD HTML 3.2//E
 N">\n<html>\n<head>\n<meta name="Generator" content="Zap Calendar (http://
 zapcalendar.com)"/><title></title></head><body>\n<p></p><p>On June 14\, 17
 75\, the Contintental Congress resolved to form a committee   â€œto br
 ing in a draft of rules  and regulations for the government of   the Army.
 â€&nbsp; It also voted to support forces in Boston and New York City 
 for an impending confrontation with British Troops with 2 million dollars.
 <br/>\n</p>\n<p></p>\n<p></p>\n<p>Brought to you by <a href='http://americ
 anhistorycalendar.com'>http://AmericanHistoryCalendar.com</a>.<br/>\nLike 
 our Facebook page to see upcoming history events in your feed <a href='htt
 ps://www.facebook.com/AmericanHistoryCalendar/'>https://www.facebook.com/A
 mericanHistoryCalendar/</a>.</p></body></html>
DESCRIPTION:On June 14\, 1775\, the Contintental Congress resolved to form 
 a committee   â€œto bring in a draft of rules  and regulations for the
  government of   the Army.â€&nbsp\; It also voted to support forces i
 n Boston and New York City for an impending confrontation with British Tro
 ops with 2 million dollars.\n\n\n\nBrought to you by http://AmericanHistor
 yCalendar.com.\nLike our Facebook page to see upcoming history events in y
 our feed https://www.facebook.com/AmericanHistoryCalendar/.
URL:https://americanhistorycalendar.com/eventscalendar/2\,3271-birth-of-the
 -u-s-army
END:VEVENT
BEGIN:VEVENT
SUMMARY:Birth of the U.S. Coast Guard
UID:2011-10-26-20-21-33-63-0@AmericanHistoryCalendar.com
SEQUENCE:0
STATUS:CONFIRMED
TRANSP:TRANSPARENT
RRULE:FREQ=YEARLY;INTERVAL=1;BYMONTHDAY=4;BYMONTH=8
DTSTART;VALUE=DATE:20100804
DTEND;VALUE=DATE:20100805
DTSTAMP:20210421T143657
CATEGORIES:Revolution Era
X-ALT-DESC;FMTTYPE=text/html:<!DOCTYPE HTML PUBLIC "-//W3C//DTD HTML 3.2//E
 N">\n<html>\n<head>\n<meta name="Generator" content="Zap Calendar (http://
 zapcalendar.com)"/><title></title></head><body>\n<p></p><p>On August 4\, 1
 790\, Congress authorized Treasury Secretary Alexander Hamilton to build a
  fleet  of 10 cutters to  protect the U.S. coastline.<br/>\n</p>\n<p></p>
 \n<p></p>\n<p>Brought to you by <a href='http://americanhistorycalendar.co
 m'>http://AmericanHistoryCalendar.com</a>.<br/>\nLike our Facebook page to
  see upcoming history events in your feed <a href='https://www.facebook.co
 m/AmericanHistoryCalendar/'>https://www.facebook.com/AmericanHistoryCalend
 ar/</a>.</p></body></html>
DESCRIPTION:On August 4\, 1790\, Congress authorized Treasury Secretary Ale
 xander Hamilton to build a fleet  of 10 cutters to  protect the U.S. coast
 line.\n\n\n\nBrought to you by http://AmericanHistoryCalendar.com.\nLike o
 ur Facebook page to see upcoming history events in your feed https://www.f
 acebook.com/AmericanHistoryCalendar/.
URL:https://americanhistorycalendar.com/eventscalendar/2\,3279-birth-of-the
 -u-s-coast-guard
END:VEVENT
BEGIN:VEVENT
SUMMARY:Birth of the U.S. Marine Corps
UID:2011-10-26-10-12-10-63-0@AmericanHistoryCalendar.com
SEQUENCE:0
STATUS:CONFIRMED
TRANSP:TRANSPARENT
RRULE:FREQ=YEARLY;INTERVAL=1;BYMONTHDAY=10;BYMONTH=11
DTSTART;VALUE=DATE:20101110
DTEND;VALUE=DATE:20101111
DTSTAMP:20210421T143657
CATEGORIES:Revolution Era
LOCATION:Philadelphia\, PA
GEO:39.952335;-75.163789
X-ALT-DESC;FMTTYPE=text/html:<!DOCTYPE HTML PUBLIC "-//W3C//DTD HTML 3.2//E
 N">\n<html>\n<head>\n<meta name="Generator" content="Zap Calendar (http://
 zapcalendar.com)"/><title></title></head><body>\n<p></p><p>On November 10
 \, 1775\, the Second Continental Congress passed a resolution to raise 2 b
 attalions of Marines.  This date is regarded as the birthday of the U.S. M
 arine Corps.<br/>\n</p>\n<p></p>\n<p></p>\n<p>Brought to you by <a href='h
 ttp://americanhistorycalendar.com'>http://AmericanHistoryCalendar.com</a>.
 <br/>\nLike our Facebook page to see upcoming history events in your feed 
 <a href='https://www.facebook.com/AmericanHistoryCalendar/'>https://www.fa
 cebook.com/AmericanHistoryCalendar/</a>.</p></body></html>
DESCRIPTION:On November 10\, 1775\, the Second Continental Congress passed 
 a resolution to raise 2 battalions of Marines.  This date is regarded as t
 he birthday of the U.S. Marine Corps.\n\n\n\nBrought to you by http://Amer
 icanHistoryCalendar.com.\nLike our Facebook page to see upcoming history e
 vents in your feed https://www.facebook.com/AmericanHistoryCalendar/.
URL:https://americanhistorycalendar.com/eventscalendar/2\,3286-birth-of-the
 -u-s-marine-corps
END:VEVENT
BEGIN:VEVENT
SUMMARY:Bill of Rights Ratified
UID:2015-01-16-16-46-16-585-1@americanhistorycalendar.com
SEQUENCE:0
STATUS:CONFIRMED
TRANSP:TRANSPARENT
RRULE:FREQ=YEARLY;INTERVAL=1;BYMONTHDAY=15;BYMONTH=12
DTSTART;VALUE=DATE:20101215
DTEND;VALUE=DATE:20101216
DTSTAMP:20210421T143657
CATEGORIES:Revolution Era
LOCATION:Philadelphia\, Pennsylvania
GEO:39.9525839;-75.1652215
X-ALT-DESC;FMTTYPE=text/html:<!DOCTYPE HTML PUBLIC "-//W3C//DTD HTML 3.2//E
 N">\n<html>\n<head>\n<meta name="Generator" content="Zap Calendar (http://
 zapcalendar.com)"/><title></title></head><body>\n<p></p><p>Ratified on Dec
 ember 15\, 1791.</p>\n<p></p>\n<p></p>\n<p>Brought to you by <a href='http
 ://americanhistorycalendar.com'>http://AmericanHistoryCalendar.com</a>.<br
 />\nLike our Facebook page to see upcoming history events in your feed <a 
 href='https://www.facebook.com/AmericanHistoryCalendar/'>https://www.faceb
 ook.com/AmericanHistoryCalendar/</a>.</p></body></html>
DESCRIPTION:Ratified on December 15\, 1791.\n\n\nBrought to you by http://A
 mericanHistoryCalendar.com.\nLike our Facebook page to see upcoming histor
 y events in your feed https://www.facebook.com/AmericanHistoryCalendar/.
URL:https://americanhistorycalendar.com/eventscalendar/2\,3571-bill-of-righ
 ts-ratified
END:VEVENT
END:VCALENDAR

