BEGIN:VCARD
VERSION:3.0
N:Inc.;Test;;;
FN:Test Inc.
ORG:Test Inc.;
EMAIL;TYPE=INTERNET,WORK,pref:testinc_sf@example.com
TEL;TYPE=WORK,pref:777-777-7777
item1.ADR;TYPE=WORK,pref:;;3 TV Street;San Francisco;California;99999;US
item1.X-ABADR:us
NOTE: Company with picture
PHOTO;ENCODING=b:/9j/4AAQSkZJRgABAQAAAQABAAD/7QA8UGhvdG9zaG9wIDMuMAA4QklNBA
 QAAAAAAB8cAVoAAxslRxwCAAACAAIcAhkAC1Bob3RvIEJvb3RoAP/iG6hJQ0NfUFJPRklMRQAB
 AQAAG5hhcHBsAgAAAG1udHJSR0IgWFlaIAfaAAEAEwAJADEABGFjc3BBUFBMAAAAAAAAAAAAAA
 AAAAAAAAAAAAAAAAAAAAD21gABAAAAANMtYXBwbFYcEOZVYuhIRg5LwLIi62wAAAAAAAAAAAAA
 AAAAAAAAAAAAAAAAAAAAAAAAAAAAEXJYWVoAAAFQAAAAFGdYWVoAAAFkAAAAFGJYWVoAAAF4AA
 AAFHd0cHQAAAGMAAAAFGNoYWQAAAGgAAAALHJUUkMAAAHMAAAIDGdUUkMAAAnYAAAIDGJUUkMA
 ABHkAAAIDGFhcmcAABnwAAAAIGFhZ2cAABoQAAAAIGFhYmcAABowAAAAIHZjZ3QAABpQAAAAMG
 5kaW4AABqAAAAAOGRlc2MAABq4AAAAZGRzY20AABscAAAALm1tb2QAABtMAAAAKGNwcnQAABt0
 AAAAJFhZWiAAAAAAAAB7vQAAQXsAAAJLWFlaIAAAAAAAAFYqAACp0AAAFF9YWVogAAAAAAAAJO
 8AABS1AAC8glhZWiAAAAAAAADz2AABAAAAARYIc2YzMgAAAAAAAQu3AAAFlv//81cAAAcpAAD9
 1///+7f///2mAAAD2gAAwPZjdXJ2AAAAAAAABAAAAAAFAAoADwAUABkAHgAjACgALQAyADcAOw
 BAAEUASgBPAFQAWQBeAGMAaABtAHIAdwB8AIEAhgCLAJAAlQCaAJ8ApACpAK4AsgC3ALwAwQDG
 AMsA0ADVANoA4ADlAOoA8AD1APsBAQEHAQwBEgEYAR4BJQErATEBOAE+AUUBSwFSAVkBYAFmAW
 0BdQF8AYMBigGSAZkBoQGoAbABuAHAAcgB0AHYAeAB6QHxAfoCAgILAhQCHAIlAi4CNwJAAkoC
 UwJcAmYCcAJ5AoMCjQKXAqECqwK1Ar8CygLUAt8C6gL0Av8DCgMVAyADKwM3A0IDTQNZA2UDcA
 N8A4gDlAOgA6wDuQPFA9ID3gPrA/gEBAQRBB4ELAQ5BEYEVARhBG8EfASKBJgEpgS0BMIE0QTf
 BO4E/AULBRoFKAU3BUcFVgVlBXQFhAWTBaMFswXDBdMF4wXzBgMGFAYkBjUGRQZWBmcGeAaJBp
 oGqwa9Bs4G4AbyBwMHFQcnBzkHTAdeB3AHgweWB6gHuwfOB+EH9AgICBsILwhCCFYIagh+CJII
 pgi6CM4I4wj3CQwJIQk2CUsJYAl1CYoJoAm1CcsJ4An2CgwKIgo5Ck8KZQp8CpIKqQrACtcK7g
 sFCx0LNAtLC2MLewuTC6sLwwvbC/MMDAwkDD0MVgxuDIcMoQy6DNMM7Q0GDSANOg1UDW4NiA2i
 DbwN1w3xDgwOJw5CDl0OeA6TDq8Oyg7mDwIPHg86D1YPcg+OD6sPyA/kEAEQHhA7EFgQdhCTEL
 EQzhDsEQoRKBFGEWQRgxGhEcAR3xH+Eh0SPBJbEnoSmhK5EtkS+RMZEzkTWRN6E5oTuxPbE/wU
 HRQ+FF8UgRSiFMQU5RUHFSkVSxVtFZAVshXVFfcWGhY9FmAWgxanFsoW7hcSFzUXWRd9F6IXxh
 fqGA8YNBhZGH0YoxjIGO0ZExk4GV4ZhBmqGdAZ9hodGkMaahqQGrca3hsGGy0bVBt8G6Mbyxvz
 HBscQxxsHJQcvRzmHQ4dNx1gHYodsx3dHgYeMB5aHoQerh7YHwMfLR9YH4Mfrh/ZIAQgMCBbII
 cgsyDeIQohNyFjIY8hvCHpIhUiQiJwIp0iyiL4IyUjUyOBI68j3SQMJDokaSSXJMYk9SUkJVQl
 gyWzJeImEiZCJnImoybTJwMnNCdlJ5Ynxyf4KCooWyiNKL4o8CkiKVUphym5KewqHypSKoUquC
 rrKx4rUiuGK7or7iwiLFYsiiy/LPQtKS1eLZMtyC39LjMuaS6eLtQvCy9BL3cvri/kMBswUjCJ
 MMEw+DEwMWcxnzHXMg8ySDKAMrgy8TMqM2MznDPVNA80SDSCNLw09jUwNWo1pTXfNho2VTaQNs
 s3BjdCN343uTf1ODE4bTiqOOY5IzlgOZ052joXOlQ6kjrPOw07SzuJO8c8BjxEPIM8wj0BPUA9
 fz2/Pf4+Pj5+Pr4+/j8/P38/wEAAQEFAgkDEQQVBR0GIQcpCDEJOQpFC00MWQ1hDm0PeRCFEZU
 SoROxFMEV0RbhF/EZARoVGykcOR1NHmUfeSCNIaUivSPVJO0mBScdKDkpVSptK4ksqS3FLuEwA
 TEhMkEzYTSBNaE2xTfpOQk6MTtVPHk9nT7FP+1BFUI9Q2VEkUW5RuVIEUk9SmlLlUzFTfFPIVB
 RUYFStVPlVRlWSVd9WLFZ6VsdXFFdiV7BX/lhMWJpY6Vk4WYZZ1VokWnRaw1sTW2NbslwDXFNc
 o1z0XURdlV3mXjdeiV7aXyxffl/QYCJgdGDHYRlhbGG/YhJiZWK5YwxjYGO0ZAhkXGSxZQVlWm
 WvZgRmWWavZwRnWmewaAZoXGiyaQlpX2m2ag1qZGq8axNra2vDbBtsc2zLbSNtfG3Vbi5uh27g
 bzpvk2/tcEdwoXD7cVZxsHILcmZywXMcc3hz03QvdIt053VDdaB1/HZZdrZ3E3dwd854K3iJeO
 d5RXmjegJ6YHq/ex57fXvcfDx8m3z7fVt9u34bfnx+3H89f55//4BggMKBI4GFgeeCSYKrgw6D
 cIPThDaEmYT8hWCFw4YnhouG74dUh7iIHYiBiOaJTImxihaKfIrii0iLrowUjHuM4o1Ija+OF4
 5+juWPTY+1kB2QhZDukVaRv5IokpGS+pNkk82UN5ShlQuVdZXglkqWtZcgl4uX95himM6ZOpmm
 mhKafprrm1ebxJwxnJ+dDJ15neeeVZ7DnzGfoKAPoH2g7KFbocuiOqKqoxqjiqP6pGqk26VMpb
 ymLqafpxCngqf0qGWo2KlKqbyqL6qiqxWriKv7rG+s461WrcuuP66zryivnbARsIew/LFxseey
 XbLTs0mzv7Q2tK21JLWbthK2ibcBt3m38bhpuOG5WrnSuku6xLs+u7e8MLyqvSS9nr4ZvpO/Dr
 +JwATAf8D6wXbB8cJtwunDZsPixF/E3MVZxdbGU8bRx07HzMhKyMnJR8nGykXKxMtDy8LMQszB
 zUHNwc5CzsLPQ8/D0ETQxtFH0cjSStLM007T0NRT1NbVWNXb1l7W4tdl1+nYbdjx2XXZ+tp/2w
 PbiNwO3JPdGd2e3iTeqt8x37fgPuDF4Uzh0+Ja4uLjauPy5HrlAuWL5hPmnOcl56/oOOjC6Uzp
 1upg6urrdev/7IrtFu2h7izuuO9E79DwXPDp8XXyAvKP8xzzqvQ39MX1U/Xh9m/2/veM+Bv4qv
 k5+cn6Wfro+3j8CPyZ/Sn9uv5L/tz/bmN1cnYAAAAAAAAEAAAAAAUACgAPABQAGQAeACMAKAAt
 ADIANwA7AEAARQBKAE8AVABZAF4AYwBoAG0AcgB3AHwAgQCGAIsAkACVAJoAnwCkAKkArgCyAL
 cAvADBAMYAywDQANUA2gDgAOUA6gDwAPUA+wEBAQcBDAESARgBHgElASsBMQE4AT4BRQFLAVIB
 WQFgAWYBbQF1AXwBgwGKAZIBmQGhAagBsAG4AcAByAHQAdgB4AHpAfEB+gICAgsCFAIcAiUCLg
 I3AkACSgJTAlwCZgJwAnkCgwKNApcCoQKrArUCvwLKAtQC3wLqAvQC/wMKAxUDIAMrAzcDQgNN
 A1kDZQNwA3wDiAOUA6ADrAO5A8UD0gPeA+sD+AQEBBEEHgQsBDkERgRUBGEEbwR8BIoEmASmBL
 QEwgTRBN8E7gT8BQsFGgUoBTcFRwVWBWUFdAWEBZMFowWzBcMF0wXjBfMGAwYUBiQGNQZFBlYG
 ZwZ4BokGmgarBr0GzgbgBvIHAwcVBycHOQdMB14HcAeDB5YHqAe7B84H4Qf0CAgIGwgvCEIIVg
 hqCH4IkgimCLoIzgjjCPcJDAkhCTYJSwlgCXUJigmgCbUJywngCfYKDAoiCjkKTwplCnwKkgqp
 CsAK1wruCwULHQs0C0sLYwt7C5MLqwvDC9sL8wwMDCQMPQxWDG4MhwyhDLoM0wztDQYNIA06DV
 QNbg2IDaINvA3XDfEODA4nDkIOXQ54DpMOrw7KDuYPAg8eDzoPVg9yD44Pqw/ID+QQARAeEDsQ
 WBB2EJMQsRDOEOwRChEoEUYRZBGDEaERwBHfEf4SHRI8ElsSehKaErkS2RL5ExkTORNZE3oTmh
 O7E9sT/BQdFD4UXxSBFKIUxBTlFQcVKRVLFW0VkBWyFdUV9xYaFj0WYBaDFqcWyhbuFxIXNRdZ
 F30XohfGF+oYDxg0GFkYfRijGMgY7RkTGTgZXhmEGaoZ0Bn2Gh0aQxpqGpAatxreGwYbLRtUG3
 wboxvLG/McGxxDHGwclBy9HOYdDh03HWAdih2zHd0eBh4wHloehB6uHtgfAx8tH1gfgx+uH9kg
 BCAwIFsghyCzIN4hCiE3IWMhjyG8IekiFSJCInAinSLKIvgjJSNTI4EjryPdJAwkOiRpJJckxi
 T1JSQlVCWDJbMl4iYSJkImciajJtMnAyc0J2UnlifHJ/goKihbKI0ovijwKSIpVSmHKbkp7Cof
 KlIqhSq4KusrHitSK4YruivuLCIsViyKLL8s9C0pLV4tky3ILf0uMy5pLp4u1C8LL0Evdy+uL+
 QwGzBSMIkwwTD4MTAxZzGfMdcyDzJIMoAyuDLxMyozYzOcM9U0DzRINII0vDT2NTA1ajWlNd82
 GjZVNpA2yzcGN0I3fje5N/U4MThtOKo45jkjOWA5nTnaOhc6VDqSOs87DTtLO4k7xzwGPEQ8gz
 zCPQE9QD1/Pb89/j4+Pn4+vj7+Pz8/fz/AQABAQUCCQMRBBUFHQYhBykIMQk5CkULTQxZDWEOb
 Q95EIURlRKhE7EUwRXRFuEX8RkBGhUbKRw5HU0eZR95II0hpSK9I9Uk7SYFJx0oOSlVKm0riSy
 pLcUu4TABMSEyQTNhNIE1oTbFN+k5CToxO1U8eT2dPsU/7UEVQj1DZUSRRblG5UgRST1KaUuVT
 MVN8U8hUFFRgVK1U+VVGVZJV31YsVnpWx1cUV2JXsFf+WExYmljpWThZhlnVWiRadFrDWxNbY1
 uyXANcU1yjXPRdRF2VXeZeN16JXtpfLF9+X9BgImB0YMdhGWFsYb9iEmJlYrljDGNgY7RkCGRc
 ZLFlBWVaZa9mBGZZZq9nBGdaZ7BoBmhcaLJpCWlfabZqDWpkarxrE2tra8NsG2xzbMttI218bd
 VuLm6HbuBvOm+Tb+1wR3ChcPtxVnGwcgtyZnLBcxxzeHPTdC90i3TndUN1oHX8dll2tncTd3B3
 zngreIl453lFeaN6Anpger97Hnt9e9x8PHybfPt9W327fht+fH7cfz1/nn//gGCAwoEjgYWB54
 JJgquDDoNwg9OENoSZhPyFYIXDhieGi4bvh1SHuIgdiIGI5olMibGKFop8iuKLSIuujBSMe4zi
 jUiNr44Xjn6O5Y9Nj7WQHZCFkO6RVpG/kiiSkZL6k2STzZQ3lKGVC5V1leCWSpa1lyCXi5f3mG
 KYzpk6maaaEpp+muubV5vEnDGcn50MnXmd555VnsOfMZ+goA+gfaDsoVuhy6I6oqqjGqOKo/qk
 aqTbpUylvKYupp+nEKeCp/SoZajYqUqpvKovqqKrFauIq/usb6zjrVaty64/rrOvKK+dsBGwh7
 D8sXGx57JdstOzSbO/tDa0rbUktZu2EraJtwG3ebfxuGm44blaudK6S7rEuz67t7wwvKq9JL2e
 vhm+k78Ov4nABMB/wPrBdsHxwm3C6cNmw+LEX8TcxVnF1sZTxtHHTsfMyErIyclHycbKRcrEy0
 PLwsxCzMHNQc3BzkLOws9Dz8PQRNDG0UfRyNJK0szTTtPQ1FPU1tVY1dvWXtbi12XX6dht2PHZ
 ddn62n/bA9uI3A7ck90Z3Z7eJN6q3zHft+A+4MXhTOHT4lri4uNq4/LkeuUC5YvmE+ac5yXnr+
 g46MLpTOnW6mDq6ut16//siu0W7aHuLO6470Tv0PBc8OnxdfIC8o/zHPOq9Df0xfVT9eH2b/b+
 94z4G/iq+Tn5yfpZ+uj7ePwI/Jn9Kf26/kv+3P9uY3VydgAAAAAAAAQAAAAABQAKAA8AFAAZAB
 4AIwAoAC0AMgA3ADsAQABFAEoATwBUAFkAXgBjAGgAbQByAHcAfACBAIYAiwCQAJUAmgCfAKQA
 qQCuALIAtwC8AMEAxgDLANAA1QDaAOAA5QDqAPAA9QD7AQEBBwEMARIBGAEeASUBKwExATgBPg
 FFAUsBUgFZAWABZgFtAXUBfAGDAYoBkgGZAaEBqAGwAbgBwAHIAdAB2AHgAekB8QH6AgICCwIU
 AhwCJQIuAjcCQAJKAlMCXAJmAnACeQKDAo0ClwKhAqsCtQK/AsoC1ALfAuoC9AL/AwoDFQMgAy
 sDNwNCA00DWQNlA3ADfAOIA5QDoAOsA7kDxQPSA94D6wP4BAQEEQQeBCwEOQRGBFQEYQRvBHwE
 igSYBKYEtATCBNEE3wTuBPwFCwUaBSgFNwVHBVYFZQV0BYQFkwWjBbMFwwXTBeMF8wYDBhQGJA
 Y1BkUGVgZnBngGiQaaBqsGvQbOBuAG8gcDBxUHJwc5B0wHXgdwB4MHlgeoB7sHzgfhB/QICAgb
 CC8IQghWCGoIfgiSCKYIugjOCOMI9wkMCSEJNglLCWAJdQmKCaAJtQnLCeAJ9goMCiIKOQpPCm
 UKfAqSCqkKwArXCu4LBQsdCzQLSwtjC3sLkwurC8ML2wvzDAwMJAw9DFYMbgyHDKEMugzTDO0N
 Bg0gDToNVA1uDYgNog28DdcN8Q4MDicOQg5dDngOkw6vDsoO5g8CDx4POg9WD3IPjg+rD8gP5B
 ABEB4QOxBYEHYQkxCxEM4Q7BEKESgRRhFkEYMRoRHAEd8R/hIdEjwSWxJ6EpoSuRLZEvkTGRM5
 E1kTehOaE7sT2xP8FB0UPhRfFIEUohTEFOUVBxUpFUsVbRWQFbIV1RX3FhoWPRZgFoMWpxbKFu
 4XEhc1F1kXfReiF8YX6hgPGDQYWRh9GKMYyBjtGRMZOBleGYQZqhnQGfYaHRpDGmoakBq3Gt4b
 BhstG1QbfBujG8sb8xwbHEMcbByUHL0c5h0OHTcdYB2KHbMd3R4GHjAeWh6EHq4e2B8DHy0fWB
 +DH64f2SAEIDAgWyCHILMg3iEKITchYyGPIbwh6SIVIkIicCKdIsoi+CMlI1MjgSOvI90kDCQ6
 JGkklyTGJPUlJCVUJYMlsyXiJhImQiZyJqMm0ycDJzQnZSeWJ8cn+CgqKFsojSi+KPApIilVKY
 cpuSnsKh8qUiqFKrgq6yseK1Irhiu6K+4sIixWLIosvyz0LSktXi2TLcgt/S4zLmkuni7ULwsv
 QS93L64v5DAbMFIwiTDBMPgxMDFnMZ8x1zIPMkgygDK4MvEzKjNjM5wz1TQPNEg0gjS8NPY1MD
 VqNaU13zYaNlU2kDbLNwY3Qjd+N7k39TgxOG04qjjmOSM5YDmdOdo6FzpUOpI6zzsNO0s7iTvH
 PAY8RDyDPMI9AT1APX89vz3+Pj4+fj6+Pv4/Pz9/P8BAAEBBQIJAxEEFQUdBiEHKQgxCTkKRQt
 NDFkNYQ5tD3kQhRGVEqETsRTBFdEW4RfxGQEaFRspHDkdTR5lH3kgjSGlIr0j1STtJgUnHSg5K
 VUqbSuJLKktxS7hMAExITJBM2E0gTWhNsU36TkJOjE7VTx5PZ0+xT/tQRVCPUNlRJFFuUblSBF
 JPUppS5VMxU3xTyFQUVGBUrVT5VUZVklXfVixWelbHVxRXYlewV/5YTFiaWOlZOFmGWdVaJFp0
 WsNbE1tjW7JcA1xTXKNc9F1EXZVd5l43Xole2l8sX35f0GAiYHRgx2EZYWxhv2ISYmViuWMMY2
 BjtGQIZFxksWUFZVplr2YEZllmr2cEZ1pnsGgGaFxosmkJaV9ptmoNamRqvGsTa2trw2wbbHNs
 y20jbXxt1W4ubodu4G86b5Nv7XBHcKFw+3FWcbByC3JmcsFzHHN4c9N0L3SLdOd1Q3Wgdfx2WX
 a2dxN3cHfOeCt4iXjneUV5o3oCemB6v3see3173Hw8fJt8+31bfbt+G358ftx/PX+ef/+AYIDC
 gSOBhYHngkmCq4MOg3CD04Q2hJmE/IVghcOGJ4aLhu+HVIe4iB2IgYjmiUyJsYoWinyK4otIi6
 6MFIx7jOKNSI2vjheOfo7lj02PtZAdkIWQ7pFWkb+SKJKRkvqTZJPNlDeUoZULlXWV4JZKlrWX
 IJeLl/eYYpjOmTqZppoSmn6a65tXm8ScMZyfnQydeZ3nnlWew58xn6CgD6B9oOyhW6HLojqiqq
 Mao4qj+qRqpNulTKW8pi6mn6cQp4Kn9KhlqNipSqm8qi+qoqsVq4ir+6xvrOOtVq3Lrj+us68o
 r52wEbCHsPyxcbHnsl2y07NJs7+0NrSttSS1m7YStom3Abd5t/G4abjhuVq50rpLusS7Pru3vD
 C8qr0kvZ6+Gb6Tvw6/icAEwH/A+sF2wfHCbcLpw2bD4sRfxNzFWcXWxlPG0cdOx8zISsjJyUfJ
 xspFysTLQ8vCzELMwc1BzcHOQs7Cz0PPw9BE0MbRR9HI0krSzNNO09DUU9TW1VjV29Ze1uLXZd
 fp2G3Y8dl12fraf9sD24jcDtyT3Rndnt4k3qrfMd+34D7gxeFM4dPiWuLi42rj8uR65QLli+YT
 5pznJeev6DjowulM6dbqYOrq63Xr/+yK7Rbtoe4s7rjvRO/Q8Fzw6fF18gLyj/Mc86r0N/TF9V
 P14fZv9v73jPgb+Kr5OfnJ+ln66Pt4/Aj8mf0p/br+S/7c/25wYXJhAAAAAAADAAAAAmZmAADy
 pwAADVkAABPQAAALA3BhcmEAAAAAAAMAAAACZmYAAPKnAAANWQAAE9AAAAsDcGFyYQAAAAAAAw
 AAAAJmZgAA8qcAAA1ZAAAT0AAACwN2Y2d0AAAAAAAAAAEAAQAAAAAAAAABAAAAAQAAAAAAAAAB
 AAAAAQAAAAAAAAABAABuZGluAAAAAAAAADAAAKPAAABXwAAASsAAAJ5AAAAlQAAAEwAAAFBAAA
 BUQAACMzMAAjMzAAIzM2Rlc2MAAAAAAAAACkNpbmVtYSBIRAAAAAAAAAAAAAAAAAAAAAAAAAAA
 AAAAAAAAAAAAAAAAAAAAAAAAAAAAAAAAAAAAAAAAAAAAAAAAAAAAAAAAAAAAAAAAAAAAAAAAAA
 AAAABtbHVjAAAAAAAAAAEAAAAMZW5VUwAAABIAAAAcAEMAaQBuAGUAbQBhACAASABEAABtbW9k
 AAAAAAAABhAAAJIjAgAqqcBCT4AAAAAAAAAAAAAAAAAAAAAAdGV4dAAAAABDb3B5cmlnaHQgQX
 BwbGUsIEluYy4sIDIwMTAA/+EAQEV4aWYAAE1NACoAAAAIAAGHaQAEAAAAAQAAABoAAAAAAAKg
 AgAEAAAAAQAAAoCgAwAEAAAAAQAAAeAAAAAA/9sAQwACAgICAgECAgICAgICAwMGBAMDAwMHBQ
 UEBggHCAgIBwgICQoNCwkJDAoICAsPCwwNDg4ODgkLEBEPDhENDg4O/9sAQwECAgIDAwMGBAQG
 DgkICQ4ODg4ODg4ODg4ODg4ODg4ODg4ODg4ODg4ODg4ODg4ODg4ODg4ODg4ODg4ODg4ODg4O/8
 AAEQgB4AKAAwEiAAIRAQMRAf/EAB8AAAEFAQEBAQEBAAAAAAAAAAABAgMEBQYHCAkKC//EALUQ
 AAIBAwMCBAMFBQQEAAABfQECAwAEEQUSITFBBhNRYQcicRQygZGhCCNCscEVUtHwJDNicoIJCh
 YXGBkaJSYnKCkqNDU2Nzg5OkNERUZHSElKU1RVVldYWVpjZGVmZ2hpanN0dXZ3eHl6g4SFhoeI
 iYqSk5SVlpeYmZqio6Slpqeoqaqys7S1tre4ubrCw8TFxsfIycrS09TV1tfY2drh4uPk5ebn6O
 nq8fLz9PX29/j5+v/EAB8BAAMBAQEBAQEBAQEAAAAAAAABAgMEBQYHCAkKC//EALURAAIBAgQE
 AwQHBQQEAAECdwABAgMRBAUhMQYSQVEHYXETIjKBCBRCkaGxwQkjM1LwFWJy0QoWJDThJfEXGB
 kaJicoKSo1Njc4OTpDREVGR0hJSlNUVVZXWFlaY2RlZmdoaWpzdHV2d3h5eoKDhIWGh4iJipKT
 lJWWl5iZmqKjpKWmp6ipqrKztLW2t7i5usLDxMXGx8jJytLT1NXW19jZ2uLj5OXm5+jp6vLz9P
 X29/j5+v/aAAwDAQACEQMRAD8A/Ie6uZLZoIYXSSFWZhjkgn1NZS7Y4I4yQS5woHUnP+NaMsLq
 7qIXfaMN22nrTWmbzIWeOMzBmckLxk+gr8+hZLRH9Z18KqM3KhBK/wB339SvFbQrNGluD50TES
 bj96QHjHHT29qeG3hT5bIQ/QnoQc5+lLayrFJuBUqSWb1PsD606OJriMIiFwpLZA6nv9aqTd9T
 PDQlBuNlyteX5l3yTvExmWMFjGjbSwORknionheOeFHDNHHGVyvBIPpke9SWrJJp7XJjdCj7Qr
 HIDdTx79qhfe8yF43TswJ556CsVe7TOujOMk5T1b2a0/4P4knkhYYpX+WM5wpPLDtiro+S2AEq
 MpcPtJ5OOPTjipZGtBYxwLcKzxKFZjkhjnkj0A6VXnaFEa3KjeAfmLHll5OPwrJSctzahOM1zT
 Xlr26f0hk8iCYCVGcRqVBU4ySevTp2pYrkRWwhijf/AFo+Y/wDqc+vNVgPtE8QY5LMNuOy46/g
 akjAdfOaVDGSRu7buw/OrcY2szOc6DlyzfL2/r/gFuaWzkib93I85kZyScDnv+lRbBFYi6iuVE
 44ZCvKhuo+tU3SYNC/lERwhVnXbycnOKfI5iu1yI2Z3JAK5XCn0pKFtEzCbpxg47rzas/LYfbW
 totvHbxyOpLkM3ufT8KhY2qzpGqzOrEklTyxHA7dKgaaJpt5+RnLeWoHOewq8lqy6bFNNxuAxn
 +PP8Q9hVyvF+89yeWMZKHM9dkun43IzEtveq8b5IXdDIP4hjmlDKvlvETvRQoOPXmmTpDC6qsg
 lOSAy5wABn9al8pX2BiI/l3Kw/rS0aTZ2wjGcWra9dOnn1J2kkmuVeY7nmYvImMY/uipmVv7QY
 bvNlOQcDA9DT2SBZysgEgLsQ2/G4AduDVgNbLIk+/y1VVDRHJZuOSD+VYOVtkd9GEqauruJUt3
 QXscZieVHbaXQ42rj5jUgtiqQBra4WJUZt2RwW/+tUhVTEv2dgiIjIzH+Jc/zzUKwSN8gcyHes
 ZBORuOTxSb1vsTWu5c83ZefT0CK2NytuFOCAoYMOpJOP5VVuYLeLWY4nR/JbkgnlsjqPbNaEUU
 n9pBY5Nq43ynHCsoPFUmE11JGDJHLM5CxqUx26dKqMnzb6HHUjJVZRcvdtuPsZrpLee7eMwCOQ
 7kdeST0I9qqJMG0Z1UAu0gOQeBk/NT4nJmW3uGZU34I6cY6n2FVot88oQwi3UDa7MOhxnn61oo
 q7bOCNOFObdR6rrbdFrdNDFJCu4hZMwZHQdzUxluC5ijmiETHccjOCKbaW1ybR2mjwu7y3DDLK
 x6CoYU3/ZpJy0aJEyOgX5icnBz071L5Xc7FHC1YP2cb37atefYltoZbefa0sKJJnJwTkZ+lOhS
 e1v7a4BDRupywXjnI2/U0yGTyFikJVZj91X+br+FaG95VjXI/wBWcpj/AD9aU+a77M6amAnUkl
 F+71v0+5Ic+nH7RB5S/Zl+64kOTHxwD79a6OGOKz0xGRxFLCqou/n5S2effr+dV0s2uAkCy+fE
 Bucr958D7wPoKfLJcqvmQ2zpmUK5lAYFuAhHtjPFeXVqOpaNzzZJSfspPZ+Vv839xZuLO2llZy
 fMZzJsVTggdSD796ykkjjihZIZVlaMbGJ4bDcMB6ZrQeeSO2l+0OivDdFXkC4BYentg9Kz/wB2
 97AY3zuG2Lngj2+nWlSUuXXYKUavspKb93p2fr0LCwtc6oZWmj+3RAxt8vBPVjiqAkjltpc3cC
 JJIX2Eck5+U5rcmtjLB5UkkeXk3l4/lOPT61j29hbqzxoj4VsBmbIUkH5frmnTnFq7exyuLk71
 Hr2026a/8Ay/7PimJlW4WUcg7ONp7VlH7WI0AiIWJGXdjtnk/rWtdpcNNbm3QwTR4S6VunqPyN
 Vru5JulJZZHYnzggwGbjkDsK9KlOXr+hrTryvda22XbzMq4tJmuEKkxwqWXLdx1p/2SNba0eeU
 wPKDIwYZJIJAIx2qaRNt8n2hxIkjE7o+MnNSfZX+feduyXY5bqpPQfSt3UdlqOqubXn19PyK8k
 CKiyS3MbTkEjjAb1xSwRSecs0Ubl0BGBztLcc1ry2dssrm7R2Owl1XA2noO3bvToVaDT51j8uS
 Z5RhgOox1+lZe393+rDlUUYuPK5X6tW+/cyhCfICSyxxXG7ALZwwxx09ahgjK2oiDrEHO9lYcj
 jH8hV0Q3Hn7Agk3bXDAds4yKlubf8As+/iJQXAZHVW7Nxww9uf0q/aK9r6nXSjTU4xb5uy/rVG
 ZHAYrf7xYMwKsBxjHI+tWHUNbKwR/KVgScEjd9alhVo7dI5M+Wq8ZH+etRT53feI3HLIBgLVcz
 cjveHlBLmh+bFgsYLeKMl8ySSZCg8px1NSwzz2lzHInD71/h9P/r0yN3kuHVG3SEEhcdcelVgG
 GwZYZOWbr+P0FJxcr8zuYuh7kqcndPtbT5WNGa7+03Jk2vnYRIw6Z6k1qxXlta2kA2s/7pmyD9
 0HsfcnpXNWl00drJtVJfMcktjtjFSi6aRSoYDAC4C84/8ArVnPD306Iy9gqqipydlt/wAAvLe2
 UlpHbLBLaOxG/wAxs/vAeD9KoXN5IU8yUhJ5Zw7nH3iARx+lN2ESxCSaPC8hthO73HGe2KpmG4
 nMD3JO4hmjAGMDkf0rSFKCdzjlhnKahZv1/r8CHYgiKMwUkbhk+nUVYxJcQqszIRt+cKOuDnj6
 YFPjhdrYZXcqMAOmcH39KU2zGVUE0RILK3BwR3IOOlbOSNZS5VZp66WV/wAfIqBQqBYZBhcgMe
 g3dqgjU21itvHIAryF5UIyRxgc47DmtGG3fjy9jKcn7oIB/KoVhgMNtGyuk4Y5JP3ge9Vzo4sR
 gnzRm4Wts1/wxLGyyBlk3Pt3AFeAw/hxUi3ziwt1kGXRtkQAxlfX8DVUKxjjEP7xdwDYHQDPtS
 hVLlQ4TnKp/Fn/AA71DhF7lV6PtUnNv1/y2LNy141xG926uWRmygxnnBNRW8+9nTzRCjFd4cZy
 vfFSSTb512QuVOflYA5AHHQVGro+2d1j2wZAAQAMzDAz6ikl7trDqKcafs6b/wDbX92o15GMwC
 4ETHAyONo6dqRY7aOSBo4pZCrBmAPQjmm7oxb2ykFZo1KsWOQ2TRE4K7MFFZwVJ64HX86trQmU
 E4Wd/nv+RHOZGYhV3KuD7nnINJCwi/5dJ0yCSSQce9OdpQ2duOPm/OpCkbuzM7uEHBU8PV30sd
 qT9ro3fzt+bRRfyxlllUlgMYHfpUaOzop5aUZ3Nnj2GKsSqYn8wxOQBlRxxjHP51USR1kDKm4n
 OSBxn/JrWOqPKrt+2tK6S7X1JXvGjgCyfvS45UDsTTPs6i7kiRAPLyrHOee/8qHTMcYuYsbV5I
 H3v88U64igZ90TlCARjPfvmmrLYhqrUfNUs1HZPf7yqi+ZIFOYgSCM85wDVyNFLEBxtHK5bt6V
 T8lpJ1VXwcjylOeR9anWSObISKUuQRtUe9VPUww1aCk1PRrXV7r8iUw70kYXCgLtzgdyOn1qtH
 Gk1mJVnHmqzOR74HFNDq4fZG9uORhzktgf/rqHygVRh+6KtxnvTjF9zPFS9q04bLXrr95LGt9I
 V/eRKVBLHb0TuPr1qw1zI4kXzV2bsKSOoqKNlAPy/KxYg+uOMVZtI2kMqYjGYy4LDjCg1M2lq0
 Vh7r3ud2e+rexBHKWU+XukPm7sg8DHb+daUkMbM2Uk4J8rLDG09KywrySwFnS3TPI2/eXv071L
 FvGNisMhiwkOfWlKPZmtCX71Jpv8n8tSREkS2FvwIgwLE8jpx/M08WpQExsWIX5lU4NNijaWBs
 Fiv8BA68frWgIklbyw5UMhZnXtjms5TsddGjR9nJvRLs9eu1inLKGg/ebywA4H5imvPMTkElWA
 x8vbuakVf3JlVMZkAOQG6DIPPaoo3Kyp5hcbpRuKgfdOeOnftQrEzxk1Fzd7eW5RnEk9wjZSEL
 gNuHOMVLC72+/5FkweWHY4/wDr1OYraR5GxK64BHPTsM/lVa6WMzliGA6nB6mt4yTtFo5VGUE6
 yer8/wDgWR0NzDKtzEqGRwpwxwQPXB9+aHTY0KSJISI/lAx8oOTz61El6r7Y2lDGVioYEgA+/H
 epfJDSKiv5jlQWYnjODwP89q4NVa576rQdTmVtfWy+8diFLfeqhxt4PbJ6dqVHk8uOFoyjpG5X
 aMFgOpqv5DmGN5oXiMZ5wcZ9PypIJriJot77pIQyL8vr1BoautCa1adRrkitNr7E7TPBB5UaFs
 KAXA+UKcEk/wAs1I6tPcbIgCXOTg8rjnB/lVRblJIiSRgHaDnrUsckksJkASEliNpGTgd6ORo3
 pQp83uy37L+vzNK9juJIBcT2wjhdyVUIARk8/liqUELXNwsfllXIZyS2dzf0yMUhlaS4WNlYnJ
 3dunNX4ZYvPE/ktHvJJZSAuPb2rF3hGxzV5+x0STfSysvu/wCCQ+ZNBIj20QjVkztdQSTjBwfQ
 VloI5ImcYIU4JU4y3Y1cG1PKywnjdt5APLYP6CnGONt6b4kQkyBVXb8x4A6dquNkVSpxcuZQWu
 7/AK1M+B7q2X7KXzFJMWm3c845Ge3FTsXi1AGNcsSfLDYJVMdD7+9TvZPDLEZhmZVcMo6Agf8A
 16bYgjLNLF9oKBF3rwQepH04FW5Ra5kccYJNuO3boIUkvgw8qFHV1KsqAYAXrVwPc/ZYkkClPL
 Plnbxyen1yMCoRtW6RpWAZNygKcZLcDPtV8xxxXgidyypGRIQM4bnGOOnNYyltobYOnL23M1a2
 2jbX5FORrpWe2WEcnJURgsoC884qSK2d4kkDAITsBJ/i7D8asl7gRIU2RKdqNLt5Ax606dY0+0
 I86zmObKmMYDLtwMD1zUc72R6MvbRqfu1pfXTX9EPSxiinME4kbGWV93+qA+8G9TUc5R4cpaMk
 ZbdvzznHH4e1SmeGWO3ktzMJlUocnOSRj9RmhIJjLbxBdmEypccLz0ask3e8maU1Je/zX8u3ys
 /1JnNx9ntwyxw7oecxjghsntUgKyXKvPewIjOXGFwdw6HgdKinmSRpVEbInneZuJ3bTjGD7e1Z
 7/Z4SHjDuq4G1m5G7t9RSjDmW1mbVKEpU/fVn3snp5XW/wAydFE9/JK86Rxl9sjZwCSDg1lMpj
 jQEPxyDu5HpV2DdLbPabdpVvMXPXj1PeoI2228hIPmAEdM7hnlvoK6IaNnLOkpTbe9vNW83p1I
 FKjzGZwjhsktzk/lW5pywSwj7QQ+3fFIqcHcT1/CqyfYjGY8CSUuQX7NjnOKnfLmJ1gKOYZDKq
 jq5Pt+FZVpc6tax5uIpyxElGKs++zGuzCaexBMo3bQUGOR3oWKI2DCPDO21pSf+WbZIx9O9VYY
 dluJhKHCuoZQTknB4q99me60yN4X8yRVyFQYJXuT64pStHqei6c6XKtEu67+Y2K3SV900tuAgY
 hiv3wDgMParM9my2SzC6tXULtXYuCecfzqtBDG9ypuIplZZQqIMDcCM+noK6KOH7PeSzq8XltI
 pEbrnC45H171jWquL0ZvUquDvGV/u1/yKMMN1azxMtzFG03zcj7pBxt/HNasst4yCBQjG3baAF
 5YZBP49QKrTOJHjYSRbURgeOpIzkfSnhkazWWK5V5JkJi6/dHGT9O9cc25WbX4f10OOpyykpVl
 r3tp82tSW6EE1v5e8O+M+XnlvmyxPuBUdsPL1k3gh3RIAsW0Arz/APXNR2k8rt5DRb5UnOJVXC
 uCOCPbrSztLZeW/mqwRHUccHBBB/Wps17ncy9rzxdBR+L8fQS5upbbUSkzoyIQ2AuCxX0P1I/K
 oIpDqdvcTMjIyEoqx4G8sfvfnUpSwYXTzzK1usoUEtk54IGf50lxcSWz+dCY3G2RWVEwMn+orR
 JaKK17luMI1oRowfP+H4GVqG+P7RF5iJ5LxhmP8TYBPP61nS8Xlw8ULOfMbew5HzDqPQA0s7b4
 YYQDvjTLHOS/vVgRTNHZKh+0bY9s3l9ixyM/hXfFckVcqvGVGznBJ32X6/8ABK1rYx3tpGEbLN
 CzKpOSWBxke1MeEQrFGRLGshP2jzDnJ42kelalvttryDzJY8GIlAo25HO7FVkjEbRyRMXAUlt3
 OHHQUe1k5Pt/X9epxc85y5VK3a2mvqI00bM0cwIDL5cbt/c759TnnNZCRrMojMpEqNjcCQCfUe
 2BXRefI1rFLNZ8gFHZkADMeePSsxLfc6K1tIZBtDhBggnOCaqlOyf+ZrSUuTnlt6poIQLQh4tw
 3gsm9s47gfh/Wm/apLlvNkgkmXcF+X+DIwR+Oafd2c8W+JQxij27mPc4zkegqrHPcJeBomBmfd
 8qLxnHp0+lXFKS5luUuRw56dubv/W3yBpm8+EzJHt2FQMY3EAqPyphWNre1aMOx2ESknOSOc1O
 Jw6mLCTwsrNlV+YBR1B7DOfyqmsrSBBEqqWLKBjO4AcmtYp+h00qsZSUpOz+eo1EM0wliO11If
 IHXB/lVpHS8nkkZ0TcTuCr0P5YxTJBHFEoCSxuQAVJ7cEGpfswM7bWUBHCsw4BJ5z9M0SaeprS
 gm+ZRs+uln+oxRmLyYzHFukHUckjsPwqeSJ7edQI0CliXjIBZCOACa0bW1hlTzDFIH8wsqhumD
 wPzp32JZHmVRJGWcNIHfJB6msHWXNqW051GmtF0M1YVmslQQyi6DYBByOegxVEFTkfPmMlFDHp
 nk1uJauLjz7aGZoSGaIk9N3Aye+Kz1GYAtrt2jmZ25GeRx6Zq4VEOKjBpL/N/wDAI4EaZZUWGR
 wSASDwuPWldpRegSRxwsmUbKjOWGM8DoK0vLZ77yYysUjvsUjox/x60kihYZI2ZfNaUm3BGS6f
 xNn8OM1HtE2YVKkZ1OS/5XXmRyxMLY28c9lIkRysoj+9gc9u5rF8qdbjdMgZt2WCDGwZ5B44Na
 kqolqwKywxcmFnPLEe/pUDKqR2srF2Mineu7lZBxg/zq6bsvU56kacIr3t9NLfjYqrLBDc4kXa
 G37EHHTpmnW5865hiaAEODkouCCRgc1MscTQOrgxyrMIzvGSCTyfpTolKSPFGrozNuScnC7VB5
 6d6ttWfc5+Sm4Nyf330/ryC0+zlhBNG5QldpDfMAMhuf1qGe0iacFAUhZG8s5zkL/F9DVqRoRL
 buCJ0jiKDbxtPO4HjqM06O2As0kadCVUDC9WUAk49OtSp2fN3KhGEZqb+F6aa39Oxm29qGuIlw
 FG3fhurY6D8aI7JpLnzImSBgzbUc5IHbPFXGtTPbJNbF5WwPlXkg4yf0qncvvKJCSY+gI6kdQa
 1UnJ6MJ041Obkfy/4BXFv5bKHky8ZJAYE8f3SO5NSYkjjjWMKu6PIUg5FSwzCGaS5kiWYyHaoZ
 chgeC34UnS+cSMDHl48hcDbj7w9hVOTvqHtYU3JxVnbp/V/uZlssghVJ2EkpUkOnAx6fhVeWWT
 ciIhcZ+bA6L3q7HdvLAZEaEBSYz8mcj/AOvUjwB7IzGSN5A4UxgEELjmujm5X7yOOUeaFqcnZ9
 df+D97KE8v7xkSVX3NtVj0bHpVULJAuwsMMTnIzmtjykctEHhyFLA7euBn9azpYj5ce4kblDDn
 3q6c1sY14OTb3a+RXkaeZoyVyBzlONoz/iKcYZ3BPCHO4np3qd/JiLhldweFC1Ahjhk2K2/erK
 MnP860Um1ojlqUlGTcndvfX7ug2VIphGGkMuwll2tjk9c+tW4YvMhYBh8rZJBz26VF9mSLT7Zt
 8UiHPCDBB9+KWCJxs8ncAPv5PXmlKScdGRg1FyUuT1SJDGHk2ylUVQNuxeTnmlW12tF98jblSP
 TPf8asGJhcuj7mKnBKjgelapvJpLe3VPs6rtZB+7+9g5z+PQVzzqyVrHdOmlUXu3bfUznjUlhO
 hV1lCKi8E8ZOP0pZ7URyLHcDEinDkZGD17dulaNtaRbC9zOvLqSmfmQ57n+dTXEMPnrsdxIzl1
 aTlWQcbunTNYe3tKxq5e+1O935afO/+Rl7pgv7t4oI1m+8yjAY9R0qREba77CpmkZlz2Vei/nQ
 00VtcFFT7SN3Ddsdc89aspELmWLadiJueUsPXgKPc05O2ttDGWHSrKpb3eun5ozZo7iWaMzZQy
 P5gTGOvf6VApVQxjjJ3Nkkjg4PUe1aSxzpOjeW6FZdnzgHB9KrbUQsSDGM/Ip5IBJ4rSMtLG1C
 lDmfs3p8tBDG+2TEbRHuOuDUE1tsQCSJsYLo2efx9avWscb2SyPMytliw9QOg/Go3s5nijZSXV
 QBx2B6/lTjNX3DmpV1zKO3Vr8hwsxa+Vb+X+82szHHUjn+Rp0Mkf7sCKWTcAF57k1XGJCsiyyP
 s4Bzzk9/oKuRguD55VG88YKJtAU8Htg84pS2u2drxCov91H3enW3qKuILh4Rwwcx4zn5h0P0NQ
 xnbCfOkCS+crDKkhgBgnilkSWOTZhWfqWxwcUwHfPE0iYc/KBjoewI9am10XK7ilzbbdEPEbGP
 cDCEX73y+/H86mDBbxVSSFWdiqq6574xVJFLkAKyEA8N3NXI4h9kb7s2clW9MUS03NFzTg4xW6
 /rqh8cjtG9w4GwuwXjsOM/nU0RcwDJUoGAQkcKCOatgFLTyDENzMNy4yBn+Hp1NQPH5byBV8r5
 tzK3X0ArDmudOFjiPdVTp16/cCRqVaQSBpY1JxtwB+GKZEF+/JltykjAAq7bxKw2yRSO2AZNpx
 nnoKkEcflwq1tOjMhYjd0yeD9MVDnZtFRTjUd2/XS/5lCJNojdMMPLLEZJyc4x+NaElnY7baML
 KrYKctyG6kfWrUdvBJNFMFEEEbEAuf8AWcHDD29qYGFsSdyNKiqN7cq2T6euM81hKq5PQ83EU6
 lad4dO2n5f8Eo2FgzXzbwBhfmLj7uc8mrcFrHHO8UiSuyx7Btb7xIJ3fnV9JSzXaxMqqkvljIy
 WUnAOfaljkt5r3EkcskuDsZeA+DgYqJ1ptts7E6nvSinGy/pt6fmOtDbRrHHbwvPcOoZyxDBCv
 VSPXrReQKsLxxWbKJvmQ8bmAOBzWeUul1W3iWCSVcsrNEMc9zn2PH4VoPcXtldW7yR73+ZYlP8
 Kkc5+hNZSi1JOLu35nL7KSq88Xd+r/zKB0+G3+zuZ/tEkUg3JESCdpyT9Of0qS4FxcWqzzI8aJ
 uO9OA+48H6cUyebz7iLYzCRR5hC85Zf6Y6itOSLzdPee4BVS22NAcAh8H+daSk4uLluelSw0qV
 SFSUU9db7/cY6yKtoDNBKT5jBwpALcDJ6fSniNGkSD7K6xjO1jjI6ZJ9eKrJbTT3CRKQZmIyp/
 vdMfXirNxHMk1qof5jHLKMevdffgVrKydk9R4vmg1FSu797WMmRoortpEDBVOIwW556Zx1pbaB
 5YHlkkjk8qUZSMYJGMkVYkkQwruiGXG5D/snGPxFaGnxOlmZBEZ0dyx2d/X+laTqcsLnHWnKa5
 pRtfTff8SvC/kyLIjQxM8Lja65xnv/ACqJpWlhkBjZrltgG09Ox/E1It2SYLnckDueY2XJBAwO
 x4rQlhkklmR0E4wG8yEAfdAI9KycuV3aNVUSp891213/ACV/vJVkijS4RtseydMggHqMUxYxa3
 H+onit5MpG5bgg9R+dUrBZL9VjYeQxYtM7/wARwSD+VbxtLifTEjVPMR8yY7gcEL9a5qjVOVm/
 U8+M6cJW773/ADRAwu54t62xT5i3QZQ4wAfc4qQXrLoO+6s5VYS8oxG7Ax8307U4JJHDClw/Mo
 3SFeNhB4U+5pt0Ymt7m4hhuEkBIdZHzsyRgfXqax0k0rdTohCNRwUYvf0/G4ly9u9wXhjeZH3b
 ERudoNZNoXN0yMjOoDMqqcFV6gfh39a0rnU7FLOaILvZ5FYMnGD6fTiqktyHnit3j3ZDI+zAPJ
 Bz9Pat6Sko2sd1KVRx9+DS23ennb/hgmvFGqfbIZ0MbfKoU8Zx0qe3gi8pmuvNmRGCvl/uE8bT
 7nrWWI0lnWHymOWEhKnA+XI4+tSwec8zR78vPiWRD1Vl6fpWkoaWTtb+v8yMRTlVk9bNL00JLm
 SG3ln8sLHtZYyj/N1HX61SuHAiSOJZkaNsYds49j645zTZZJZZ5GnCrlt2x1+9kcEVIyxy2cM4
 LjHE565Yenpwa1jHlSudCp8yi5X8rf0iO3hCSs15kxE8Opxux6H0qe3ke10+OdyJY2I+WM4O7O
 Rz9K2ATdQRgWrS2rRF1IwNgHG0++ax3hmMiCZY7WIEId4OMsePxrNVOdvmOJ0/aybqvRb69P8A
 PuMuLiV5YTcSQGRZnkwkeCORgVblZ5ba6khXlZywKL6jPT86WC2tlupYZ7232wvtEjKTuBBzVi
 Dy7ZYonu4XiaEMyDruGcc/SpnKK+FbeXzMXRo0rcsL211Te/3GNMjzW65L2ylvMBckggYGPrzm
 rVvZpuVJXklaQMAyn7/Pyke1PuLW4khgRTstjbGQOwzu29cfjUTXoSM3USZZcRkHoCw4I/WtOa
 TjaLIqxqxpr2Oj9dCdhZxRSW4eUMXVWd2yNxXg/QY6VlrataSxBicSvlZB1QKCcH3NLJK0izxF
 MSkneCOm3p+OKrO0kiS+Y7NGzq+M9DjitadOSW5UcLNpcrs3vcWd43uifOjiHllAuMdV9h602P
 dbWFsgik2BS27HO4n1pscoLtsWN15Xdtz+PIqaKCN5UVhIwPLKD0Pr9K2doqzOicFTiqmjXp/X
 3jVndoyskamQ42uUyWXByRx0FXQ7xg7fuugVNycMT3Hqaq2bBp4w8DuwRxheORyD9ParttNvKb
 pYoV4Rd4zgnms6mmyN4zVKm1ZW31T/ACLtttggZQDdN55QtGcYHGPxp9xDLd3riNDahGJZnPQA
 dD75/nVRkQ5kil+RZCWjz8xx1/Si2uJWlLgtHbysXO85JA4PNc3K78y3HRjFXlGV/v8AwRfSW4
 tYFkKfIZFj24+4CCSakCRQvLJK8NwrcKsa7cjsaZNefaLVXe3fyVdsHONw29fzxinWcMQS28ye
 OFBGpbzed3JJxWT+G70NVFSpubXrotV2Wl7kE8UbJbhJogxYs3tjk/jWbc4F0rvEYoJmYoSM4A
 6jNaE0LER3EAZvNHmtJwVB3YwKzpXnN1biVlABBG5eAGPP61vR8mKlF04t0no/v/D/AIJbmu3j
 VRHGkkboz/MARzxx6VmWYW1uobggSxpzIeoLNxjnvin3EKeepEu7HIweOPb0J7VJHujtY55SBM
 6syIF4PbOOnrWiilCy6nFiMDCUbKHxfL7+q9SOWa3MyKqM8bI24Dgk5+XJ9afBbO8byS3NvACQ
 4BzlgDxj27VJbi0EEZO5H+z7SDnJPI3Z9PaqpaWRkhDBV+X5m7EDHp/nNUr7LQinQai7tqK7q/
 5ofPIkjj5GQzHz3YdAewwB0pkJuJJGtzJGq4BGV64BPHFX/IWXUCZImjhcuzRg4aIgYwT7dadH
 BFbtaTupEUkBIlBOOuMn6modSKjYxq1MOo8kdX0/q1yhNPch42lUQu43rsXbjPGeO2KS1ma21p
 XVYbhWOxiEGD2B56cVchghclppGjBIUM2T8g+8PqT0qNp7Z2eFYtkLHzowPvDH8JPfvT5k04pD
 qqMqUowpuzWr2+6+7KbkLem3FuyKXH2dmwcIMk/XNMktLq5d5ZlW3t5SSHcYAHccVoMsFzcREs
 yokLBCOPlJ6/zqt9octDGq4VY2UFjkMSfl4qoyl0WpwRoVXdKNlbqv6X5lX7DbWV1Bu8uRWi37
 kHynAOeKijkY2ashtk3MA6NHkn1q2FmiKPcwbT9x+ANue5+nFUp9n2sx+YGXcQJVGAcDrW0W5P
 V3G8LHnfJK+nay/wAiG4jS0uh5DLNbfOiPjPbIyfxqmsiGHe0bsVAR+RgN+XpV0pF9iRFjYmRA
 yHcBwCQfx460x4UVy4CoAwkwec4reLVrMKeGrqnZO6XyRXeGH96RMGBm2x4GT04H4/0qiI4hp7
 +aU84TqyHB+YYwfpg1dVF8yFzllQZIHBPOalMa/ahmFmLI+fqe9aqbiclfB1JQbntHW/f16fkZ
 kRCiIRE7Sh68jrkmpLZJJt0bzxxsCWBI4Ix0+uasMR5sEMZSJCn7xmHK56j86cUnhvCjLG4VsE
 oNvaqlK5goR9ooRbT8l/wdSdXl+x7/ACnhm37SsmDle/Hr05q7bWjFyTE/l5Ii56joaqWMc00u
 1tsKLJ8zscgAjgfU461tW1xFHYC3jVpy25vLJ+YZGOD7d64603HRHXepCCs25d30XfyEFxPbrF
 APIjiKjLvHuJ/rUy3EYhlLwecUxGj5wFwM7envmp5tPmexEm1vPQLCseMlivVvpioV024W4khC
 PKMBl29/b6/4Vyc1KSvc7I08O6ammpd9bfcKytNZmRbeABJAOIxl1xlselI1tcNpweOHKSMXJU
 Y2gfdB+lVIrm9hlPAYFhlNvc5Aq0t3cnfD5oCGZcE9MHjP0puM47WMJYerSkpU0rLXr+WpmzWr
 RXcQEgO+RSVHJJA61DIWm8rDRhWTIfb05/xq/cLAmqrcCYqYZwqjOQwYcEVmxb0CJcIxw20qDg
 qBnNdMJNq50Rr1IzlHldmlstf8iqlrFHbDe0jyIxKhScEHv+FXbVCjw3QYtFHG3G772Ov86r2s
 byPCkTAOww5c8dTz06dK0ZbWQsIVt5pGSIquw8A9wfU1pVnrZsxn7Hk5NEuqf+ZmrFiRY4AQuC
 XyMnHer0i5ulitz54ky4CjJUYzg+pqOWZ0fypRFHKVwy7cFjknjHTjFTo0wthdTR+fHIefKAU+
 gYH0HpUyk9zor15U2nH7v+B/lYosS37wMVXhT6564qxPsnufM3BXaQnZ0wVGcj2qEmN5dkYMg3
 5ZwcA46HFXkgWRSYla6lYCTKDhSeCKJStZm8W5JSk7K+t9iASpHeCbiXcCxwf4j0q3b/Z4woLu
 WYlXRV5z6gkYxUyQwvMYGi8s7dysewHU1ONOhawtZ3k8xtzPiPgt789qwnUhszSdoVUotpvt/n
 qWRa+fdokaSGFYjtbPLvjg5qt5ZXTp5HurdyZAsigZbd+XFaC+ZFe2rElIS2+MZ67Rjd9PWqmT
 c3DbEAj3h5ZgPkLLnbx79K5oyd/I6ZVZqs/eVl2/zf6EcBuIzEBC5lAV3XuoU5z+VaNwGup3nW
 eJpGLNEEGPkByamaZPtab2Te4cttX/AFfy8qfx6VWkDTabGwuIpHjiSIBE27cnv7mo5uaSdrDo
 RU5+05Xrpqrp/gkMjgDOkiSQ4Me5sDoD2qBZp4oZETyywkCbSgY8DIrVYWK3lxHuMKCQLhj904
 x+XWksYrO3WQefHclGyNvYYPB9z2pOro21+BWKxk+b3o38mv8AgfqVI5pDf77qaKOLyysi7QCW
 YZA4HXOKhUbbS3EJRpFQqx287geRn8aFjtpLfaI5nkfawTdkrg42n3pLdZf7Ut4A8QdnLkEfcG
 eVPvWmiuwlWjD95JWXbYm868ljg25LoqeWijBbrg+/vVeYyXFgZpLhZJEm3LjPzgDqPYGtGa5k
 N3tAS3ihlLAleYgBwGPfJ6VWia3lkaNgBdyzeai4yBx93HvUxl1t/X9f1sc8KylO7gl/XdrYRb
 ea8ZmXy3dnDZVcZ9SPYirElpI9zPbDd8qlzluM8FcVXGousKskP2aRiFO4cBTxVkCO1u7ppneV
 i4SMoSNydz+FJ86f5HpUZSbbS9F/W5Xulijt0Rfmnum83cp+6y9vx5xWWl4XhJBH+sznuOxH5V
 rXIdrpBbxO8ZbIfr+I9KorOXhUpBHAoZ1eMqMtwMHOPXP5VrT+HVXJ9k5Plcb/AC1CztlfUBEW
 KQ5YuSOVUcitezjlRdkcTxxSDc8h+7uHQj0HtVG2aOQB7iKSRiQp8ttuT2P09aZPPLatJahZfJ
 LqW3NnGPQ+45qailN8o8TRdWTj0SW9/wAFfX56Gnd21rCYhK0c7spYqnGQOSRUD2sRkSaKK4ZZ
 UDCMSc9CDz7danZ7K7WRo3y7ThQuecY6j0FRW0Zee1iZnclBllYjGScj8MVzxclHVs8hOolJp7
 fL8CS3keA28cKpKoUHIHbsf51pyTyXEf7wtFG0hwqfL9Bx6077IZ5GiVT5bEspXgsp7j2FQm1J
 s4Wk3PCV2OQfXowz71zylCTv1Ob2dPmVRuz9LsqwRPE0Jud1urxMVaVsg7Tiq7yTTTIZZEb+Jw
 owCemPwrRFpKkCR3SSXHlSbZcHgDjP07VJcJFKyiGNvJBYNg8s7Hgj2q1VXNc6PauT1fz0sUpI
 55A0VrBBKBIfnMYO3GMZPr1ouLeQx3O+DzFSRQ5jUAn3FWU0poneRJZYvKVo5kLnl+uar2yoE8
 wXgZ1QxyR5J3l+jD2FOM1unt5GuHc4vmUrpdtPxK0lvLJAq2s8AVVwqkfMFA3Ek49aaIJbiytn
 aWJbjDKSOM7uc/0p8HnWt5aoJFCMuZWcZCODyD9c1anJniMUqCNDIxhIABJxx+FaOTTSHLm+sR
 5tt7+vy1+8zLSwWUW0ckUjyNESvzdgTk/hU8kUK3EkYAjfysBmOVyR6Y6mrP2NURRcTlZUTCsr
 EDb/ABVk3apJFHIgZVX5QSc7we9aRk5y3PXwik5Pm1vtuv1sWDcPAYltn+7DtcY4ORnI+lNWbz
 dQsjdobiIowQJxuJHDfnVY5t7oeW3mqA4YnkEAVJFHvWLfLGSsY2Y4IXOf0rRwja4sRhac73Vv
 O2v4ECRRrbJE0qK4ABDDnOSTz9KtzLasqeTnzZZPMXLZEZA4U/UZNO+zRuiXcJQxrPscMMnpgn
 6c1QjJ+1IwSSSJGYqQCASM4Ge/pRfm1T2PMrynOFqU9F6flpcspLNLexwREh/LZEjbnaoOTn8K
 bv0+2tmWVtrSTAWwY5JGM/j9e1UFb/SbabftZlLMcnII6A0x1aa4gLI1xDFExDKMYPOOSK1dJX
 tfQxxmHnN8t/d06fkN2oXSRkcjAJAOCRnnJqKYASptGwIpXkfe96crPJDEpI2rEckd25xUs7eY
 ib0L74wcJ25/xrdaPU9KEabp2m7P+vuIkSXzG2hQ23cPlGOnIx71YRg0EnnREfONp9BjoapwFn
 8xmjliZSVYk9M9varMtzMUghVMrIQM7fTvRJO5FoJxqJadO463kmiYTKECsD8+wcHHAzSfafNt
 cCFWllbexAA2npxTB5scLjIKLJ6ZAB/rV5/tEVuDFFEsYLbiEHBGOPxrOVr3tqczd6ilKKTv94
 uniJtTEbqYxjBU9TgZzmtWJpks7dBp8kplXOQAAOTuFUreS8lkTbAJG8t1d1j6hhwfwrW+zXIs
 83TMYfKby9nBU4wM1x15Lm1NK8m6nv2T7f8ADMryNO8u0252LuCxgcsRgKfpmqLzyS3G4oowAJ
 AR1Oecela0XkLHZKI7g3MSYK7+SoPJ/DrU8ULTSIoSMwYZiwXnIGefr1FZqrGO6NIYunST54fo
 zPupC2kSrJEYsTD92ODnr+AHpVCKVDcXTmLzYyQc+4GanlYOiuFJCKeG5zu/nVeSRvs7wFfLEe
 A7Yxg4zg/lW1OK5bHTD2UIJOOj316FdTHMlu9wdptlAQKMbwxOSfpVe4lZnUGUbI49qjHJGeoo
 jbzwH6yMhby06jB5/TmmxTxSFYpo82zOozxuAz1z2HrXWo2bfY5Jyo0VKUE35ak0MkeZGby92R
 g7Rhh3A9OKc8quXkSEDzNpiCjHA4z/AJ71TeObMqymPMbkbQMZIPX9alku3jRFhhA6bTjI2j72
 KXJd3RxpSlH2jTafT/h/+CSyXRQb5YpYpJZc89GyMMfoKcbSeQJbxuziJBGnPDLn7w9qh27L6Q
 IfOCEomRn6Ef55q2i3l9GSWX92WVSo2gk84NQ/d1WhMKMoPm0Ue/b5Fh4YVtnt1kEjeb5ipnJA
 HUZ/Ws6QK1zFDAylI0ZY36A7j+vpTUed7UxbWWRCAMDJI60p+zywl1byWMi+XlumSTj9KcYuO7
 uEYypx7t7Pt52H2kUlsJUkBjSRWBLDow4xn8c1DOY5LKxit4XZ1ADuOpOcA59K0CZLQyCQNcoT
 uGOrMRyR7Cq0lvC0DCJiZkZUCdd64+99KUZXldhGc5zip6JdtV8yocbRJMs7gMyStv43nv8Ahx
 xTbiS0MUdtFGTKmUZ853txjAxViaAWdvGVYOrSkgEcYA6H3Pr7VVaO6BVjEwkLgYAAJYd/yrWD
 T1uc1OKac29Lvq7fdchMLiKQLbywFWKhJDk8nlen41XKFrtdrRgvNhMjjZj+uKs36m4lS7WUu0
 U+0qODjHB/SqyRRC3hVgytt3Id3Pet4bXOaeGqV17OOke+uv3lkJFAHABYNkgdwPSqIQP5aDck
 RXLORyuD3OKvgqLXauzcQPnY/mKpyJKbqWPOIweo6DvVQO+vQlKiotNJbWtcj/dHa3mLkqdpwP
 WljVVijaR2YFmO3dlgSO/HeqBNulvEqo0pYnc2cbD2zVm0WJI3nfFwqnYNvTd1/lWso6XPKVeF
 SpF8vvL+t2vyL4hHzS+asfQOGH8eOFq7EBbiWRJbeVklVNq53EdTjj8KoskElmrBXjYjeGZ8hs
 HGcU44F0G3M4znA7DOT+Irnacla500ZTqQbk3u9NNf68jX8uNrm3X7aUadZHjjYklPVT7miZpr
 eFEX7REduSS2SrdMfX/Gkjeymvo/OkYbpDJE+cYHdavyXFvLYi6f/SVdi8oQ4IkzwPpjtXE5NS
 SauZ08RKNRRnG66K36r9SigvnhEks0LNJltnlgMdnHYe9OvDNDfwybUysbKPl+7xgZ9acLuSNo
 RAFGVPmbhnPzc49KbJEkt6R5NxHAJP3bl8/L0z78mmrqV2tA53CV6isu3l6f5alEcm2R4WaR4/
 nPoT0/HHSltZrWJth5ZiW8x+QrjOFP1ovnBZYY4mMinAkLcEDio2mFuohlEZAY4UKNwKnlT7ns
 a3tzR9SMdVahZ3XlbX+vuIrOTa8dysTFEkCgD1OTileSG4VnzLFIzcgnqTx+n9arW81tLdLPsk
 SLzGZ1EmQrngHoOgqKP9/CgK/Z1TO7J5fPQ+1bOHvXegQU6tS8lq1pZrbz6GvFFE0cklyqtLIN
 0WTycZyelJ9ilktoGIKLnCNuwqg9c/U9Kmjl+0QPLJsklLYAjGAqkY6e3WplsPOYQxSbmbHlyk
 /IVHBPTPJrndSz1djtlXjOKU2k46/CvzKJtTbXEiuMXCOscfHGW7EeuM0+FLWS/aRRKlsofG1i
 MEDGM/Wp4o5IL9YiDcoW2xrjlmAJU59qo+TMkFukkBgm2sJMjAbrjA7VSfN1HQlKVXlet/67r9
 S1GzNDHMCUeNAkasMkoc5PvV+2hU2tlFIk5dly5D8dSQoB7kVnpHJJLBGIGeRY8bB/F74q9GYW
 vkdUaJwfvGQlcnoMY49qzqbaHozpTjsrSXW9vvS1/M6GSa3ZYEdPs6eWzs7444+UD60RLCliZZ
 Qqhx80fcn/AOuMmqFxcWElmu6XzH5ZlUHtjFU2aP7P5zQXEbM52s8ny4A5HH1rz40W11Rw4ag5
 zV002/k/vZamJ/syVxEAIpcwuy5BRgMA+tTobUKGkCnJLOkfy+UQMBD6n0rLaVZpPMtnAkPDRM
 chmA+8B0wBUwu3ijlNzBujdgVZV28FcYJ7n3rZ03ax2zg+XkW67Wu/vf5MkdZFtN0sahAVZWK8
 yEcbvoKczxPpbFxsMh82EoNpKrwc4681nm+jMIhmk8mEYVA2SSepUH16VOpguppNolKgiNFB5j
 4+6feqdNpXaMnCjTs5PVav+r7jUuTau/kRlmLqised28ZJH17VCt5NOiReULhVkCymMYZjzjBx
 xU1zJbx2Qs4cxRRzhiXO53wMBgfQdxT7SQwSCQxh4mV2aVFwsjAEAj0Har05XLl1CU5Onfk19d
 f69BzXIZZo1jZAXy7NzgqMjP1qBIm8tp/9ar4kV0HcenHQZxVa0ZLiNVtw80+zDqB1cHOfoB1+
 tXfsssUzfvY9oYOQM8LnJ/wp2UXY3w8ox0ST+X+T/Mkjltb54zJMsMxZvMkIyvboParvliaWVY
 VF6SwkRVHKY6g8d/xpdOtIbbz5ZXgD7225HAPUDFWItQSI2/CSSzQ7n8lMFuTkj0xXLOer5NbG
 6dveUW/L/g7/AIg63LT75k+xwyRl2yvbODiqKafFbS/eS6tG3eW45ywwRzirE+2GysRHdLcElx
 IxJPDHr9Paop1+zRQxSSC5hOWZI+CCBwc9hSg3bTr+hVOcqkE1Gzbta35dn53K0QzayS3dpLbS
 STCTOMDaOoAHTNOlNzNbQyIyPG43QIEBcgHvxzj60599wYlKSsVQbjnjI54+ucVatoWbTVmhdb
 hxIFaBOGUnrjsBWkpKOrMMRVVCC9o7u+z1X/AK8QK5lcRw3KSqjnb8uepbA6VrQ2aILqe3LEzs
 ZEJPRB1x+dY8KzxzRTMVtkjUoWlGQ/PLf0rcVVluPLWZZ1IwFjODj1Ht2+tc9dtbM893jUdRS0
 W9rteny9RcC2tIlfzSzQgxtuxgZ4H54zSuYRE4a5T7SsgQJk4PGTx9avGWC0y8LKYdshIk+Yrn
 GOvY9qzphfNBb3cDW8gliZjGIvmVhwQT61zQbk+xeHqutNRS18+v3iR284h81JCzyjzPmOcBf4
 ceuajSNXggmlmCOFDOq5G3JyeParP2KT7Ku6R3ZIvlCkjgY/nmrMkyqkkRCK+/93Ht+Ypx19ap
 1OxvKpUWy2/rzKSTxuZE/eujtlpFbhyTxj6in3NrIoI2R28Q3I7sv3WYgKD9R0rWSSC2nkZ7Js
 KzonTGD/8AX4FVZp5005V8n55CDscAlNg7/Q4rJVG5LlRnGpUdRcqt266nPGG2+2tbtdKDCGjZ
 iSdxwTuHsO9GZoYLFXkRkcI8cuOFAznP1qY2sBtt5mElxMFklAODnODj6iqk9vsD+W/+iLMIcl
 skZ53fQV6EZKWlz2pRhJcs5aro1+Rblle5V1itnYvKF+U/dX+IfWmynT48JIjARM2Bu6jI5/Kp
 9rCSdzcRSQ+cpPlcc9x7cVRP2qRxNtWGFV8phIuTkkkfj0qYJGbipPlUvdXqtf68iu09ldmZYf
 kgDERjv07n271Elq/2dZdwdfJ4IGBx1FaVvYQPq1pCwGDGQ+3gEjOTVieCW2t5Y2ddvBicD5dg
 6jHrWrrRTUYs3hiIUpKlT95rX7+3mYlnPHBJCBGZIirRsoP3i3THv/hUl40IsIoIyDtx0OOB/U
 1cRIDI00iNJiNgI4yFOOzfgOaoMIfsX7u2mXDKvmO2Qxz249KtNSnexk8PTlX5nF/kr+jf5FNb
 a2k05RG0xudwZFBz8oOCKlKFbu48wbRvwUHGCeg4qyzrCiDyg6OCTEgAeNc9z+tUrqGRYxKQ8W
 JQAGH3gRkNxW0ZXerFRcIcyau+m/53/T5kSCORLYQ5FwM4GcjaOp/DmqbMHkjVB8zKc8Z3YJ5F
 W2VwyyKBkjAK4AUNkEGpjCsZjVA4kH7tDj7pJ+nvWqkkzKOHkpTnzrRdX/V/Qpu7CYrEpJbqCO
 McYP161IFltpxLFNCzLvAyM5HQnB9c1OHhkihtMjcCxMv949KiQPIYklgk2qjN8pAPHWlzdzk9
 tKpU5ZK3l/w7/wAiXzJTakzwmNFHlxqy8kkZ59TVyWK4mhgkkyFiUqwTAJcjg/j/AEqugiaWyk
 WG4eKSBiPnz83IzWhYi4iEG2WMIsbb/MXIbGcEficVhUlZXQ4zStZXaelv+A2MSG4WKN5xIGfB
 Gw4DKv3jQ7xxXwkVLs2bSfIXc4P9DzWtAwEdrJdyxSvEhiUJwDuHP+FMkmE2nLZxxH92/lbCMs
 nOST+Arm9q3LVBh8TUlV5asb33euxT8m8EE7tguW4bpgnqv5Vntc3ioVVWR3cbmBwMjgCtSFd+
 poQXVjbsyBjxgevqfeqS3EUC/ZmI3MQwc8jI6D861g99LnfKNvdSWnlb7xN1xPcKkieWrg+awX
 jdnH4AVmY2xlZFke6kbEW3ptHUmthrgs82UYTuMMOMAngjFQyW8M0zRRxyRSLOq4c8qP7v145r
 SE+XdWMKuIdLr+GnzM5FJtIdqsswT5COAVLYz/n1ojhjOnzRxyQNmTJGPmUjoM+laRithfOlnc
 RkM25Nxztxzj+dOmFnHKZ12t03qhxlT/F+FP2t3oeXObcly/l/n0MiK2JlxIWZv+WhU981sQW8
 P2gSCSOF9sikOM4UEc/TNU4GtVeQRbxznc7E7mydmK0bS3lFqs8zxowOWVhzycE/QdxUV5vq7G
 OMrVeXlba8rb/mTRxQT2StIV8/cdxXjJPRh6DA6VjrC80aLbxyywuAyFT0Az19T1Oa3IQwinid
 4UMMwiA2+vQ/lUkUQtL53hdXBXb5S9ieN30A5rnjVcb2ObDV504Slzarvf8Ay0MKS1X7L5siSQ
 lFKoCceav94e1Mt4hJ5DRvEspiIbcuQG/h/Tiumh+0rai3eKOchRl9uQ2OGIHYYrJs5EklVAUW
 OIFUbbjKnOOfXNaRrycX5FrFVZU27Nta3vp9zRHayTmBbe7CyMs6NtAAZB3BqvcOm+a43KjSox
 2Y5ByBj8OtWTAQkW+KV2f5iVOMDoQffNZsVrdjWIZnhaCJUYnzOR0PP8q0hy3cjOlUVFudt/Sz
 /r0K8xMcbxorg798xfnDEYIHp61EFWOWErKTcZIB7HsCMirdhaXV5BAgG1Sh3O4yCSe/4VpNp8
 SXF2qIT5NxGQp6njgA9vet3WjH3X/XQ7VXpezcUtd7Xute9+nkcrBbiaaG33GBXbd8/Odp5z+t
 XbpITqNxJ8oCy4iRBjC4/pXQXFoilfNjadt26UwjbtJ6AemaomLakl3JbneGO1Wx0BwQfehYnm
 dzmwlV+2UpL0WhhNG8l7Dl0jjYcs4yvHJNOu8C4HlkbJAWDHoR2NaTWbSSy7djbCqsRxyTxj6j
 is6a0uA9xGbeYMk4TaRkpz90+9bxqRb3Omo2q0pup8tLFK3tlkhjnLQywxkiTYuOcVGJhEYkiU
 RKPmCvzub8qsMpS6kjdNpUlWXbj5umKesYQrJNE02wFVAAwMD5gffmt+bW71PP+r+z95Pmb/ru
 RxXM/wBsjlgMTMqlMFMqAe2PWrtmZBIzTwqux/njdASRjBqg6qpDoQGDYDKMAjtx61VkeO4uEK
 zDOeSWzlhSdNS6EVKLnJzmkm/vN+Ke3MjPNaSiBcquGxtOOn40sU32p3jZfs3ntuDEfKpVTx+N
 Y8UUwgdDcIq53iNsknHXt6UxvMW4jaKZDEWDlcenb61HsU27McY1FTk4r3vnp8n/AJGr5scqwz
 ufvxElAcfN93P046U0eU1hFIrTLIpKMxYlQCM9KpzRzSSlslNzl3UJjA749BioxLGttNHvXLyk
 xtnqOAKPZ3WhtWjJxip6d3/X+Qj+btj3FZFcH5mJxxznp+FNQN9n2idEw/mAMcnd9aTyn+VA6y
 MUJXC4GM/1p25IzIGUPwMAKMj1GfrW/Qv4qvLPX1e33f5j4lX7PIjsFI+YHsVHJH1z3ptuPJkj
 mmYSRfdcDtnlQfrVYqk88Kq+QB7/AHh0H4014pXVCyShnYn7uACDiny30b3POxMruUYz+9/18j
 p3kWaQ/uQVlQunlrjgde3rWlayzskUslxAjMykJswSB6egIqtLHHK9vktE0RaMoAQV3cih0t0t
 mWfzEkldCDnG04PFeVPllGx6VdqtS5Ze75dfxJkETass0roYmV3XZkEgdKyrhrhdhIJBHO4Z5z
 2+uanlh8uKOMSNiFSu7P8AF1P+FQMJpLZJ4Y3eNADKSc4brW1NJanqWi6XPUfvPRfIdsdpynmb
 HXKBCuSR3H1q9A1zBC2yIRr56nzZFyAx+6DkemaoiOfyY7mRQjOrFVz8ynoM/XNWIA94nlSloZ
 hIBMjnqQPvD09KKjutdjDFV6dSmrbLrq/vWxoTrDBDgx7xvZMgYKrkbgff09qdJa2ksRgtGkdD
 KzJls5GB830ArLuiJSpy6w7Mx7j6kA5Pc1UlX/iYeTE2ZtxETBsAr+VZwpNpPm1M40aipKftPh
 d/I27RYY7RRJeWse+YOx2+33fxFOknnmMETp9ms2jMmXTOecViJDGzhWmKoZBtAPL89R7dqvTS
 lNTkbdhHVwFbnZjjbSlSXNfcy9lBt8z5uv8Aw3n6oqIr5VmKMypuUFOw789adHalfKMTu5MiuG
 TPK5wfxz3p4SP7AjXKSlAzKhVsZA4qRUCusdufs6Bm3PK2QCP4a1c9NDrjiadSm7QSW1/6epYu
 Zo2S980pNtIUYGCSTnIPYDGKyreIJeJCvmnLsGXd0P8A9f8ApVhJlurdZLiLaytlBnGFB6H1Oe
 9OAtpNRaZo5WJjYqySEAnHXpSinFNWJWHrSpX5bX22X4blWNZliVJZ7dJI5mjGxMbger8DnkY9
 a0Vim2F5C8sgmwdvRsr0/ACqkMP+grMkQniU4Y4ycn39jWqlmWkRWDJIyu0gPQkHAYeg5pVJpd
 TWhenFKUv1/KxtRW9td6OptldoU4J3ZJ29TUEbyS2BhitDCrsCrsBlcD196itre7+zkNHJFEiB
 Nq8ZOcdvzPrU8kMcUbeRFchoWKySM+V3g+noc15+ibV76nbQahNJT5ne68isZ5Xs4RHCIwRghh
 n5egPTtzUjqs9vEk+54oodsUsZxnnjOeuenNW72QDSkSRV4DIrhQOMjp9c1T3I1hDE1vMdn7p1
 U4KkHdz9P61UZXiml1PRjiYSoxaWrbX9aXJ2s3WGdmmEN4swxGTzgDmmxTyfZ5P9GkRJJUYEcc
 9j9Kie4me/kliUsJJo3IbkqT1X8RUV0MEpLDO1vG+yMqSBg9BnoTSUW9JHn4mPM7TSdtbu1/0u
 WzbMYLVrhiiuT5ise+7GParwjtbeK8tkSa4/eM5eJsFsEYCnqOKy7V76MbPIllPyZZuQmeD/AJ
 9auvDLl7dbG68hA2FVhv4Hc1lNO9mzyXRl7ZRb09bfk0XYY1kndyrWSzoWQXHzcD/OPxqxaTPP
 LLLG0TSMp3QquPLOMH/GqkTWsVis12ZI2mIZQ7Z2jGDj271E8lsmnLcRCSRVYKGRsbgep9655R
 cm18v6/wCHNIRlJtX301S/Pf8AE25ZrhHjLyReSkflEeXyCRgkn071UgLSXiFZ7e42RnYyJ26H
 8T2qH5o79ZIpcIVLBJMtkqeP0Jq1CWMjfabSZUT5AUO3JJ4P0HesuVRiarDuCklZ6b6L8P8AJk
 l5cTWkFvtMe2OBhEWGdxyMk+vXFZsswXT3BYyTp/AD8xQnJb6DvWxcQkaYzNDJhm3BmPygAjcP
 xqjPeCYrHHCsscpY741ALAfxA+nalRaaVkOjOm1GSXXfb+vvI4HRdTu2u1WO389Qvy4OcZUZ9K
 x3u72K/QosbGYlinlghevBrVMv76DzZEjQJudnHAboD+VdT4i8Q3/jHxZFf65FpkDWkEVsiWFq
 tuAiLtUMF6uepbvWvtHCfw3TWvy2sut/U6pXpzc3FO6/q3Q5ZYYpkg3zxC5dAzBeFceoFRm6d5
 2QGI4beFC9SOp/CiSTN3bCGeBh5XyqF+bAyM59M1lXE9wCkV7GHSSMuTF8pY9Mj29q1hTcnqKn
 H2tS1r+vT00RYvPtKRxRTKQXOfNQbQy9Tj9Kou58yYxszTAmXy2+bb/eHPGO9RwSzRs7NBJOGk
 OHHRQvWrEV3K6TsQsgKbnVUAJY8DnHT1FdcYOPY9DD0eXmcEml1/q41ne4t7jyImn2sE3x8A7u
 n4cVUihvVgkjXC+SwCRtyWz/ABD2FRJNtj2tIYycq2DjeR0I9u1NEi3VmrfaPNmGAMKRsAzkHj
 k1uoNLyM6vNLRNfd/X6DSN0kj7wFEnlgs2cf5FV/LfyJICSqGUMDJnjAOF+prWjb7bvgMPkOGE
 rsehIHyjpxmobYeZdxy3qhJGd2ZTwMBfT2NV7Syd+hhXxajG01drorFQrAzRqqSR7o2KKxyeT0
 96favJaR2+4qrYZmMq5Bx/Dj196cwEssrNIql3jKEcAEjoPSrMk0T2MisFndZMsmOVPcZ/CiTu
 rWuY1o3tTjC73+/8DOMwMTK6R75QpUouGDZ6UjtAjHG4uEIY5wc5ois0KxP52+Jst5YPz4ByRz
 3xVi2U/bk/1ckksLMAy5GTn+VaOUVex20MQkpKMdkt1/X5BbRPFYyyfIdj+WqkZ4I5I/OtGW38
 rT4EM8TQZDK654H8Q/HikUNNeQ/aIZJ4kQKwh+X5m4H5ir0KhLQ2UUbW0gJJW4+Yrg5rkqVHf+
 v6/A46mLrJRpu1k79NP1/Apz20K2MhR3Yh94TdkqM9D/OrFxaSqUEUcgdonkJz6c8+9Mis4LnJ
 M26V1ZwVzjGM8ipYo5PtERacwMSI1aQkgKycnFZuduuw1VlCEWp6pt9fyX+QqW8k9jbF5FWCaI
 OnHzAjgjOO9VntIAj7YJjJJJGQWIJGc8D8qswGaJbYSq0sPkeZGUGPlQnj8aVryZmjOwQQvDvL
 uOxPUVKlO+g3iK7Tell20X3LVsUrFcakIyyRyRMqoD1MZHzH6jjmnXJtZroQNbS27RyHZuf5mA
 XqfWoY3ni1aQCNLiJZFQyIv3jj5QD71cYvaaotzdYTcjK+R0cEdPzrN6NWfTQ4akFzys29LpJ3
 16kUEUD2UefJWZURWULyCW6H3NVTbPDeX108JeIuUVcdeOMe1aSLMsk5a3Z9rEZUj5eOAffNZ8
 mmKloUYXMLljuWR85I5/rThNXd3uc9GvGDak7J6ar/AIYZDJCIgJrVR86bNqgEjPzfrWxPBFdW
 oCoVMgxkHqWOAw9sDpWRAbgXkm6LzJMqWCjox4WtG2tLpZwv2e4gVNzTlzkK2CcD04qa2jvc5s
 elTmnB3fS3+TGSabc2czxwSpJlXZyR95h8u76YzTbe4RYLQ/ZpHMdpIEYHmRT/ABVPHLcLZRSe
 W7RKilNxyQAckE9zin3+pNIs8lvp06ySI3kEKCAhwCQB2qFKTdpK/nsZQ5qrUatrPrdL7zNigj
 FtbsxuHC8RMshHmLtzke2f5VCkc6G3uSYVE0Bk+5gADjH+HpWjZyRWFnE7I00aryueSR6eg56U
 t3uvltjKVSFyrIqDBeP+LFaKo1Jp7EwlKDkm/del97+SMCGR0vRFAx5ZWjEhJ/djP6mrQjhmlj
 t3uVHmxMYzk/KobOD6k9M1oLPDDq4RZLUwsrC1cr98YyD9M1E1sIrEzPC0sjgeYU4wcY49BWjq
 XfYqTU6qipWb2/qyKCW0RvJoWuVt4ZYw+4k4hbsh9yaty2c62P7uRVLSbpQc5VwBx+Iq2sYVSu
 xduSjhgN28Abfz5IolmllK20REUTYkkLjJ3LgYz71DqybVjSpKTaUXtve3+VyKG1uPtVxkE+bO
 oOP72OlSTW8htPL86JDtZWZkz83p+NSPqFxFDMUMcryOXLBeFY8AflSCzuHjSOdxK3zBgowXC8
 7x7Vm5SveVkcVab5lUmkn007eRTeWCNHcsk8oYIkcYwX5yD+GKzJ7K+utQW4mKwS3SvJhsjDDs
 evJxxVy4LzXtwi+Tb5dE8wrwWYcEelQz6XcSPKnnSSXUXMYVjhwp+Yiuqm1CzvZs6G1F25kpPu
 rq3z0RhanA8X9nv5ixNJC7sHGfbH1rP87zYlXz43iUlSdvQngZrqbv7LfwurFYplAMG9v+WZ5Y
 fXjOawo9OMO1YQZxKPMBjUk7R3PFd9CquS0tx4NX0qaPXW23muhRnja38t/LDtuKsATwfy9KSC
 zU3qRK0WcsWJXvjIH1xSvL5IgguonVnmXMnQRqMHJFW7iJjdA28UwV5XZmAzkge3TAro5mlbv1
 MJ15TrOm9+70/DZjBaxMiFpViATDE5Jk75X2xS21rbPKZJX2RYKgZ/iI4FXbWKGfT0kuHCTFcb
 W4yp6EfhSCezhv4yIGdFjbzCG4Jx8p/DpWLqSd0ric6klJQk5SW+iRHaWVwdQWUxlNwI2OM5OO
 R+FULjS33IscMrIEz+NaDwzyNCAjhERUc9dhbqTn9aIiI/tQWUyCNwkTA8eWec/Wmqkk+ZMuTk
 m+eV21tbRfO5ifvE+0bFaMNMp5PTGcD6VDsZ7uNFDlmfn25rTktRJM8M0iwsiliTnsQapSNBLf
 4EjxIkvX269q6ozT2KxKp001De26RIYdt5ttiJWCMQ4HDL3I+lQLDLuj4LKEIGO4PNSnzRLNdW
 6uI5C4HooPUfrTreZxClrIishkDBioyBjpReSRzVJzilJw5l1t/Vjoo2WFZRNDLPIpJZkOOx6/
 n+lKl0o05UDI7FSU3ruKjo2ffuKWJZYZYxZzQ3SKGQsFz19c9T6VGVZd7CDJztI9Mfxf7o7+te
 daLev9f5HqNUue+7Xz/P8AyKH2OST7ivLtycqDg46896kTYSoEcqpySmeT7j8K1bKFbV5TvYxk
 5jyc8Y+99O1QxNH5m8XEO7lmJQ/MMcAenvVus232O7629Woad7bfqjPe4VYY1w6AnCZP3u/6VE
 5jlvYIbeKaWQuwMitx0yrU/Y829vK+8+MkfdOMkD3p6Ru/ARP3hVSduBnoBWqskP2F6XxKPX/h
 9dRi21wumZEE6qhA+fPOTkkflQyctIJI2ZgXUqvKhuMVrS6eVmERkJEX7uUjpuHIx9adDHYpFl
 GIlSI7AxzvB5NZe3W61MqfIkuV3+VvzbKAhaWz852RCZTuGOd2PlUemetNRFmkPnSeSzjIdhwQ
 Bz071opa7cyAbWaQDY38Bxnn37/SorSIPMkcEYkVshsjdgnkip9qrPUKUlaT9orL5fduZMgMss
 WJgwALAAHAz1qytuHcRI5MahpA56YyOTV42U6sFW1Ko7MyuBwoA5H41FBE8a7wjhFAzuPO09vz
 q/aprRmsOSUHyavpbo+4WvmQC58qS2mgaQfvdgKg54HIyAfStBLRDqrH7JOCJNrMCNoUjP8An6
 1YOnXMt0IRAURiTKw4UPj5f0qUtFbW0c3mkSCNg6s2S2RgfpXHOtzP3d2cc5qo/Zp+8+3+dyGO
 O1kvmtYLaZI2/eKQ/G0DJNPjt3EZuVlDSvEDAjdRHnBz60skUz2hiSRAY22LtHKpjJU+pzTxCs
 trD5LFInjY8nJTkArn261m5ab/ANf8E6acvZpWdk9Gnr+ZYjdbaOCNmkkR1aRcN+hPtUd3fGaZ
 Y7VsNu3SHqrYHBotrNBqcoecRbJESOR+VAPUEepp89s0GsRfKixO+zdjv2/Lv9az9zn8zVKhGo
 03dpXSWiKpu4pLCWafMkjMCyLxliOCPQVG0s0dpiQGCdDghhnb7H1LZ6+lTysgvxE1v5hRC6hf
 p0I71nG5ma8C26b5ePkZd3AGST64reEU+nmelCFoNyVra2bWv+ROZLgXMjxvEpEnOV4YnoR7Cm
 XksL3scEXmLsbYCzZDZHB/nzVy2e4XEpiDo0ZwwUYXJyQff0qmBBMI5VIgwmArDJOD14pxaUtt
 jlnyufa+3LqWx9qh2Rf6xHKEt/eCnPH4VoSXCxXUoEc6QOzNlnyR3HPpms4AgQRxP5mCrq/93H
 QH69fpV6G2mbUpI3zKjNwR/Gx4JHsPSueoo7s55UotynK2i9H+JLNapcS6fiWNoxExkBHEpxwV
 9ADWnDZW4s08vdFIIh5ivyAMYPHrWMj6p9sWWONYUkUvGjqDtUHbnp071agsbydSJxPGwIThsB
 sd/wAa56iaSTnoJRcbRdXTfT+kTSQQ/YvJjkKW6jaJHOccZHP51Ity7Jh8iSR02g9G3DHH0qF9
 0sgtzNFCHbeA4zn2H5VdunumUvBHGjRnKhkBJPHSs30TO2jKo4KEbX6XdvnsUpftaxwWqymQRw
 lmQ5JXB+YGsZjapcQyvDcRxyFWQq/3B3B+tbRe2iCefcDznYZwcbs/0NVJoLFpmDzbreL5AFOD
 nGR+Z6V0UpW0aOuE1GMoyjb0X5bDnezyrBXdVVmZN/K4OFz9OtVJnH2yIMJ5AsJMrI+N7HoPxH
 Sp5bsKVMcaNM8ZkPHB4/lWU6B7kvLdxRK4UHk8Ajn8q0pQ6s5KdKKg5u67Xd39yHyQTxQWrW8M
 ytJ/rGLD5WB4PsKkiu7d7j7Net5tugJEkfB3AfLg+h9Kg+e2tt73a3MI+RyufmZjxj8KbPEILx
 EGyVYlAbaMZx3/ABrdJS0ZFKopR/ePbZrf7/8AMkSSBUR4hIse07gWyQT3NSiaTbAITBLN5LD5
 ExvP/wCqiO7T+0vLlEUapDLtAQABiOM+tQRW3kadHcQybnZR8vfjHI/Ok0upM5xhpb06/wCQk0
 MyMjq0EXG5mKZx/wDXOahkVSWhsYMSiTMRx95F9fU5zQRfQSCCQ+YVBK/KD781FDZ33l+aI5F4
 YhvYDkVqkrXbRqqa5b1JJN7Wf5rqbNhCqvLdX0yW4zsbK4y38B47VlmW1ktlaRvtjq5wYiU5z9
 3n1q8siR6DA6p5zDHnBju+Y42j8R0qoklsbM5gWJ496IwGA248Hp1FZQT5m3f+vxOWjGpXq3ld
 306JfduR3MsX2TDhI5pGDbMYKEev17UksU/lykmLNwN5A6qV5btxioZUNvPChKOpQhWxncM849
 /etdl02f7NbJM6LIS5YsSenC/U1rJ8iVtjtrupQguTVd0k7HNSNE3lFElBYMwYNwoPH9K2IYX/
 ALOuUlgAPmr+8AGY/UZ9D1xWhaWtlFp6+XPFG+4MvmnJPoKjF9b272UkmXBiYTYPDMCeMetTOu
 5aRW3/AA5531icpJxhd+e/4/8ABKcDPBOtz5c21GA68NjIP5549K0Q7XVwqySLC0swXBHzFtuV
 5/n61Etw7okkM0LRoNgiK5O7OT+dRRy+bqMcty6w7ZVZVxjnJx0qJJyu7am1bmqRlVWkkun5WL
 kENpcyRI/mwZfMyq2CWPQD0HtVojT1iW3Nyok3CRy55BXp+GOKQ3FnJLJvI+0vJn5eNvzfrxmq
 8UUMetXW+VIVWb5fMG7dwSPwrmd3e91Y5XByfM1LTp1v/XkP1I28sLNB5iDEjDL8YYA/l/jVeB
 UazjEV5BGpj3kOu7y2B4Qn3OaWK1tWhQzzGQeWNwVsdG4/StV4Izdp5Nvtt0RhIMDOTz+lN1FG
 Kj2O5csaai09Nf6v/wAAiLw3FjKZ5IiJSZAkY2lZOyfXjis1YruCWFJZo4z5DPJ567xGQeQffp
 WnHst7ASwQm8uVKxIV+64bknHr6HtUBkjeKJ79SvkwmNU7shbkn1IpU5NXSWn9dDKivdajDT5X
 +4UTi4sXjSTzD5uAyt94dd34d6zgt3Nch1n2xuoYGQk84p4FtHE7RhobJpdsTMeoPv8A561Ktz
 YTT7lL7zJsgTfjKnqfwx+VWly35UcU5uCbjt3texEYI59IneJnL5CmTccOc/LUstrLb2zol64m
 llJKsxJ4A/TtVuRryN2jIidAyliqYBbrkegqbzWuZ5VIQs0jYbb1XjJHoKzdSS9DzcRiK0ElGW
 i1/r/IQDybKaVCzsx2qM5CqRjp61mNp1uWiX7Yw8iFlPzngjBA/Gt2K3DObUP5bZZstzuCjlh7
 VB58clgrHy8SHc5C92GP5VnTrSi7xZzxxtWPurV/13RTSVDv3xtgkGfn+NuRj0AHUVox28kkcS
 YUMbeXqPu7e/0PpWWl0rytawotxucbivVSB1+mBUYtGW9h86eSOCQFkBcguvRiD6VU4edhzhzT
 T+Hl1tvclhsYJ7a2aZWYKoZGU42BhgA/zqGC2uLTyh88ttvKyEnOWIOOvr2psFxC0zRafcCNgQ
 EEmWAC5wD+taSu11bRpcN5CMQQRxs7Kp9STVznOOj27Fz54NX+5p3/AAI547f+ybOQ2t0ZGg37
 RJySvC/iKiu0uX0qNoF2zDBkBGS+D1HoKmNy6acIGUCXcpYMOjE4yPRfatW4kWRIA6BmS3dJzH
 wNxIxWPtJRa0vqTCdWHI3G+vm9PO/QxozJHcySXMO1SWymANxGMEegFQzJLN+9SO5S4L7Qd/G3
 6dsmpQWuPMjmkWRWxKu3g4x/I4qyVuis0ovbZAW4TaejDkf19q05uV36luElNyej/roVioe2AU
 rbXBlDCKUZMij+MY7AVGsarMxDvEsyFkmckrg9h6Z/rWi2nXCabJFHjyovlSRlyVJwApPqajii
 hMslpdB43J3MWPAK9VHpx2qVUVtHc5rRgubmv5X/AKv6HOrDLHJGd0UNsnlj51yfmBHWqsFkvl
 eXH50siy7XMb4A2tyPoRXYyW1iZxGzGVZlDhA3Me052H3rDl0u7N5G9gsjrL+/YZztC/wn3NdN
 PFKV9bf1/wAObTxUHzJe7deiOXuYrd9akZFZrUBypJyW9D9M1XIj/wBHdTLcKIyJdrEbH/HsRW
 x5MCXMUTXUeAGEJVfvLyT/AFFLbRRR3RWK6gLcuQUzgqO/rXo+2SR11J03CLT97qulvWxVtQG0
 iGWCWMx+YyTlueB9xR6HBp94k8iaYosZWLQFGMQxnH8Rq4Z0h0qNE+zy5bMaIuCFPUH1J5we1Q
 RXFu8Rmj89XTPlKZN2E7/lWalK/Nb+vwOLD08To46a9X/TQQWs8GnpdR3S8qUdG/vZ5FZptoVu
 IlMjmRVDPg8eZn5R+XatWJ9Rlt0DeT9mYhg4QYw3JX/ePrVOeCC1MMyMW3vvVS3JX1zVwk+Zpv
 XyOiKqTj7ObXM9rfkyvI9xBqVx5iDzBMFbeuduO35dqpMVcvLtYj+FUAB29d3IqwytOymabLq6
 KBnllPLE/QdzU6pYvcXBG7yon2RsW4K//XrdNRW2prVcabsrp9bLf+vIwS0gjVd6hd7sx7EEDA
 /SrME86P8AIgViMfdB2fXIpzAb3aOARxsC2G56f/XqCU2yGMs7NyG2huWbNdN1JWsYxpclOdlp
 vZu977nV+ey/vjCbeRWw644OeCMeuMU1LZpXUyXUaoke1m59eB9TULGaZTLJDIY2kfJHGOBkH9
 KsW2nwskZkn8tZIi4BP3mB4/AV5ztGN9vxPYp07U+fl+e6foxxt44Y7m3hguUkeUMUkfJQD7yn
 86pysn2ZY02sm3ggdw3StMhRCnmXQllizuYA4Oefx9KgaQKqzC1ISZc4OOcnGR6AH9amEn1/r7
 yqClF+/dJbX/4IkbCOe5SaNoUaQMofqBnn9KdcRRhVS3vIZ0dtyRqp3DBqWG1Z7g26ROAhMcnm
 HJDt/hirC2lmtr5UxaN1kwWz+QqJTipXKqOmqi017KzX9fMyY5JItzqsqSyTfNubgHnK49T2qd
 LCZ75o/KcquUAAGV2jp+HetARRRlEuNsaBC0bHtzxn1I9aoXSXcCQkM6IhaOVgf9YzcnH6VUaj
 b93QKcp0pXste/6alo+QLCOOC6UOpG5mBwM/1NPtxE5lMit5MV0kYKNg57UyO032FqwiZ1TdgL
 1ODzk98fpTpd0V2LqFGW3Me5Q3Ic4xn8DWWjukxQhOrTkqctXfdobPdXIubl1LCUXB8tQM7lI+
 bA9OlNgQvBgAh1mX5Tz8uM5PtxSCCK50yCaORmuIyqRop5zz19STz9BVh/OsQXiCh5lBfK5OQc
 ZHsc09EuVbm1Kh7vJ7ql6b+r7F+Nbi41WKQMxWWIzvsOArAYIP86ovGZLWFEdJCrRh37A9vzqS
 NY445LjModJFhChsde35VcNoq6vMbe0n2Rt5TEtkMSRj8RXPzKL/AK/rqcdVRUpS5tvS1/1KUp
 eyuyLcGbe7Z74P/wBfNbUy202gBEXaXdXjQH5sAgH86yJYb2wV38vlZdh3DOxs4Cn3INXY72eG
 8uFdoGaORYV+ToG/z+dRUi5JSjrb8S3S5oxmkm12/UqTacvn3X2iYv8AvWYIpweB15plrF51t5
 KM9u0jCZTM24v6sPYY5q1LcGaSaORhJGjlXCDBBPyqCf1qhJPqfkJbJCryoTHKQnOTyNvoMdq1
 i5yjZs6I1JWSlq/w/wAipJBKwlVJBJhhIze3QCh42guy8wZZWUqxBxtbGT/hTZYHHm+ZIseJAo
 Un+8Pl/LmtNU+xOIgyzMbZpGLc5YHtmt5Tsl1O6eIaS5NfJ9f0sZ6xyywRP88Q2qPLz90dCx/G
 pJY8vFbBg/kxhCyj7xJzxx3FIuoTDMgjX5Gx0zjcclT71bSaI3SGSJ5ZDKCY1O1gV6H6c0pOad
 2jnnOtGSlOndLVa9flYpKftF4EUNHC2CyA8kdCwOOgrZP2y0nKQSJPHEjCNgPvA/eaoolH9qec
 AsK7hjI/hwcj86jkWGSBHlEySu2AQ/ypkYAP161jKXM0un3i5ozq6r3X87f18x7yyT6dJP8APG
 hQqi7uQuRmtWG6jjtXlR3ZhIDMNxONy8/TFZsyvYwxqtxGfs4MWCvXuDj9KjjSaWSONf3jyxSS
 lV4C4HQ/SspQjKPkdMXGVNc2iTeu34WNCyDfbE8ueKdI7faqheQTnGc9TQ2o3NvJyVeFU+UEfx
 H/AArIgSTfZyEOiOo3Nnjdnj/CpXmtE8xLmKcPJligbBjOc4P1qnRi5a6m8nQdVqKUo2XTX8CX
 D3jW80sLzgR+WqxnbuOSQ49h0qC6n8prmJRv81g+7HA9f/rVZN9eRNE9vD5cQVsblBwT1qv9pV
 FtpHmguyImXCJjGDwDnv8A4VUVK+qFOrONT3o83az/AKRTgvIxdsXBEewqrE/dUDgH60eXNN5T
 wvHc4wr7V+6cdDS20PmyvEGgjRW34K9R1Y/QCpFuYY4XELBVBJVQOSc8HP0rd6P3VqYShOVW1N
 a9nt+S/MSOdfsxhnaM7ZVdV2YLHPX8K0poyUkaYBv3oRGXjI75/GqqzPvmmkjglRZUCzKoAX0B
 /Oo2e7acLHmSSFWDei/XNYyjd6aHLLDSjV9yKsvMfOYDBOwifzFbYwJ5XjnPvUVn5n2CadEcoh
 AiOeCpzkfnV20t02r5sggjnchRIc+YMYz+dKYfsf7h0e4DKC5jOApXp+FL2kUuVGk8VFRcEua3
 m/8AhiB7G4uGt55LS7CheTu6nufoPSnyQTiITRyB/wB2+zaTgjcAPzodVknMdxfGNXDSSDJ+V+
 m3jpx2oQWbWlsod32QjIVyNuW6H370Xlp/kKMKianKPytp+JGI0uJriJoJUeNkVgGwN3/1qrhH
 t4UTyGdJXDsx5Abv+FWJIrtpXhhglUxSBBzySfU9zT3tmguJUnlMNzGxG1+ijAzke1UpdL/I2s
 2/ea9N7fdr+BC93JLFBJ5EbLFCyA7BkE0QiOSGPcnl8rIHHADDoPp7VakM0wjQRo+JMII1xuU9
 G9wMc1Qe5khnYh4nzvIULkegFOOqskHKnDljDX5/1+BKJIJZDhZJpZ0MgCHG0joPxqOFQlrEZZ
 raIxtsCyLkgNyW/lSB4Y9OUKcpImFVRhg4PBz2HtV57KFrSBZ8xyMuAM85B5B/CiTS3Oeoocq5
 m/69V/kZlvagsY3u4Y5Fk+TKn5gvJNMVDPdIFni8uQfIzDgnnA/pWt/Y9tIFWJLkKX3I2/kDPA
 NE1rJBptzIwV44rkFNgxz7HtzT+sRb0e4lmE3VXK7y87aencdHCEtTE0LtKG38/eIX/CqcTyvd
 xzzRtsZQ5PYFsjn61Izz2YBk3G7hLQ5J4Ibkkj2BrRSAzpOks0f2b7pVRg8DK8/hmseblTb6mk
 W2nKfXrbUpLsZo7Jka2BwJC55YL6Gp7lk8mFIZjEs4MsgZsnOMCro09pNl07G5GcAx8csOn14q
 xHYSpdwiJ4bciMszzpu2kgjb9fSsXWhe9yY1YSd3K/L5/wDDlBYZ5EMsz/Z4QAPMHCo/YfWopJ
 FYsH2tkEmU8qB0K4+vFb9pbpILVJp4ii2jq/oDnIz7+9ZDrbWtv9r86J0kZXRPRQMAfXPNRGqp
 SsTUnRrVLNO/TRpf16/cZgR28xoGGwrmONlzgjgjHrUFsY/7NkuJNqyLdRgR4wyZ6j8e1XpVsp
 51tjMyTPIrK4PGf7v49qfEl8k7JPBGQWbJ8sAZ7fjXVz+7qZ1qXuNSirrdbO3r1BHaW4vGTckS
 TKrlj91ieAamFmWBhRnm2EqZIzjeq8kj2rOkR7cXEW9UIkBmLDhmA4H1NadtfTJAgkKJbylWJK
 8sxB4B7D2rKpGSV4nJisNVjS54Ky83+Xcc9pmMsPPAbLJ85zt7nPpVtLCOK4ciOQxhWIQn7uB/
 jWDNqL+WI/MHmJMgGD/B/EKtz36Q3HnQrM6P5jBi+R24/nUSpVdF3OCWHxEYqM+o3Z9jVZoE8x
 vLAfaPvs3BI9uaikSSDT9tk27a5WPzDuKqpA7+pJofU4/tEJnRijQvt2nAG3kVWW7spktWZpOY
 naQq2Aecn9a2jCejaOinh5qpFqN/lv5b9CNobiz1CNV8mK7lTKoU546j61dg1NEMSbo5C0LhyE
 4V88Hn0p01yktqZhBJ5o5GW6ggZx9KC9v5VswtARtyygANuJ+UE05e8vfWpo6ejq1Y3vp9lbEs
 kkUmlWyR3UT3L7V3f7p+9+Nab291Lbunn273QmLsETGOO4+nNc59lmmSRmhdZy4VEHHGecfStb
 F9BNEjTxSRxrIuFHzEHGGzWNSCVuVmVWF4Rakm09tPxtuiMM8QSQGKVUX5nVcLg5H5YrTtoLY2
 hQ3UZZXAZM84Xr+hqlC8Zhj80jAAXbjG4A4Y/QGiKAPBcNBcxSqCUBC8t3Y1nU1XY5q9GlK17p
 9+j8tjbu/LNpJFbziJGcMN+Tz/AAA+/FZs91cC8t0uvIjmdW3Hy8Yz1/Gie12QIzXAOeAvcn1p
 sTyGYABGZEKjeufcn9Kxpwio9zNYei6GmthqxpiV2Yu7OigIeQDkVjX00sNsypKyyvIrlgxAGO
 49j6Vsz3Eql3sgiYmViWXIA25C/U1lSi5ur8XEkW1JIWE8W0ZDEcY9MZrqoXveWxjTjUvepJKP
 bS/3GM6tJPdLCiSThw0WxfzI9s9qdYi6m1BxcRiJ3bcCUABBBBH41pW9w4s4EneDEEZjDogBfn
 KnPfNKLiKW3ISeBJHkWSMMOUDDkH6YrslUdmrfM66s+ePJGHz3t9yMq6hiHlGJlA2oIVJ5jXP3
 W9W96Y6TQ3U8s9p5UXnbAdvABBz+FX3m08RP50Es4QbY2jbAZM/epXjmuYJjbRud02/LjI+7/w
 DWqoza328y+WomubVeen4mbDOFtTEoaSOOZDHGAQxABA/WqEhY3dvAdsPyoR5o3K2CTke1PFjP
 HpcUhWWJ3XchkP3gOv5npTyInu5XEcoUYMbHoExyPc11pRV2tTR4ai6TdPr89fLZfgWzY2cjG6
 muI3UxsrpH8pDdmHtisqxjmitlkZ4VZD99l+V/7px+OPxq3cLHLcwJHMGhZiY0UEHGMDJqrKhj
 mInSVUQgZDEA4HH50oJ2s3uedChUkn7XV9v+BomRMn/E4jKTxiZgcRkE7F53A+9Ytu8ciQvHE7
 jzwgfqI25xnIrTiEswiAbzp9rLiNcEc8A+5qqEtnvIFVGUq3HO0BvU8V207K6ZXs27yjNbbNar
 +vQ69EfzZYLp1QkhpCeAp5yMe4xViya5tdMtQiCNVG4TTKGDDJHH51npzJN5jGSYjDKOCzHPTg
 9Bip1lkiSKOOTcN6J5bjJ39Mfj1xXl1INqx7+Nw0ZRTtp2dkvlrf70X4tPeaGUzMke1xHwuO+c
 H396jha5SCWMrEVEm1Y9nIBHJHtirV0oIZZ1mSASssrq2Ar4ABqnpSRrrM0qrJP5J8vy92S+c/
 N9MVgpNwcmccZynCUpu6jsv+CRLbRxX8TefldpDndyCDgZPrWhDJG2oIrRmSMMYwndSeASe9Jd
 PY2/2aZVdlH7tOcgqR9/3wahQtbWyRQ5kKnLS4+8V5yPqDTlJzVy515VlzRur6a2K5Rft4hc8x
 xYG8ZGz+L8ff2rVMFt5KpEzT7QykhuCeAD+PaqZilvEku4k8mP7sRPO5cevvVtZLRtJFrLOsCY
 Zgp+8nQqCe5qakr2t8zsrVFOUeWWmzSW36lM3VzDFJGzRl4pkUoFxuGeSPqcVaRAbO4cQSRS5K
 oHOQxzxgfnUbXVtDBGZDHLNMpaQIOS/wDCR6D2qMzyRQXNuJ1GJV3b1yV2j/E03FtaKxU6Kk06
 Ufwf6Fa1NoJVd4J4xjBw+MZ+7+INWrXylupH3M4EmxtxyN204qrc+fKFlDxOFdRIij7wAzxWhY
 vZrqs2Z0jjdsszAkZZTjFVU+FsiULU5Sjfz3YBGmsxFFGRKoy4bklh3/KqlrhmPlvOTsBY7+CT
 nn8K0YI0tIZU+1RyylQ5IJGQvJx9QarxSSSXAmcIttgKsaKASDkdfY4qFLR22No3hBqMdPuf/B
 FFxIsHlqrXYOG9c4HX655zSwm5+02pWEP5sJldccsQfvfQUR+ZNcSolpMm3AVwfunHQ8VbAgay
 e6j8yO4OWUbs4QcEfiOaiTUdLbmNblppQS1l6P8A4Yql2aaOVraRYgmM5A8wHv8AX0NZ6ht8ck
 U32dZWEhMhJ2gkgZqxDZJFELh55JogNqKrY+Ugn9M0yRVNtI6sBHHLGiuBkFdvWtYtXsjalSja
 0Ov3fjdDoLJo3Jucs+4GIZxuVev9Kp/ZpzPsiLNJtKBGOSB1wfrmrsptiLUO0rJEjRFg/wB71Y
 e3OKkaWM26xsCY9oLqp+ckcDn3pqc9+4QjiXUb5r/LT/L8iKa1aO4txBG880oO1E7KMbif6fSn
 bNt6ELpEspacFuSdowpB9D6VPE98LZpoyEk8xioIyVzxj6E0qRX0EOJo1doMxu5XhQecfmahyf
 Vr+v6Rk+aMruaf9ea/IhguS9r5k1zC2844XiNccofc9qpxCB3iaRmuNvEcMZIJHPJ9/wDCtCIx
 PbbruB2DMPMWIhdj7cAH3pbfy4rRHjtZCIEMZbgnceMf1p8yV7IrDyTbtdv5L/L9B8eoqsTuY1
 XKkuHAYhxwp+mO1SBVlaO4BaOQx4HOCwK/MfwPNNksLh4YmBhdUQJt2ffIGfzNOlsmlljPlTRY
 jJkBfgEnhR+FZN0+jsdsoUo2Stfv/Vv1Ik02OBY5ILpZYo/unJwSejfT0pLxmaWMyQ4LfIjEff
 PQn8KlW1thPKheSSKOVUCq5BGf8K0oEjkmEZUYRmMbE/d9vqTSlVcXzPU6lUnQleyb726fLr6m
 CtrMyqsQeU8MNp4BHX9KtpaRSWTGJlbegJA7Ed/xFbHmmSENGyW8jlclxnkA46etVZZCqzg3EH
 3FZgq4MbLxil7ectNjSOIqVpXpzSt5P8d/zMtkkRI4/IZnijCFl43buao2sSTamsbQecPLO9F6
 lgD0rqkW2mtA0kolU4VVj4OV6knuBWBMr7A0A2mSTcSBhk7Ek+hrSlV5rrY4qVf2kpQuvx3/AD
 /L1Eghzo0weRYwXXMZHzFiM7voKkja1SBPKLzuRhirdTmrtvb2cd5cySyM3ly7FGeNnf8AHnrU
 dxDapGVs9ysMxg7s8kZFT7ROVtTGEoqpy6272svw1IkPm3O7y28hXEUS55TOf1pz3rxXS+aUAG
 WOR95upH5VFbxyR2qPJMjE7QmB1ycZpJLCaO/YFhiIFCjDJJxwPrVe45WZvHkm3GaWv9biPKsN
 3I0USSR5OI3AZjkZ3fQCpo2m+TMSyW7EPHsXBZQPvA+grQ0+1EdxELi1fyXXMsh7seQo9Owqw1
 tGJriQxyRuJgjjOAoK/dA7VjOtFO1jCq4RnyqOvfT9HuVoLW7ju8bTPskUbh3Pb+dPniie9Jt5
 Y3O10eRzuBHUfj1qS1g1VILwwzRySLPGxbZwxx1HtWc6Bb9JJLmORRG0aCMYABPGfc+tZq8pt3
 +70MvZSlVclJJ22V7/AD6DLd2nv2mbKR4WIdssehHsMVWubX7E3mN5cx3FmOMhW6FTn6062JsJ
 4mgcMUXZKrDIVycg1PYRwPqEg1CKdwiFDhsDPr9ea6m+VuXT8zun7WLdSWqS7a/iVZl86UeVEw
 jbcoYDAUgYqxbRytZ28iyLIDEVbIyQxOB+NbEVrZ2sNvHCZFghDIzu+4OzHO76Crwi8nS4VYxg
 SHzCVXAADYK/WuWeJVkkjzp43nSjb/P7ys8LQso3llBEaheoJYYH1zTJGnk1G8hRUbdMpYbe68
 5HtxViaS0MkqxOZo/MX5VbB3bsq2fSmXZETXEiONwlIRh2HXJ9ec1zxb67/wDDHGkoSs3q9rom
 hMEs8clx5LSujOflGMMcAY9T2qL7MhWGAjaVgKMo4IZgc596lgaRdUW5uBHIkgDKqJjHGPy5rQ
 jTzLhUMkYDDCjHzEDOTmspTcXoJy9nJyh0676/cUxMILRIYInQLtyXwQWA4P4c1TSdnuZlvsw/
 MH3dAxAPT2reW9AXHkp5DBWUlR05GTWRc284ijkKfaFjxG5jGPmB6fiDSpyV2mrXNaLgm+aOr/
 r+tTLgk8/U3CuIVnj3srf3iDwPapFht0RYmQzyZTcB068ED0HeqlwCJhOrxxkxsEXHKDODmtSE
 +QUJuIEcQsWZlz05/rXbU0Sa/qx7mKpS5VKOqatbX8dDNvYkF+QRGJWJkV1GAxXjj0z2q5bWtz
 C0zTl/KaYNGp+9gDJ59s1dxc3tspXyc5CBwn8JGWA9+ODU+IntAsjOojhIOW+5uHAPvWUqz5eU
 86opOHJHfr1+4zZk09beViVaMMI3JOS5bgOPpmufuIpEkFrbq89tAyJKQejD3rpryWb+yUeIQy
 yFMyAJwxGOnpxXNrLfy226J02GRdwVeTzjmujC3te/3sinBql7z083/wAAr3qLNJA0YVNx3NIP
 UnCj9Kr3UTK6W6brkmRzII+MHjcPalNptsRERJ56SFZELZJJbqPQYotYHi1fE2YmCPh26Adya7
 1ZLR7XM1ShUp817OOvX/h/wEaCGKFraOGZ388s6k7iowMYx2NU4rgQX6FoRsUsNu3p8v8ALmrh
 CSQtEiyxyFQDK0hOG6lTxRDp10IZ5FgZQrAAyDPXqPrirjKKi+ZmkaEY0+Wa19df8v1FsxbmCB
 mdxJIFI+bgbc7l+pqxIheyjiEgLIMiQdAo5Off0qC0tJFnxBPC7biEGM8HgHp9abIJbYykMrEO
 Ex6gL1+lQ0nPRm1PDSlP3anvdE7/AOQsZ/cxXKzu2Y933iCoJwc1ofaobPTGkjkaR7h96MxyNq
 8HHsc1TMN6lmit5UhZy8qqmCAOgHoO9KhLwnzot6rGAAF4+Y/LgenHPrUSSlq9UZKjOrK+um+y
 v5FqbUvKMvm27FpLhREQQMKACTTrO+ZLy4le1kjJfDLkYGec/wAqz53kdJFmgYkYAYcckZqeAi
 eNPOlVQz49MBeGB9zxSlSgoaowxFKnTu59e2/4HUrMJLWUSeXI8kgMJUdVC4JHtWRdXHkRRRxl
 mJj25zzu6Dn8zWBc7AxigklZ41P2dt/ATGSD6k1fS2mGirctMAc7lRuSuR3/ADrCOHjCzb3POU
 4UeV8y1e1v8i5hcRRAkSpGomdj8rYOCR6VkXEzwaxJJ9oBO5kEXOeV4oK3f9ns81xHOIX2yGJc
 bjj19OlVwjw2dtJPIszOm4qB83Odx/DiumnTSb1uY02nPnWt9LXuEyW6WFgziaGRbfy5AzE4cZ
 Pb61bszbyaX5kxEUrsj72+78vBwPyoSa3TS2McJuYVkTzi3zb27EZ6D2qCKySa7bbLHKMsXSMY
 J56j2q27xak2v6/rc7aNKUqbjUbVu35f8PoX7+8SeKZIkU2yvh3QDqcHA9KLGV5IZZ5C4tyQwI
 7FeMceo5q1cxzGxePfBsZg2FTB7Y/E4qaGT7FZ3LXSKsTT5ZAuNu7jH4Cubmj7O0V/WhrUajh+
 SENPW/3eZi3TtLaLNENivbFo0bnCg4/rmqE1shgQXE6IgdeBwSMYrduWG2BbOBpPJ3QM55Vh1A
 x71gTwPNPapPN5anBG7sD/AIdK6qErrt+YkvaUbN2t56/dr+YnmpDHIyPDlWZYjt+4meR9c1VJ
 kltfnEigHcxxnlakuIooNyAhgh27gcjcecVSkhlSOWRUkCLN5ZQnkMR3rrhGO5FfDUaLjOc4y9
 dikHmEbCNA0gl3NlR3GT+tRiUDaTbuzseCGwE9AfXip1JYyseGBAPbIHBH1qooMbqgyoeYAE89
 sYrsVjilNU0kr8t32t8kdUlsVuoTFIrsVMgwSSCp4z7VrLJd7fNktlU+YJTlRyQfmI9MVNGIYZ
 VkluLfzIFZBIq4VgecY9TniqjLci3h8y5iTbuEAI+8ufmz647140p871Or2sK1W84Kz6vS/wB3
 +RrjbdXL3AIOSef4BuPcepHQ1mTR/ZEEkUiiV14I6Ac8mnGd2sWZZY0CzqsZUYyjHv8A0pzzXC
 NeQmBrmB5cK6DoD2H41jCLT8jehDVtPTte35kqzQXGlqLgxyRYUKFXBHOP1pkd1DaxxIwM7S7n
 B7Haxz+B6VVd9Si0+YS2pikZ/nwoAU/T8qkdYY5PMmXIVGTav8DZBCn3NPkXXbyMuSHKnJ6Xen
 /DbEs89y/lSIvlJIG3KBxux0Hpjj86gjtjbT2kVyBI6RO0idw/UqffpVNbuGW5SZkkdBjzQrdJ
 D938u9aE8SmCKaVi/l7gxHVnzgNn0yelaOLhaL0Npy5XGHL6f1djkXT8xyurhpommyTxnH8gaq
 brIyQId8L7P3nmtnJ681cgtylkrzj513QyA9mJ4x6Ais+aeaeaWHy0iRiWO5Bk9Mc/hRDWTs9v
 M2oSUnzRbSXX+ty3Pp7SqsxVzIsojmVCOWPOR6ACoBZzRSLcW+4mKfayOufM54K+2KlijvWe6l
 tyZMlgWB43Y5wPX0psEdzdaLApdonYEgN1IU9aalJLWSsYutPmSdVcr6FgzzedGtzayMLdtrqu
 Ay5Ock+gFWpbotcyLA0LpEJN4Vfv4+bcPQCqcs7z2NwVkUtJMrbMfNntzWmjKkJk3RGV2Ln5Oh
 PG0/XmsJxSSbRdWlTjFT3v0u1+g2W5uJ7M+eq2cciBmlIAVm4wRjt2/GsqQSR3LIgkdWbEqqeY
 x6VekkkUvHLPAkQO2NWTqfUe2eKpWN3MmbkjlNsUgYZwxyOfenTi1FtImkmqbjHTy/4O5enjJZ
 45InMaodgQ42AkZU+pqaC2jjm2CN2gydkTEEhT0z+NZzieHUVXLeWu5CzfxIR1+ue9ajR3I05f
 LXdK7AiMctEq8EN6+tRO6SV9zplSbik9O3b79RiI091ZRmHASB1AI68/MTSzwwErLaRSxXEKln
 WQ5BLDjj9auLcTW86yybIpnZkJdchi3TA7ZrR+1JHYsWWMTMMsuAMkYCiueVWSaaRlKq1OL5fk
 nb7+5k2EktqC0xTy3ljxuHscD+tRTXd08hjSNsl0EvHDFuSfyrQkiZ70htsbZLbSPvFeQw9h0r
 HnE0kUEsQa2kYiYmQ/eG7g/QVUOWcrtDTjOUpWV+/b9S1e2rnT5vtUUkSrJ+67ZQYzn1PvVV3I
 sZBHG7xKwOFPOAQeT61YlZ/LnLahFLILjLA52gDoMe5p6wRz2Db5lilcgynsrD+H6mqjKyXN+p
 eFa5V7V6X81+DLVvHFDdTXCOVDhxtds8tjBH0pzXsLWht5JoVuo8KzEYDH+8PbFTzuscSQMgcx
 p1AwAvGQfU+9VGa3m1a6FsiCNpN29hnA24Fc8fe1ZpTpSm+aSbt935CNawy6a5jcKZpRJI+eFI
 4K/U0lrFFDujTeu5SGLN/Gen6UsM/kwKqWsv2lwHZnOUGD8xxVu7jR1JVJJELFS0ZwNxI5/pVu
 T+F7Hou7ioN2+f6f8H5EFvCpW2XzQsW0Nk99ucVaWN5pJDJCiGRlO8qML8pyD6msiWXy2ZYZAk
 kZA2NyV7MPrVyOWZfPLMSIpECj0OO9KcJPUzqwrOL2+4pzz2tvIVKSIykKhDYByOf8aRgrDG4F
 dodGUcNtHH5mtNprI7S0IkkdPMjPXCg4OfU1H5cCXieQVEKIwjY8hkB4P5mqVTTZnEppL4NvPc
 rxNehIpZXt4WX92WaPhj1z/SoGs70xx3KyxS4AyEX7rBsAH3NWJnuY7xZCnmoI3RgBwG4yfwFS
 RqbgHdDLBChKMd+A/fIp8zjroOFWUW2rfd+BTdCxuJLf5JxcFIg/TB4PHsc1OGuIIQ1yBNtc5K
 jmQgfKwPpTzaW7LvkkdpXBkYK2CGX0/PFNvINwaVp/KcltwOSFJHTAo5lJpHVGPtOWMne/lr6d
 yT7QPsCXE1vPGZXRkZm+UBe+KmeSO43TAMZCxdQD9854bHpnis37ZdR2Sh4lmIdCrhfkK9CMe5
 qSVriWNo2spIY/NVVwRkDOSKHSs/8AghUw8IRTqaa9/wBN/wATShvN9rcK6skr3AcDONozjafc
 npVRUabUlSeAr958jgAZ+Zfr3HpUEccaXL/aIp4l3n5WfkAg4P4VU+yqpRFuDCxUMA75Jx94fr
 miNOKvZi+r05J8raXn+mv5izI04k27VgKAmQD7zZ+U/j0odbopbSy3lujPCxddmDt3YYdOvvUr
 xRpZKFl8obtrK5z8x+6PwrTginuojJdQlvIfYuBjjow+prR1FFX6HVGr+6TWy6dfxLtoQ8c8X2
 eT7OkyeSx9O4PqfeprmNpLxljjkjWM7cOchQT90+5I602SZ4QzbGti6kFW/hHcmrlu9r5EihyA
 WDBmOThTwf615km0+ZI82cb+9GNr+v8AwSsjW7xKrPGyhz5aIMMFByQfU+h7VBHpc8eru0dxHL
 ZyOZEBGTtUevv/AErQC3GLmQJEYmkykioMHI5xUNtdS24hi8yJkRSACvKg+tSpySfKcSlVgpcu
 vf8A4HZ/Iz3sofNtpGlYxmDLqGOck4XHpWqQ8MUv2dhIS5IBGSoA6VmNcSPJKlvbmWEbTkAdc9
 KlN1eTSNLHH5cu04GODu4PFaTjN2uzqrUas3FSlp6qxpwSvI4Wd4drRMyoqYPHU/TNF2sc9rCX
 mEbOvmSkHA3qOMCoYpDECJ4jE8b+XHuPJTbV+Kc3S26SCPCxkAhcY9j7nFcsouL5lscqoTTvHZ
 HNCKMooMEql2LOXIO1gM49quNaQTWSTw/61lO5Sc85A/KpL+5jgjiT7LNcJMPMZozjcemR7Y4p
 beGO2mmdILhTFMUjDyZGGGTn8a6nKXKpHe4SVPnWj/P8b/gEsSy21xAW8opdGPepwDwCuKx3EF
 pcPDNI6CYhiznofT8q1kHnRndIibdo6cZHc1HJN9uecS+SUaQFDtGFGOR9cinSk1p0NMLGFNuC
 1XXXVGUjTzvPBaspjiKqX25Bb2qi9p5UYt0mCxKrHaoOTg7uv6VrhJoZWeFQ2VLsij72Bzj6Vi
 PE8ln5aiTMLADD8vH1Jrspyu9NEOrDnqe7FL03+exERCZVu1czcFGjB5y3IJ+hqfylluXdgyxR
 YTzTyGJ5J+lQ2lpH5zXMtzGkRdQuc/Nuzg/hSSSxQ3JktbpWicFgCchmXjj866Hq7RZHs4qbhG
 V2+rv/AF+ZJILf7SjxSLKm1o3deiEDof8Aa96iS4nuZbdSxiTYAE/vAn5vxz3q3BePFgxRRu54
 3bfllJOCwHpiohcyGVEW2zFuCJtAznnHNSr9UDpTjFxdr921+H/DlGCxVbi6E0rwx27vlsnnnG
 Kc88aSRTiHzI1j2qpGdxI7+pAqw0N0IpYxbSZZjLIzHIBTsfrUbpujhuVjK+Y6FUx93J+Wtea7
 u2b/AFeDSd/x0/r5kSNBLbRx/Z7rzEQqH8zO7v3FSxzTK9qIpYtz25Z0KZbIGdv5cita68spcK
 IDGiSq0kx4USDgL7fSpY7ONIZLiUokxLsrY+Xb04H6Vi68bar9Tjq4hNezcbLp1/H/ACOUMkLF
 0McksKjEJDc7cZyT3piQGGO2mjk/cmPzJmxkK5zgfiK2IraBr6KQvHHaNAAueoPZT7ms9raK1t
 Jo23AvMHkjLcgg/d/CuqNWL0RTdNz9lDVf1tcvwS21vZtLIY8TyLhyPuqO361QnfL2YhclfIkJ
 zyCVOB/Om3TRXcSBW3K8YCp6MTx/I1SVolZISxQCN1aUscHBzwO1KnS+11PIjl6hLmb6/wBdma
 gF3KgiSMQxMS0e5c547/Ssk3l4t5AMQSBLchMx5BBHNaNtcJ9lZ3nWSE4MajIOAefzrOiWWK4S
 R4XKgMoyc/N/hz0q6Ss2mkY4WlBVXF2t06a/PU1bCVfsQlaSJi0iK7BPlj/ugj1P9K1ZYIbi4S
 NJovNicmIxjb5qLyT7jPrWJBNFFZkeZG7W7hCQuAQPUdzz1rpDOv2bzYZYJFiKoSq8juR+NcuI
 TUrouvRlF7t32v8A52KsmosWeQwqULBlPGNp6j61UWSG5SdJpUw5fqc8Yzj68VOLyT7S7xpDGr
 qzr5iZDJ3I9MHg0wWc19bQrcyQRzCMsDGu3GDkqfU4xUxUYrXQ6aapQa5vdfe//A/UZAtumnyy
 W7MqvIsgBbOzj7p9zUEtrbzxu2HkllK7kDcqWPT24zUsL28jQlIJSTGfM+bhSTkDHrxVi7zbTl
 khIjfDD5uQFP8A9c1fM1PTccm1L3b3/MxbpbizkzDHHIj3BJUqDtbGBn+dUpIJYLaWQyorMweT
 cM/MOnY8nrWkZJbWZZfNRhjzkjcZJAJH8jVR57O709AxaAq2JWz94kHafoK6oOStpocEsP7KSm
 43T3dr/gc9crbgL8yKwQDk9fr7mqgjWBZlIyBNk4PtzjjiraqstpLK6bTHKAQcEk9M9OlV1imS
 7BWFikZy4c/qa9WLsmrl4qUXeUUrLa17/wDAOhS3idrkROWiVxtYEkYx9PWrX76ZImeVJV2NIV
 HDe/bip5kWSKFrGSKS3ZGxtTOecdxTzb21rpjSeaY7xNqKrHOVyNxxXmOpdLv/AEj2VOM6NN21
 u/Pv5XXqT/Z4r3S4HRXiR2yuT1wMAfnTIEjWRPtNpd206Sqkm+T5ckHAx65rVilSa5dFjK2aTO
 7ODgZHQD0HtWJqCi5htsSMJJdshwenYA+/vXJTk5Plei/I8K85N05PS+//AAb/AJmlHLMk91uj
 IlR9knmjI3EZHHtVFoVluoVkP7lwfPfP3ZAMqPxqovlSPKDK9xlT5SKfmLN6+uKvwyQWliqG1u
 HR49wkL4Dkdx+NaOHJtuegsBOLUqT956WVv1ZVaW28i38qLY+3bMM9WPU/hxTGtpDFKEn2Iku0
 yMcqVxk8fWpzfxNaR+TAsOSnzNzkscGnPLK32y3NnO7gtsVT/D0JP0q1zJ7EUlUhO0rr5jJmuL
 ZpJAj3KSyqUYH5Qdveqtuw3Ol+6KisAQPvMcEjB7dKfarC58ss8LjDRSO+VwMgnHua0T5uIoo7
 ZZJYsDO0cHHOfU9vxoclHTr9xq26TcW/efy/HYLWZrlZhBiLePMVscLkfMD6nikiGYo7gMDH5R
 EcSnDEHjP5k1HFfvLeQSyRi0gVDHtK/wB8kfpTbuxmmkhCo7xJhEMZxwO9ZctpWehjFxpNptL+
 u/8AwRIbG6MqxG1mhEaFXY/xMORV7SxdW0EqSRF98yy+WR8xJByQfQelJDPMFkR4pogTtDs+QS
 T1/lVKZRbXFtLcSSblRl++QGcHkfkaG5TvF/1+JT/2jSdr9P6uaEnzTQ7UCyJC8RmZco2DuLY/
 SqSQKsfmWQaSVnJXccjGe47kc06K5dZhcX0TvG5DeWnGMcMPywaksJY5dQwgEEQlLgscjOCFH0
 9qVpRi/L7jaFOvCLVk4rd9PTq2W4kuPtL74SY3wVfHAIOAP8afLcXsQe4VPNLviUovRs4A9qtQ
 zvDb2gkIklEB2qB1HJb8fenpqdrJFbspCRSr5nPYqcCuVyle/Lf+v+AU61Tm5uXTyJD54M6ytC
 3lybfucqQQSfwzRPLK80uQgWONozIVGCx5zj6Uyb7MZLloJDKJL1fM+bOHHQfjVq5vHgtC/wBn
 cu7FipUcnpWPVWWv3DpzfMmrO/TRW+8pvJE+nRvKHcfZ84DbWfoAQewqhNNcxDy4YTIF+UbhnI
 zyw9h3qaS6uy7pGIuQBsMeTgc8ela0cSzzM5jc5YlwP7uM8egz1rS6p6tXHUgqfxK9+n9aBaWV
 v5k7GLzlUlUcdJVB+Vx9ecVcT7Mt0ITblRJHuweoxnmpEgRYbe4wzDyP3m1sB+eCPQe1WDPFJa
 mKKFt/mNnJyRnGPwrgnUcn3PLnV5p3SuVv9FaCAvE5+T52zkEnnH9Kom3RXXZbyKBGfMjBG5Dn
 OD9KsraSnWopI5VEPll2BHCle31q39pkkmW5ZFMTKwIC9WPb8TTUuV+67nVGXsp2i2/M5mC2aW
 +mwWI3bkTPO3vWza27PNOyzKFM65UjO4kdR7AVY86B7u0aTbDstnjePock8k/Sr08scWnOPNgM
 aDYsqDAYsBz+PQVVWvOVlbc66letOy2v3X5abmNNCdrPMiXAlPm5iXBCrwxPt3pqxzM8pBjWJ5
 FBbb98spwR+lIryqsizXturyEMkeOYx0Kmo4HuZvLjjZRIqcKRnvyPqAK0s7FTjUS7tddkhs2l
 tBpA+0TIo8xVQnIPbP4UwRLE26FWuIw2GZTxkHgfjUbSPNeQFXaZvL3pk5UYORkGnia7hiWVpY
 HdgIwipw248vWiU7avUuMJxjac1d/L9P1LhJDpI0J80Psk5+UsevH0qA3EM4ZEtppoQwSNo3xj
 jv6mrsYSUtCt1DJIkiqzgcO2cAj8MiojLEruLNDglh6hecY+uM1imr2tqYuUIVLPf56GRskMik
 SBlBRDgc4P3m+lW5IofPWNLa4uY5d8keHyCAcL+dF2YUQhd8RiiKKCfugjjPqafGzC2i8wNskw
 0YU4yE9Pqa6HJtJ/1/XU76kuSKneze3T8v8AMy4IHjkmsGhneUKTjd90jt/WiyEkK7r5njVxvJ
 YnHcZ/lTb67vWuDdeQ8UUoYqcgHAAB5+tWbcSJbtdSzQsPLKiNhk5BFdEnLku+v5ndOpJ0730f
 Te79dbfcLFfLIzSxhXjT5UDc/eHU+vNVjcSmfa0lvMI12nan8RHBHHTtSKY7uSeGYpA7EkMi7V
 A69B6GrL2MCWMsjh0MjAvLu+VSeSMe+OKm1OL1WpjH2EZJTXvPyX/A/AzUWzaxjlh3mdm3bGbO
 zPAU8dfetlPMjs1DXCgRnbK2ThzwQR/KjTbRYZWmdR5ckqSJnogAPyn3FRy2NwLxXhmAKYJLDK
 vzzx9DSqVIyly3HXrqS9k3dLW7tf0v5fMvvtvrq6kmnVVSTZGT0Klen51Zt43kntRNGwLxlpQB
 jaQpB/AHH51lzSWa/wDLUSyqGEZQ4G0EZB9W9DWnAtvA8k0XnhGyV3Pu9MD/ABrkqK0fyPOxMW
 qVrvXb19ehBsd47Yq0hRYQow2BubjNPQl7x4nXyGVRtZ+c461LcP5dvKDHJGuVeJ88bVOSPeny
 6fmae9SUSjcVDA8epI9qjnVtTODhHSW729fkTzf6FaFlCFuhIHTnJX6470W4jw0pwskThGTPIJ
 6H8jSP5aWocXMUgB29M7icfNz2p7wbtQQgNcbFIdYuCGHTPrxzWKempnCEakL7W666+WqJhMSs
 sZ2OQ6lGPPANSPKRbuPMiHmfOWC42lT938azYS0gQnbEDAWkdhw2T1FXH+w/YZD5hKyN50eG+8
 FHy4+pqZQSZ1SioOLStf8Ar0K017KJPO8geVEAhXH3R1xVhVluWX7RGwjdgz4OCpXufYcZrGaR
 RbiZriL5tplXHQt1P4VoQXssUyxxEeVENg387s9K1nSaj7qKrUajheO/4f5El3DtVHBG9Q0ble
 FZ2xgj+VZPkJbm4nud+2OQRuqsRt68fU1dlmil3iSKaF3YSmTf8oAGNuPU+tVry9jFk0qrneA0
 isc4f0+taUudJR7jpzlC0Hd839b3IDdwR2iraXC+YWG4P8xGRyPyqvEbeJ4zI4RPn2luSVIwaa
 gt7qEGK3kSSRW3ZP8AqyTkZ/n9KpRXzs8CPEt4FQjfEMAnJOefpXVGlo7fMyq4eN2438+9vUW5
 3w2UfmhZYQyD5FwVOOh9+lVbtPPs9oEcLRO3mLjld3JrWVpZURoYtxjDFiVyuT2x6nt6U5VeZS
 ssAgUx/vC4+9Ifu1pCpy2b6f1sFCm5csnDZ91+Wv4FO0lkP2VXgLb38zCjBYA4wPTHepLu2kij
 gMsn7ndIHK8YPUH8egqMTC1dI5UfzfNUO3/PItzj8qY0t3Hqn2lIpJYd4yjcg844p8rcrrQ2UH
 Oq27Ra1t39GyeOcm2lHzI4uN7BznjHSrEt9bHTohKoDbQItoxxnk/h0qa6aKG4LDYYEYxbx2PU
 Z9fesc3MDCRZGjd5JF8jAwGx1I9s9qiMVPWw4uEoqXLZL8zQdI557p0JCGZQqs3bb/MUskz2LG
 Ut50Yj2FevIxx+tRRPFdGVlina53kgxnClj0IHpxUM7XE0GZrWR5SNshU4G8cjj3AoUbuz2FKL
 qe7KVl2/pjEu7c3XmpbTJlsIHbKsDxkD2NYz2TmeYtdR/upk80nPLHIJ+ladzZRTzI0YkjGd+C
 33EH8P1PrVSSBHtZ3Ln95IHIzjO3Oa66TivhZxR5HUcU3d6bf53IpbB1uYYUBlUgHzE4A2nj8+
 aoKlu08quJEhMxdVJ5GOhz6Gr/2KYQLMPPMTAMpD9CORz6YrMuMpcyTtufcu4lRwpbtXTSfNpz
 GcaaqzbdS6XbRkDLEsyqN0rvtKqnGWJ/kOla1zqEaSToskasrOrgjq2BjH+e1YQh3XrEllKOwV
 c4YbR8p/E1aeKSaBZWCsWctK5GAGx0rapCLauY1pxqVouT08/wCtSxZvBJd2ql0KgFWXH+sznc
 TV1PNKyeQ22MREyoeSGHGfyrIitXe8hd5UiD5ZXxhffFXY2FrGro/zAb2JORJ82Dj2rOpFX0dz
 edOTk2nfTb+tP1OgWT/iUZbaJFJjDkcRAkZQ+57U37JCHRI7o70jZGXeST3H6Zo+8t/JJGTbNc
 iJE78/xfnirEXltHKsIC3O5TtbrgAg/n1rzrtbHBR0jyp63e2y9W0Urf7SQscEDKe4YZyOoNF7
 Yl5PlMxhRVZZA/AHX9e1axVZobHZPH81u0jEcEkfKD9MdqghQG4Ehv7cRFSAMZBwNuKSrO/MtD
 ojimovm/BfqYd3HFFdrcRuHikiYZf5s5xjHtUVppsrW0bQTWzlSSVCfe54P4VpzW9tcae9ujDe
 g3I2eEC9Aapz+abBIVYBpR58hiO0oRyV9s10xqPlST18zgxbVSmrXu9/T+vMyXu0uXmkcxQRhX
 Qpsx8x6E/iKyklZZnmEgEj4Vwy5Bz1NaV6sKziRrZ1idcnkDg9jx1B71nypHJYRSLHIGUlQikb
 j7n6V6NJRS20YKFKlBK10/JfodK8UElq6wyOJlYsoUlRjAHSmmOK3voBJvS6nQvG8pBQZ4xjvn
 mpFW2jluZEY3OHOxIzjC7evv1o+0tJZWbMIx5UJGxly5HUHNcSb2W3/APUbcY+yp3t0vv8/wDg
 jjBciM2rEq4bZtBwQBySfXHeljHmyC4Ks6j+FTjfk8EegB7VKfKnh/1jtO5G1QeSp7/l1ojTTp
 kSKJblZTGH3+ZwNp6EeprNy01M4RjKDTbv2tt57leO5jZoJriKOO5j+Rwq7QGJINXL+xiCQfup
 4lUlGLP8vr+HFNheT7agMlvGFVivmx5xu9fUj1q9JmJGMVwkzW6FW3DIJx1qJzcZqxnKFWlUXI
 tfV/5f5mNcwSWlmiwtDPBvyzBejLyBTS+5JJgksDOnyFnPzBjy30BqxMsdxYqROFgMy/N65HLf
 SmzSrbPFALZ4oWdkidzkBDjJ/A/zrWMrpLqdtFJRV1eV9/8ALTVjEV5LgrZKtxNHIVXAyGXb1H
 41YRJ2iImtrlZpVBQA/fUHnHvUaJNCzSQQyOJmDxlDjIGf5HrVxms4LaLzXlW5KsQ5ckLxyuPf
 PFROTvpr+ZH72FW9PW/rf8HsVknji2IkLRQXLh4Wl5A4OB+dTNpkku1pPNG2LaUV+WOM7h7DvT
 IHeS1SV7dzBkLGpxlM/dJPsev1qKWVxdXXnmSBvMEMkjMdqk9TjsP8aWvN7un4mNOb52ua3fS/
 /BIY3ubuztrfyZHZoWmQr/EVPX6DHNSyxOGEs9tJciU+d8hwMjg49BTJT5AFta7yYVMW4HkEkH
 H86da29691GtuGh+R4nMnIUsen171b0V9EjWtRhThzSklH539X1RXci41S282KWNmfIUtwTjnj
 04rahtrIW7SSwyxRJOGbEmMjHB+maptZXH2qO3hbNwsR/fNysijhmHpUTxXVtEoEc1zBIygOG+
 VQDgZ/Opm1OyUrEyp05zT52vJP8f61NcLHBYxRQM0beUwfzTuKv1xn6VbhUCyt4/s3nTGAhGQA
 KQei49TT9gF0yNxcrIFkJHEjjqwHYAcVPPNGixi2t5S4Qyrls7AOgPvXnym3ZI1dRNxhCN7df8
 +5UNusskccLranIEofna2MDPv71PJbX9sSrJ9sXaQAg5C45bmkE/2lIPIZEO8jbtyQgOSSe568
 9q0rkiJLnEFzK81wJoiH6xgcge1RKclJImNZKdlq/P8ARsWxs/tItjHGViWHy3kbuwPyjPvXQW
 unTRzKzRs+IWLIvWIgcq3qcHNWbQRCVLiCVIkGY0BGQQ38WPY55qaEiHEby+ew+UFCRkdyfWvI
 rYmUmzzMbj5Oo4rbtZmb8jWcSRQMsbIrKzHO7HIx7VOkAmWSVmiEm8A7RjKk8/4UkxtVsA2HTc
 eDu4UHinXSmYmJZo3hDEsYhgnAGOai76aEwckk07fL+v0GSR2ttdTPIrJbqpC5bqvr+vNVAlqY
 QouYWCgcgdxnJ/rUpWEW6y3SycKQkecce/8AOqRikayUzyQ7eMKi7TKAeWB9K1grrVnXCPNrKT
 v3/wAt9fmVWgjlulmKtMoXbD5Zx5ikE7v05qpLdwtHG8bKWmgEkkY7t0yPQD0rRt1s3uTvuDkb
 hEVYgHGaq3AspLm0El1axRtCdyqMEljkYPpkdK64SXNZp6HRCvFN8zbt6/1+RmKYpWCHKMw2+Y
 /QDNWJLSJLhHt5wylJPMKk8be31NQrLIbtX2KiKv8ApBYZCzHoPb6e9ayXcxiJuFhWODdHIQgG
 GYdDW1SU4tWLq4mtTa5Ze6+l3/X4mNbllTdEolmli85IQPmAX39B3rTTyzbNdSyQJCZBIGK99v
 AH41RivrWOGJmjaFzHtyT90McYNS3rF9IurePbI0UwChR0A5A/GnNSlKzVh+0nWnGLjp3f/DWN
 KSSBHtntkVSYnMuRnbJkEA+9c7LdzvqLRbNiDIdlGMs2MVPdS3U1kB9imYyHO2PghiOW+g71Kk
 sNskSzTRNMsnlv/wBNGYfeHpkdKdOCgr2uzeKjSjdLmf32K/8AZm7U0Ed0paNvLlDZbkHvTZmS
 OW7V5N/lyHy9v8ORlR+dXLW5Es/kraTlMA4Vvm3DI5PepBOss0YjeAyLCQYyuW57n3xzVOc+b3
 tbG9T2/teaetku2n3f15nOzsGjh86YMnkgTqB9yQcge2atW5dpJPNVZGbcz4XhG6Yx71VdbaNy
 kkcjR7Fw4PDHPytVa6kuBEQJBIZZczsgxsJ5H0yK7VDmSS/r+v8AI6qlLnSSW/loWIzNHqJ2wG
 OMxHzN3Pl+x9yeadvmVY4btWMUICMc8FuWH4ntS3n2iF5XtjuLzEqMZyu0ZP4UtpPGIkjvJY95
 ZDAccMncn1PvQ7tcyX+Yqk5L94o3W3mrFkjcYE+2Rwqw3rGwOSMZakvZE+wLIkrPsXaWV+BuII
 H1xmrS3cRnjMUSFER9pwCTu7D8OazJZbCKyYW0oeR1IjDcgLjv754zWNNNyV0zPD0n7SN4vXor
 fj1RPbJFNqiyFCsETPGiHqAw4z6mty2sc2v2eAtNswy4J5VRkj6msA3jtpaRRQP9pRhuUdcFeS
 fpVmKaeyty32pIs/KuQSX28hhjtg4NTWp1GtHYmthcRJ6aNuyTV/yNCJctcrIkquVLDzGyAD7V
 MZWOivbPcwxokiguQcOeuR7VSGo3E1lFODEkyREOpX+8ePy71NLeyyQwwBrc+c5ZW8vggCsJU5
 XV1/SM5UZtxbVrP8fmhyJPsYRlZZnQsPl+UnOOBWmrSxyTysrsqvh0XggheTWa0837mfckcaRN
 hQvLBiMVXlCxz3iolzJL5n7tRJ95QvJ/M1Dg5blyoycXG6Sfb/M2J5IDY2j7WMZhdWRTgglhg/
 TFZsdzG7/Z0Xc0LbAfUPzx9MVFDNdyafIk15av86gFUxwetVJLuK2uCgdBKpKSP/tbTkfUVdOh
 a63ZFPDxUOTVy+f9Mv3cy29rEWaCaRxtjVVxlSRk8+lQ3c5js5oyvy+ZmCQHG+IEEsPoaxnhiF
 nBPHeASBBhXJJx6j9aZDe3YuUjhQ3LDOwlcgIPUe9dMcNomtbfI0WEcEpJN27ppFm4u9QDgxbP
 lOCSuQSev5dajeW+NySINyZVJSRkEZxkVHNKUnkaWGVYGLgNu4JIGPxzUFpBcRFC8u6dkYFM/c
 55B9z2rdQSjeyOmc3Gm5NJX7f5pluVVW9lSW9S3jjkZIgVOcDkZx19KjkK+UrmaKIgESEJwHOC
 Bj6VTa7K3EMXlIUCfMsq7jke/wBOKszzpc2iiXbbAOzyREfMxXoM+pFVySTVzmk5qUVKL+Vvya
 L9rLEhWZYpzFMTKxD8DA4B/DmonKzhV81owULIxbhj2/MdKwBeh3jyWWIRsAo7Z9cVde33WzSr
 coYUKqNvcgcfzpvD8ru3Zm8KPLJOctXt1/ployKlt5nkTIZHBMjtlY8cBT6sfWozvkgaSAkSmQ
 gJnOwD5Sp9z1zSERGSzHnfNtj3J1yDnKn/AGj2NTbYrbVCZCwbDeWOnGO/qQTnNLb1Oec5xk1z
 NW/ru2KLq7j1CO3kUJbxKxl3LnJXpz69Kr3ZkS7t5YIQ7EBmXbwpH8HtU0rl7WFVJDxoVaU8qW
 Hr9etTKXWwgxLHGOfNaQZw/b86Sai07A6iSulZy0tr+lyzZpm+keSGW2mlckZbAVQOePY1SVIo
 LiKeQzGMx71ctlW4NWR9rNgkp+aSWQTFwOEwPmX8ahlkQ2wQxyIrI24u2QpzlR7VlG/M/PQ5YS
 nKTUldS00/4JRk2/YfMS6XmMKUYnOabb28jwWrNPHejawW3hPzEfxdqc8gWGJnUGT742jhR2BH
 qRmpJlu/sYLIsXmHMRjXaVx2/Gum7tY0rKrLljJJLpzW/TVfeijbxzPcJaZkgRUfaHyfcCqSR+
 feO9427LLuVBjIPf8ADFW1t1QkpcExfKZctzkjgA9uajuZJEt5YJAg2kCQFeckDC5roi9dOovY
 Tm3GLS032t5ruZpk2agZIysqI58wj+LnsaS6jl+yvMsqxQs4XY5OX78fSpIYmkaeIzRQqCMswI
 AI6DP51AiRlBGHMs/mFozngduhrp0T9DmxKUPdWr6v+tCS4kYmyWORXYKWCqMbue386sCRTpxc
 TRyTEkyYHA5xgenrVaRvLuFO1WAUJuC8Zx0+tOjjWR1jlkS1cgMA3Yj1pOKshQpRp8s+ezWun+
 a/yNpLactG9pL5yR7lcjoWxxx6/wCFbKb5Iw8vyXQAPyjHTr+lchBJKJZwJFjZiX9MgdD/AFrR
 g1OOGGAtKX2hg8hP3nPQj2HpXFWoze2py42VZNe957a/MkDpPBFvv7dEKFIwoPILdP61cgtJbd
 blYrqCRIpFiHy5+90NZNqVnhdECl1faJAOCO5A9hWr5klhbpOgEqJ+7wf4snhj6nHSlVTXur7t
 DpqYia5Y3u+istya6S4huJIIjGY0QgELyWQDjPuaw5lultvlcCbzQsh28JuXhTWq2pG8SVLUqz
 RzFI8jqrcA/hg1hNNIyl4b2CaKI4AUHLkHntRQhPqtTzpRlN++kpf18iCeRxbrHNbSkhRGxLdz
 0OPpWSscsUJaUvEQAOmMcnj6966S7ufOhVZbZ1kSQkkHGQCOPqKwl2/bY/OLtCGLvHnk7T/9ev
 QoSfLsJSbV+W1ul7/dZnTNeNFbzKluqBZgWyvP+zz6ZzUzXl3EZHkaBi2cBYxxhgM9OlPuILq3
 PlWuyfzXV5AV3E7Tx/OrOWnlMV1ZOJtkjuVwNhB4Brz24WTsmvxO6nUpQs4QvHu7N/dYoSTiRp
 roJlWlYAqcBvlwCPQe1W7KSWOKNTPaW7RgQMkiZbkZzn3qNXtLWeASq0YaFlkLHKrJgkcf0pVF
 xENNkhCSzqg89CufMGeo+lTKzjawSq3hpv6f5k5trmCCI3SiS3SIq4UYYMTlVJ9apmK8DqL0eS
 GQxsQuOpzg/wC1itIkuJiyyMokJJ3cSFRww9u2KYriW6HmyJmJVKKe27hgfU1EakrHbhq1SVJp
 fr+C7+ZS+y2jzz/ZpGa383aELdFI4P50XKQpaRBVcDzfLAdsjkjj61ZkjhuLF2bFuMt5YPGUUj
 B/GpLSzmVXKXdpHhw6iRMjAHT61TqWV29iKtSUaampu/8AX9bGfHebrgxIDIomC8H/AGuMflV+
 5lFrqsTAQfZ9hDiVd2/J+8PQZqjdtb3Ea4i2Y3LG6KAJAT19znimxRQPdRLdPJBbDCLFK3zg+5
 9iPyqnGL1a+RlUnT9m5TXy6l26kIt5S6mTMhwsfy4KAY/Dn9Kz1xc2yKjCOUxESLLyGJIy34fn
 S3ZjEc6rIZWlYPIQeFJI/wAKfHbbyfsuN2HQhuSpyDg04JRhcKMKdPDqUtLvT/gq2w24triSC0
 bG4lmMmwYMhHHFWLWKMX8qXCXEMcUy/MZMbDgkbv5VVNtqNvbRtLudFfIC9cdx9TWtJcTXFlKg
 VI3aQCRSvzO4GQ4/2QO1TOT5bJ3Xf5hTs6Tho0+q6fn+Rbwz7rqBiwdhtQHDE4wCPRR3Hesclo
 r17e6lYpEpRsNgNkZU/hUTRPa2L7pDLEZsIQxAIPP61baGCS9SRrqG1x/BMCSejDP1NRGKj1uj
 ehTVKi6knfpp5en+RHAL2c2+JhPkFW2A7sHhjn2rZjuXs794IrW4DJKGVnbIwOpPtjtSabBDLJ
 LMZ0dpJgz+WdoBHOAPT2rZM3kKZLsxxq6EoxXJA6nPrziuWvWTly2uc7xidRwUbp7b3v6LcoXz
 SyvutzEkqnZGqr/A2PzPfNbCQusUJuIZv3YZXkLfKp4AOPSs2RJrmzhbg74S5KDBBBBI/lWpDI
 jrZySCXzZo3Yqz5BI6ce1cdV+4l2v/AF+ZtWqR9lBJdXtv8/8AhjchV7e0iRNqiMlWZhnacZwa
 Us32i3DK5LwuGkXgZ7H6VB5T3Jji83ZuIwSevHU1qOYIwY9rI4BIDH7hIHJ9h/WvLbs/M8rSMn
 yu79CnbQw3CwbW2ybD9/kA+mPWpt9qrojq4DIZDhsHJ4FV4TCb4EMZMHcGXjtwKfI+6RGCjzNm
 WyM4A7USu3qQ8M3O8l+NipaBJJYi+XdI2JBOeQDz9KbcCCaCJF3uJ4TchlOAAABge2avwm2bap
 V03LyxPXNUL0R201vFFHJEOdjPyAgH8s1alep5ik4Kr1uZMMNs7uQdkisNvPG053Gsm+2iJlFj
 cSSkB7eRWGAg6j61o3UN1FDHPbzwgxPHHuZMg7vX6Zrnr2S5knMRt7hzbuYo5I3wFHUqfUmvVw
 8OaV0z1aVPmqJ328/+G/MezQeZcl5hHvl2xqxwWyAA34VKY4SsgSSaeRkIWNZOZFAxn3Oec1Ve
 aRlt5tsUMMhxh1yVBGAM+oq/9hhiiWKKC5M7hN0m8fIwPK/1P1rpk+VK7N6mJcY+9Udvl/wH91
 2YTxQp5dsjyRfu8yLI2SzAcEe3t71bt7jVPskKRRrMWPmSAL82BzV5NPsY7tzFvlAZzE5bOAex
 9cnpTo7M3F48ipM67P3hjbblm9PbtVyrQa1/E7KTjVpvW6Wuv9Ir3N5enT55HcRbrg7WxjAwOn
 tUomhvrJ3MLN8xMu3jL8BcelTNbuLefbNCJBMPvrkNxyAPyq6ZIksWa4tZCjy4Pl4XaeOPqOKx
 copKyHQdKnytxW/R2/D/AIJSVL0pPH50UUyFTKoTlcct+XeiXYtpcNBPDeP9oBzCu0le34A1ck
 slkW8uFuCG83ZKcn5sjjHpVBfszaYvlH7ZuTa6wHaykEYpKSlqvyN6kaU7TSe+1vzf/BMp7l2Z
 CQqqI5I5BjqScZHsDT7UyyaUImjMilt7FcAkL8tWWaKW/eNDDEFQhXddyk5BNaIkZ55YkeJEO5
 lkC8bSMhfrXROVopWOuvg5WjHlt1/4bb82ZVnbWkNva25lmKMkjuWk+6SeM1cY2tvJbhZYXuVR
 vlIzjjj+tWo44IUiZ9sJWHGJOcfWnC4tLnTZVKpcZUHMQwxAOKwlNt31aOL6s9I3fL/Xl+phxa
 hJmOQRoFVc4C/eOeSPapkurZp43lFs5ZWCgRj92PQ/U9KW9dxO0Nv5SBZEEa4zletTXTXDq5MM
 IlEu8ARhcjv+VbtRdtLXOmWEp3Vla/oVbeKK3vspI12PIcuqNyNo4qHLJZW2Zo5IjGu4HkrkjI
 6dauXCEkTQARylW3EdtoHB+tWYy7i2nmmtWUl96rFgYI6/hQ6ltdxTxnsVzL3umu+nbQozFRP5
 CwSiMtu3bzztH3enc+9RLcyQPFdXGxp5l3sgGAOcDA7Ag4+tTCVmW9uIyAkZEa7udw/vCoDBMz
 QzKyS7omH1PqB6CrSj9o1UKUvebsn66mo95b3GnNFsks13lSJD9zJ4U+9ULi2eOxMyieLy28pi
 zZJGck1Tfz3t4g0DhRuG89HJHWlW3mYuIZfN+UERHJyD+nFEKShsycLQkknGdopu63X3/wCZZ8
 5/s58pWKvIuQOoyeB+VV5rKb7YZXhkjZZywRuScEZzV1rfzLGdVtp7aSOT+Ju4HyilslmUu80w
 xIoMu/krIc7R/wDWpKpZNomcpcjkpK35kN4Ynu3+zxqdoKy8fKWzkADsKqo0RDeZvtJScE5OBx
 nGBWtcRySFEaAzziEtOIgV3MtZEu0DYCIzNiY7xnHHNVSacbGkJNwUNYrq9391/wA0WYXuHhii
 jMcjIoA3LkZJycjvVhLWV7QR+Yq3CFwXPTg96o/ZX3maDe8Xlneqn5iD0IqOWOSG2th5joDAXk
 VmJJyfvfShxTfus8+vh0q0ZU/h9F+P/BQyWKKDy4/OWSeYbSpwQTjqOOlUXiuIxEzxtDuGQHGe
 nWtT7Cjo0rFmiDKEcH7q5xj61WvYTFfqJGJXy3CIWySO9dFOor2vc2dSU1yOrdLo/wBGU5FMke
 7yEy2Wyi4BPXjj0q2bHzLT7XGXSFkZgm77uOn41LBaXEcW1yLhiFK+WMcdhVwQNLa2xt0ljlEJ
 hCO2Qx3HPH0zUzrWtZnNKrGEocsklfW7v99zDmgkRIudkkij5Ccscen4VLHHJjO8SERs8Z6/Jn
 B/OrVxZRqrRs5meINgjPX/APVTrG2tklijIfa0JIJbqcHd+GKuVVclzrrynGl7WesfSxBCyy2D
 koyoB+5Qnk5P6mtQWUV1b2TWrneEIcFsjcTwf51Xdke1DR7PLVAFA6/L1Oakyy20zRo1u0rBuT
 0GPvD0ArCbb1WhhONSdOEovlV9P+CiFI5YrxYyzyuoDqgY/dU85+tNMspke8iZZirmJQBlSCOu
 ParUVs0aoySiNVh2O7jOT1BB7Crml2s728s1zA0ZNwGQbcZC5zUTqxinJkYiqlK8mn36X/Az0s
 5fPgYSJJCIXjOOrEdDTjAJtJjledkyN7ZY/K68Bf8AGrLia/ZER08txuEqDCqc/d+vGKz47e7l
 mkS4heIOCyjphicD9KFJvVuzRwztOfvSSt+RkYJExI+8CWAOPmHQ/Spr0rLpY8weY7Yw68BwMf
 N9B0q08KxQxpG6MxXLA88/wj8cGql9HOscDiLYjuzsuOIyB8qn9eK7FNSkjoxOIpzUPXt/wCO2
 kaC4fy/LZgjbWIyGz/Fisvyyk8RdigjHQjBbvitq3eb7RGSkNvmNkMjr8vzdO3aqlzHi6toHcO
 Ioz5jr0c47foK1hK0noYctJtpU7d3e7/y+5me2GdS2A75YA+vYVMd0YlKxsZAWBJ5wMDI+oqJ4
 gm0eW8cQbcN/LD2zjnipXWUopiZtpGVXGSFzk545rdu9ipSc2o29F3II7hpNNWRVUMoCEEc4Jx
 k1ahGx3DvCPKk2hSuc+/4VTZ7hRbCEoEU5YLH97Bz6e9PRJGkcDLbe/qDzQ46M58PSqzvSl8tv
 8jQNw22NBH5MRjZ2XHJyMf8A16FuLeK1iAlaVlKsNxO1yO/sMcYrMaHyzCil2HIXqTgj+vNLBF
 LhEdssdwVyhC9Pu8jrUOlCxDp007S0t0v/AMM/uRpxXUUcMhiURL9xR1Lbjy34VD+5O6CCPyZT
 IIyWOQxPcflVR40WLdMjxSGQbEJxlRye3rUQzO0g2NGjOZWycnIHBz6UKkt1/X+ZhUoJtSp38u
 33atl/UY2F3taC4G1Ww27jkDBNNhndrUySRR25B2EPHk4POfxqoEu2AnLGVGiJEnOMHqPrmrMM
 Ud0lsJJGjRQURievPQ+9DSUEn0OWrKmoJz+9f8E6UxXE3l7bedooYtow2GLlsg/QVNCJtt4tzO
 vmtdRsXAwAuPm/Cp/PaZYVEMqp5Z3OrYG4N7e1XJbaJrFgQxdSowDzIMckewrx5VLaNf1c2q16
 Sdp6Lytp+hmtBFc3F7AoMkTzMysOvAGBQv2iK1Vtiyl90nAwV2/0NF3bCJZJRcK1uJsEJkEKRj
 9etMtEktLW4lcPOgk8uJgeCh/qau946P8Ar+rFqKqJO910TWj+b2JPtZgW3lLqsc0bSlWXO8nj
 K+gHpStcQtbyOQFdJApI4LKAAW+maGKTRM4TyYgrIyyc43dh6VWNjcCKOYwTLE6AYJ+/2BH9aI
 qHXRnRTjh1G7XK3+I9s3F55iSI0RBwgHQHj9DSQx3dtYBQ2wAgNuGTG2eAT7jmpWiVdNVYg29J
 giAHkqTwPc5zzWlFKsOoSQzxO/mMzuc/xDp+VTKpZaL+kEsReKainbo7GMtpIyTmR0PlyKvTGQ
 OQR7VFciS4lYW0BSNW3NK/ONw4Brd+zQX7xzoZCZox8itjBIwB+VVFO3S9szxrBEBGiDhmBOOT
 3Poaca93fqbOvGpO6d5Lps16W3+ZV+yeZJEv2CdyYyqMrAAjPBPr606KL7NfSzStl4HzIRwCce
 nv2rWtdPEVn/rzAys+0OxO0AYGfpnmsxnKpJi6t7oIEEjKuQzE4FKNXnuk9PmTShHERlfVduv4
 6Ed1IL21jMKzRSlfkQv91Sec+uAKvxQwCNwjklgWiycliThWB9B3FV5UmRprdpIpFJLkIuGXaM
 bc++aUxI3kq04Bh3KQDjaxxgH8KUrcqSehM6UYQjGKsr/1qPkVlsV88xvIG+RwvyFc4JA/l6Vn
 K0kdxLJHcW0zF8RnZn5AOv5fyqNvtMbIRHI8Rk+6ecqOv6mtC7aJrSKWKMwSJLznkMuMHj9K0U
 eXTe50wpSppQjeSl9xHLbkWqZmMhAOHh+UMBgk/jV6CeXUbeaO2uIQN4ctKmQSOoGc4Bx0qOwD
 zqkM3yQkboF7gLk7Se5NJFaOz27xK8McsGWI6Bycjp9Kyk1qpbo1pzpRTjUa5lt/ka0dzcW+l3
 Ml2wLzTiTKrgRZxiP6mtVbyZYonkEKeXmNFKcjJ4B+tYqW7pbK0sivMXHynoDnOCPUVqPb5uLp
 nmVZPMCzAjgucEMPQAVw1YwbIlhFOC1vr2NNHZoFa5ilTZlTtON7Zzx+FTvcNJ5hjOzfIo3OM/
 Ke/wCFMAkTJdh94EKeoPTH1q1LHILci6XY7ZI2jHAIHFec2rnAk1Llf4f5Nk8sFjPaMWYjDARb
 GI3ds/nUcUipqEIR1/1LLIWGdrZ6H8KUbftJhgjM0ZZCSO2OlRSyY1DzY0CiQFkz/wAtE6Eiso
 pv3SIPSVOW3mSTQpNIB5ylSMDbkHJ+6ao6pc2lvpUYnmywATGeQ+4YFMlu7qJbiDMWxv3ocJja
 F4xXOajOGtZTc28zFZVWPBweO/vg11YfDuU1d6BDCSUlzPT+vQdPcSyambWK4hDh2ZlK+nP6np
 WXqbCNEkAkjuJYsl85UKfvZH973plyrTtJFbRskrMm9mPPXrn071HsL3jQteW7qp8v5kJ3qf4h
 7V69Kmo2fY9CjRVNuprZbq2vrdfqadnHC1pbOZBcBg2xR3Cjj8upqKNorS682ZLqOB5QzSOxI3
 c4/A1lCO8SaOKFgsRxJESP4AeT9McGtC7R73KJBLNC77wUOMeg/Kh0/e1ejMYYHnquMp3Uvlp+
 RaE4lkjlALIpOFXghugz9OtMmj8qAyMJhsmVXkSTCuCOmPfPFMjt5Q0TXFrPFFP2VsF2z1B7Dp
 Whb2dsk0xlt7gMAymKR+hH9fSocoQPXpLD0tnt26/NP9Bkd3FcXC/ZoHGwFULHIx7+p4PNVo3l
 uY5gbG5a0mvFcuDjbt64NXVhSyWW4t4mcB1Aj79OT+RNOmeWOCOa3jeG1JLxs3IKkYH61Cav7q
 +/7zsjGLl7iTvs3vf8wNvEJsySPty23BwHXru/A1nTW1ta2VvLHvjZ0LNh+M9h9TWxG9vskSW4
 jJU5KnqpC5C/iahYWz2StOrRuQSu88EdScexpQnJNbipynGcd7X/AK8yOGFpIbQ23kRz+UUdXQ
 Eq56Z49KrPZyQSSz3cbsiKqkRnG5/4fwqeSK6WxthCyuoIMkyDhH9D9at/vCtyslrPKfNPmANx
 04FPncev9XNqdWcNJWcX9/36Ff7d/aMqI6xxHa4nDJnLHjj0HFNWzhs7a3fyZplERiIjfGSx6/
 hmpbZLf7GrGNuSiZXgknIzVhp0s9UcypIY1RlTPIYAcmocrPlgtOxhKUVJxpJ+hlXFjaNZNEs2
 y4jkAXLHI+v1pk1sJGH2i1u3kTduCuBuyOo9s1YXzJ0haaCUwsyGIjALjPJz6dKgiW4bVnZSY1
 eQzOJDncBwAPTJNbRlJLfYHOUYtb8uu/4aFk6cIo/kLQsQQpc5BzjNZ0rRkqr4uWCEEQnbgnp+
 gpzzyxXxDzeQ0S+WEk5yxOc/hVW6uSZZJfL2TedtMqj5VOOBj3rSnCd9XcIKUXy1Hfqv+C9x08
 90LIOFjhSVWcIUGSOBTIZQIWnSVZOARCv3s+o9sVOJbkWpa4jWCWP+KRMhezKR61ltcWjxOkI3
 l2+RhxtQdsetbQjeNrfcOKiocj0T6rVP+vvNW0uGOXcZw+UXHDKf4h7VSniura/iMMqyuh2r5Q
 655GRiq0RlvrjMeLeJAUXPYYxj61K5uI7a3jvE3iL/AFbr8u4A8/0pqHLLp6GdKmqc7Rad+mn6
 lqS5eCIqm9Z/OIfec5J5B/KofNEeoQXdxKHBRjtUYBJ4H4gc1CJR9rldv9YV83cem4f05qae9l
 URxrai5TecPtBCjjFPktolua4mCp+4o6Pf/h+xctLi485jHukVv9WB1I6daoPGkljcmV1W4dlZ
 FIOVA/xqSGWyaISeY0MiuqMNx46+nvUM4uCqS7oJnRwsgROq/wD1+lKCtPsZ0ptVG7NL5K/zeh
 fhaWOAXqlXckiRVHHIwuB29asQWt6tslwjQzPFGsWGTPzMT+lQTLd3d0Y1hMMsbkwxqMfu9vcd
 yPWtQXUwt7dIEUJIhlcgc5BAX8u9c1SUkla2p59R1U+aMVq9U7PT/IhW2P2OWCS2mLx3CK2DjJ
 HJ/DNNkFzJDPdYt4WSRY0MkYPyH7xq/JBcurJ5ojmy2+T+FiMEn8R09KrKUl327N5kYK4wedzd
 F+tYxm3qRGnOMG1bzVtv0Bbq5jKIYEmiThVjQBip5Xn1qvIkLWUN1tktVwNqueRzjd+BPNaW4H
 V5tP8ALbfEjh8dcheCKzLiS7fQ1iUwlJY1kjhKfvCF4PPoDzRBaq2hn9Wipxjbl792n96+9L1M
 q5EVru8yZLptjJhDjuM/jzVKRo2ztjltyIyAWbPTA7CtWYJNLa+SVknjhbY2PlZj7dyRmqK2zz
 3rIwChFIOD3xx+dejSmrXZ6mBr0uWUZy+Hpf8ANbFhPLngi+0yI7mItiJduARjB9ycVHm0t9Mt
 fs63DTq3lyo752ueRx6Y7U6GMtEv2sqilMxKowSAc/0qKXbPMbyaQQeajOIuc5PGcAfjSS1tfQ
 5Hg4ydoS07a6/gX7v99by3ShirLkBTgY9R+VRxXBh8u6inJEh2APyEyfun3NZst5NFDH5U6yDf
 ukbb8o4+7j3qAyXLmIACNkBYqVwFx1z7jrTjQbjZ7GijWlScJfj1Ld5DLNOjQwzR4J3Kp/j9MD
 0HWm7oRAkrPNFPGpHzvkE9j9M1JYSlQ1yrgySEsqHnPBGfw71EsKC6j8qaNZlgK7XUkEEdfQ1S
 dvdfQ56dSq4OLWi8nr5PfQqWgh8xEnma4d4z5jJwEY5wOR1prsoji8xAHKAY6FCTwD71opFFZw
 RtJLEWGSQqcleq/wD66wiEvLyWSeQRsvzI3bHpj16Yrem+aTfQywmIxKlKSb5f72qfyJyRb24Q
 RPK8bkTfNkcjPSq2+MW0iKj+VIysjM2T8vUZ/GhomEy7ZlmcHJRM5bA69Og71JCY2aS3kPEkm9
 SOMe341tZJXM1FRnOa+etvwK89074aJkFukwBjYbmORyM055fMkSOVUIiJBKttBU9v0qwqqmpx
 FoluJGjO9FAGDzyffHNRm1EUfnTwyiAnCKGwX4659BxmnzQ0Oe2G5k38kna/4lKJRNI5iljK5w
 WJ4XP8PTrTBFhoZGE7gMcBWwpI7HjmtRYZora4jUW48pwrIke0u7dDUOEtmiWVHklti0b7ThXB
 6kD15xVe17GUqtSStKN/JP8AXT9SsYrhhHEyPnaNmFx8uc5+nvUQjZZJHaKRDuyqsfu5NaE92V
 iEETboADs7sAeSCfaoY4ITbs84mCK642MAWHeqU3a7R0bU+aUfkv6RQnVLvUINs3kRQlgTIxPH
 px3rQEMDoLhJVMCtkr3yein+dVldBcylFDJvLAMoOSO/0pI5YpXineKRlX/WbDtDHJ5pyUraHD
 7OpG9uutl/Wn3sluJIhZokUu/BBTbwozyRj606NHmvpTHZy7PMCyIpGUB7fWnWEjW2n3Ea+RLi
 UOPMjDYAppdUu47i78xi+XUxnYGJ7cdajVXS/r8jKNOpGjJJW+e/l/wzOus7MJp0ixeZIxw2N2
 c7W5I+g6094SmomeKO5Z5cyQLvyNgGCMfjUtlfMdyOm0ySAEgYwRk4q5JeSyzK3lqfMR3aNBgx
 kAjb7fhXiTnUU3dBPFTVZwcLrvff8TMgVQkRW3uJo3UEgtkf72D2FLDFcG6SVpo48IymNh95ug
 OOmMc1FC1wLHTGETRNFblgG5yc4H4YqUGVbUywXEE+2WMBAuTjNaSvqd8ZVG37y107/wDDF17a
 RNPYD5jHLHGXPRuOWqjZ4F6Uk86YEAjD/Ko54+uOaciP/wAJOss8jtAyOxKkhVODwaWFbC1tLA
 Q+chlx5ckj5HOQT74zU7Raet/6/Q5atWUFyuV79uhKkd3DY4DoEaPzPNZcjjgfzojSN5Lee6V4
 3+6zbsAuQRinmS2geO3aVihVgYyclcj/AB5qm9kiWFqscdwU8wOCzk5H8X45NJa76XNIu6UZOz
 7liwSYR+T8wuQVBUdQQcEfXFab2rpGXkEca4yyuuSpzgfzzVd5UmuoYoYpPtETFpCD1Yj730xm
 oJrqYwRea4QIyhdw6oTzn1PpWUlOUr7FShN1NF+rJpp3j84SsjvGGWRlGAC2B09+tZkkVrEGRZ
 42iwpi29SByM+vNaBhvjqaNGiz2sm4ZC5x2GfpUaW81u4t5/JjWKMIJ2ThiOeK0g4xWjO2lRp0
 k0nr6r8inOQs0ki3CCTC+aSONwPI/GrD31o09y80DOBIAXj4AJGQD78Yqd7WO5lXzHQs0ZZ9gx
 tIOdp96fmHy41Elqm8MQGT7xxwf8KfNFpXX9f0jplUozUVJO/zX4lL7SbnSwY1VZjggY+6CckH
 3GM07yppEl/d+aZW8yNsfKB3OPSpbO4MUojiaDbIA6ErnAHH8+Knm1HyVuEmAkmjuFAEY24GOR
 +FD5lK0UQo1qErU43e+u5Xgto7j7T5k4VlZY9y8cdTj69KsJdPtaG2lWN3kEr71z5RXov4+1QE
 W7SuIHKTbTkseGwMjj3qSWayfSYEMiJclFM+OCxJz+lTK8nrr+hbnKrK87y+W3quxNb+fPPubd
 uddxQ9UI/qauJJILyN5FcxFOWz39D74qOGIqZ5/MQr5pVUxyMjufQCrd1ZgWg3b9kUgSMqeCMZ
 JNc85x5rEPGUvhlK99Lf5GiRJFEHO8RxsIyzHPLEc/hT5biYWz+a+6NpC59QAfX0rBgRZFZVeU
 xqwBLOcepH196vXepNDYZihKo8wLhgCYicfKf51zOi+ZLc5IR1Vtdf61LIuWEe8kyRvESfLOCr
 A8DPvQ1zcvaxSJJHFLsZY2dcqysRkgemeKr3NwEucMyy797L5Y2jAwMfnyKyp75lSBDGxZVXcB
 /snk+w9qqnR5rNI6KaVVXiti3dXl9BaTeW8IAk2zl484YjhR6Vg3OqXQCRsUUR7UbcuSSfm/pi
 nRxFtWcPDdSRyKzyrv754qrezRwxsHgbNwu/LH7pz0r0aNGCaVrs74UKDajKF330X3EjMY2vLm
 OZJy7bmRDyoPb8BVZd8k1zHGYSyzHyWVeXXHHNPvmlNkPKeApLlnVV5LDAxn61Xtp5I7+2id41
 jcHeuMEBff1rphH3L9f8hKpTnTc73cf62tr+BMHYWsAuG3ThTDGqccnn9D1roEuZEt5gGR8yIr
 4XuOCR6CuVjn23IaaJg2QSM8hs8H8jWw7izM0VtOl0FOAByQf4s5/Gs69O7SK9hUbUJNWe2/X7
 zciYT3TW85aOBJcqSeSo6Ee2aVWt767ZEaWUTK8uxW+Yds5/DNY0d3NJbiLz4IkMTOSV5+U8Vr
 2N5i1imgt1ZlQwhlAGd3f8O9cVSlKGqNlhPYvnvbsr9e+xJa3VqscEUayxlIvLZ5GyMnpn9aYt
 y0dqq3iCZVUoNgwGz90j6d6zry3lS8cqymAMhyv8ZQYGPqTVqG+hEszzrtd3aSNW/hA6j8T0pu
 lG3NHU9OGHp814av1Kaox0mRniaB0b5pHOQCOin3NaOnqbiPZclYFQSZDDJOB29BSkrd2cdoql
 WkTeM9VwclT6sexq7a2lrKsmLe5Sdd3yGT+A8mlUqrld9wdSMYrm3T+75sq2e7YjGOS7gG1Eih
 OC5x97PtSzRCKSVkjui7OcnzPvYxVcLcWgVYklKgBh/vZzU8duLi7tnuZJYTKhlPzkdKUtG5X0
 DESnTi56Wfa/5Ji2V3BPMIZyo3nzC6cKOwH48UOIJLZxIXgUPuxM2SATg/rTJI445MleH2EsvH
 Q/4moL82rojSvJI6kRNEhwST3pKMXK6urnH7OCkpRbjf8Ar+rlt4cBjch4LaIeWjbsD5iMkfTp
 +NZv2WRvOXz/ACssuS2fkAP3fqeKsPfLaXEttK4CKxYGQ7s4GSP5VHDBazQGdpn8zeCYtxyR3P
 4VcXKCuzGvOpQeqtf7v+H730KitZSah5kqTTu7F9obG054X3PFVpjE07QpulM8hdwvTPYj2qW5
 igi1jz/NCwgnao6qD6+vNZ7Yhu9rSiMb0eRWHzAjrz2rrgk9U3sdNS2s03ey8/yBp7pdyPE5hY
 Nnfyckcc/WqSw7ba0dWQlCBIoGCAT09yTWhPHKYJ3U+egnJUqOpPU/SqmJkZQmwNghht6HHGfc
 9q3g01oRS5J0vaXs/Lb5ixTyQFY0yrSMRhgMBwOn5U15JXaLfDNIWwqEdMHqf0oFpN5ClsfvVE
 ir1OORmpGuStpbRtE2Y4yufY1Wl7rVlTV7ONm32Vv1uS3VwpupYo4xGjlipI/h45z6cUttJI9k
 Z3eNwrrGCBwPUH3xUMZZYoXhULGCysZOS/HQelSxvCmnMu4LKrKGP8Jbk5xUOK5bJGVanOpRUU
 rR+/8AHUZLCU1MOkTGMneExkbj0rQF8ZtqzoE2D96AuPmBqratb7fnMpCsEDbuOeoq99h8lk8m
 RG2IRISMh/8Aa/Cs6jW0txLbklHX+uupYslukl8zaSjLvZmPKkZyP1rQkgMttcJgTbXC7Ivlbp
 k49qpOk76SjzTo1tlVAQYOWPr+ArQljdLuY4csx+cqcAHHI+vSuGb9699TKVL3lNNL0/pMtfYJ
 obBLhJ1DFirh8nlsc/QiqzWrjUvK3KxjVsKg5bA6/hTysUVpBteRnO6VAXJAjyAQfU56HtSCG/
 uppoXUpIJGUsoxhSMkfXgVzxbV22cULwTbehVMV5aTwlXCMIWR55BnzM85/XFUJIrtQC0TBYSp
 APUKOo/DqfWtcXCo8AkuEEJXEYfnIJ6/nUrgLctJI32gq58x1OFZivAA9/6VqqjT1RFWFnfkun
 /X9bnOIsctvJE48uVbhRFKpwoUjJbHoT0rQnlkjlgVogMRMLiRVADknt6YqSWXyNLjhuERhtJf
 YuCrZG3PtVCETSaw0jW8qouYrhmOVVz0I9Oa2XvavZXKo4eLhzVFbsuv4W/UzJIXFhiKGeMpIo
 RpG3bQPvmoY/PjVwqLcxSAyoSmc+4z/CO4roGit/IXzEuA7OFdA+MsOCP8aqXPlKoVIpo4gQjv
 u4zt4Uenp9a6IV76WNKdWHa/9etzHlillZVkaGKNxmRgmBkjOPqccUSpcXNnKRKmPNC4C8gEev
 4VdkuVuJYoUs5mEcWwLu5B9/cUW81tbARTho9y7gCfvAHj8a255Jba/IVSLuuZO/bRmR9knc/Z
 iyySJOdskXyqNw+7+OOPxq3mYSgQtA1ycsqrH83pz7HrioZ5Yo5YZYSWjdd2QTkEHjPvV2CVGi
 gaQiHzLd3DDrkdOfQf1rSpKXKm0YYmPLG3R9H363Kd40kl0luB5rIrAbR/rF4JH4VSWCVr+OK2
 KKfKI+cZ9+aleORbRriWbaBKFGTyCw5/Co5TJDcsWzsiOzKnB3AZ61rBWVkJq9JxhZeWv6/8Ag
 ktLqIK5xbrkKSy53H0zUohQxmGIlZJGeTy2OSMdFz7c1CgmMqmOQ3BCFQoBbGeSPrzTrbZEVkl
 Ei8mSJMndx0z7Hn64rR3tuYqNorRc62t19VroSuVjsxM7h53OH2nAIYcEenSpnmigEEkEwbYCH
 VxuCk9OPfmkuUMaedG8UsLhWKMOwPaq5uHfUd8USH5SChQEE54P4ZqEuZXI9i3T5pLRd3+A26+
 zo8ioZZxLhwVboF9c/jU8zW0ljcS27FZzeY8p/mYll/lSxp5qzJPPBGkaurDHzBvwHY4rPFqJJ
 YXWVERoy5kOcHtkfjVJJ7vY568Iyak29Oiu0/68iK42SSQQRskrSMDEE4YDGCDU8Zht7i4dYpC
 Y5Qq7myNuDuOP1p0Fi/2xZJIzOIQXPl8EMDwM/rUEjxXOJkV4mE4WQZ4cv3Hp0rW6fu9Dn9qr8
 s/h8tH+hoW8yNZQIixAxzb5cr97j+XqKylkS2kRoVDJjnI3BOTwQR19Kmc2YnIBkiQAgnOdxzg
 EVItudnkNJD5O8sHxznPTNTFRje/UyhGjScoq+u9+3luQQSzTzRTsUZI8/ukGGc9PSod86XCB1
 TeBu+5yKsvCrahKWmhgbdljzznkkADtVXyUklt40kMjSDaoxyK1TidTlTo8yUtGtdHb/I7KZI5
 47YWjkwqMSuD1Zj8vP6VqssEZkbf/pEM8aICezDBB96rGVjbt5NuU3uHRRjlFIJ/HOav3M8Fxe
 PKAoUPuIA+9/tfTH614NSUnZdP+G/4YyVGTgktUZDy3lvEyBoikbrsi25dlB55rUikjCTT3Dww
 xGQqMLjBPOPqOKcl/G92y5g2RnahKjIVuv1qaeJCdiFCigRxjH3+cg/XrzWc530krET1fK4clu
 v9aL7jlLm5S7uYYhFNbzSFjIxfgfQf561pWdur2ygyK3l7vLQ9Rg5/+vVtklmgdUSF/MPmsVj5
 DA4Vfx9KuyRoLxpruJg4Zjsj+UISANp9zW1SuuVRWh11Z3UYr7r3f4laOeFGKFo/PJSR3dcgk5
 zj2AqvK6vEXjkB/csS+flBBw2BRbxo8Kuq/vQ6DLc9G6Vca1Z5JVCMJHVpI48dFH3gazvGMgoc
 tOreKt5MSGOCCB5oFmuX34wrcnjrVULMQoEDrGQrOz8jr0/GrouEWJhCY7cygbUc5JOflYe3Wo
 Xt1huZpJbpZgCA0anbkjuPbmlGTTd9zspTVHmc939/+RLHte4QhbgpbP5ZVZMHJ+YD8qkd3muZ
 mnkiWFrhDFkfe4zx9TxVa2nsYplZ5Tl0aSbLcb/uj9KfLfu11JHB5aiJ9qllztGOfxFS4S5tEZ
 ulJ81S11br/wAEZPO0VmXWe2WSb94yleVx/CffmpUngkgkhupreLbIGzswQF6dOxFQu8UsqxME
 MbByCR6Y2/map3Uqq15mMTM+C0gHy5A4wPQGrhTUtOp00cPTqxUZNprtb82NvD9rmYwosaTFpo
 m6AAYG3j35qaxsgbjybpjJ8xbcDyMDkH1NVILtUjt51uIXlj6psyD13ce/9Kn8u8igF7HIGjba
 JABz+H1zW8lJR5b2NJTny8rdl0et2/X/AIIs80iG1Ft5bM0Ls5xnDA/4VDEWkjjnZUe6Y4UqoA
 C5yVI7nHOatXRaVGgkUK0b4XYuNw7j8arXFvKliHmuYgQp8tQuCyn7x/DilBqyT3MaTb5eeyu/
 X77FporWZlkM8kaTuHjw5G0e/v71Y811uZUguhNK0mDzkDHbB71QV7a3sxAtzFlMpIWyfnOMMP
 RcdqLS2E2ni4hV5JM+XuRuGG77w+gqXHS72N/rLUZKUrJ6K60/H/M6hZokuZ5GBjbzAjg9M9z7
 cVkzTTG4bfE00bzqGCfwtjgH3Ip1iuHZ5SfJeQsrOcjJyqt7ioDBcQIJGuEH2dgrErkEjJJ+uD
 XNCEYyauYYeb55LnUn/W3/AA5o+RaRMbgmVEyFBd87M8BT7nrWbOBb6nKxbdDHEYyzfxluSRWt
 JJbixiIuIn8yBiFxn8frXP8AmWsixRMZZJJXIR1fhlH17mqoXd27mlGvDmcpN9n/AMC9i1a3cK
 3ELtdwmMpuYY5JGdoz7is+/cSyF7lHDK6tC2OMY5U+tS3Rs47SWRFEOZo2jBHVfT9KT7R5UjSX
 EBmiJdkQf8sznO1vXiuiEUpcyQoxXtPacvNfrez+RWtRFKyDbJ++yevTaOR9TSSSZ1CzxbEMSX
 KHG4Dvz+tEaXDndbRkRtC24d1YZ49s1C08Spa213L5bm3KtJtJ2nsDjn0re15aGtShGad3p+RJ
 C1xNdD7MhdlyGOAck529R37UguDKVdnCSrDhjjGSD396likf7T/elUMrRRjaQ2MZpUS0hJN8rJ
 lVAUHG3jofc9Qad0m9DuwmJ5INJbeWvz20FgvYjEkUhSN9gUOVz17VpSanvtTGhWAqVUKV/M/g
 apR3EEeoRLPaFoSCxAwGjYdMn24p0NvE8p3zwymZfMYIMMp7jPbNZSUL3aO2lXjGV5wemqe5pR
 W0kgtgk3mykM5wTjAHJ+n9akspLeJgJ7WWQzIph5GfLzzn1571DCzxLFGiMo3GMHP+rycgH602
 YyQ3JuJmyrZxt4AxjIHpXO05XTM4znKMrt67Lr+hqwNZHUyqszNIXkLhuBt6fQZq2Gu4YYrqcr
 mTKoFGPkP3vxrLfybkrboCrAFlKnoO4P4c04vdy5MiP9nCnafQAYx9SK55U0/+CH7ru0/Pf5O5
 dMd1O8ciypDGqeXECueD3P0x1oiZIJJTOTGXIKSOMhF6EY96qRSxiHbIk8ULKJYSX7AY5+hpbx
 vJtt3nJcs0m/avB4ABH454qeVt8pz1qslU5H17b/ft95JK0FvctdLIs9s4+RAeSBwKquwhQoDG
 8sC53EZ3Y5NV7ET/AG2KBIzHald8fm/NgLk5zU8TyOQ0jxtMclDt4ZM/NxW3Jyuz1/r+rluEVU
 /eavvf9CvLdQ3YcztDHayMGj3J8z47g+gI5qGFtrSMkiyF2ZnYDAVgPu496Y9xJdwLGYY0hd8C
 QKMIP4R7dPxouFke1eNXTz0ONsa4IBHIPqfet1FJcux0xUJRUUku/axXnuVkESKhMrruK4BPrS
 pCZ7NwGjSWOVVYyjlmJ4P0x2qaJg9xEqWssjjJj56L/Hn1xUweOGRMGOFGVvszPyCv94+p96qU
 uXRI86vWqQl7NW022f8AmV5oJFkaSSaPD58xEJGJM8L0709IEYebHHI0k0pkMW/5htPAqqxLQT
 fMzNDKkYPbB6k+p96jYXsWqF7csF8tgoIzjPT86qzatcVSM6q3Sf3J/cWb5MRSbZMS+bhuf4c5
 49BVSR7a51aJVyokzI5J4G0fdqeNp3soy0ZaeBypXH3R2VvUnmqPkSAqpw87/vQiA5AHUdKunG
 ys2PD0Zyp8t7W8/wCtPUlS4ZbpVaEMjpyhAwM9D+FT3FrEqiFGEczOCzNyvTAH49qjsY4La/cS
 rLHIM7GdshB3BHer32d5PJjUiVUdR5inqxBK0VJ8stNDpxVepGom042+4SzUEm3l8s+YwcADmP
 YOAfU1ftIzdXjLBHKWUKuc8EfeIx6nFNgWRLyJHjUGFCPNxw4P8X4Go7gSxW8zo5BadTGyErx0
 I+tc0nzNruFJybdOT1e39I6BIlJubtQCDL8kJ5wCMdOmRUtzMgmUM6nETngYOeBz+FZCSx/aLc
 NP5bksdjE9M4zVzcxtmKOk6LMFDqOoJ5FcLhZ3f9dDmp3Tbldtd9B0U88jLiNFcIyoWXIZepNM
 aG4YySxziNhGq7T/AA56598UrCKe9LDfDJggLu6gHJxU8ySeT58Q8yNiHVR/CvRgfU0XszWUnG
 /Ilr36/mZdvZOuoxfb9vlvE7DjAXb/AI8VoiH91lg7tsbeUOB5mMgflVSZ786nEsSh45EaRl25
 MfGAtNjuJfs0iwQT+e7jYpbqCOW/LNXNTlZtnJX9p7Vc7V/69BkEjfabXeyBWtyGjcZJJycn6V
 WNsIz+6Z4AsTKpkbIcdd9WFie3817WGSdZHBU5zs2jhST65NUDai5kYsLi2JkJIZ84X0raNrt3
 0/roazVOMuZSVvl+RWllRZPOkjuLkH5nMb4CNtxj696ogyxtCyyrMY1I8vB+b+6/5n9KdsiiDA
 iQqSXjJfjaOCp9+nNNWVUn82AEgoIkHXO/rz7Gu+KSR0XpuDcv+A/68rFzy7i6W33lfMRTE5jG
 3eW/i/DGKjaOOMGT5WkaNizMMgMo4WqlwsNo+ySdhKn7r5SfvDp+eagtUje1it0huXKE+YQ4O4
 nPIz09KFD3b30PPhQcbST930/zewNfK0tsrpDbyCArHlOCfTGOtNAmNrHvVtm5ZFZRgKBwQfr1
 qOaAbkIUIxUuC2DjA4H6YqRbe9aw3q5YqygAfwg84Pvn9K6LQS0NsRyxaVl6/wBXGxXckKF2jM
 tqhyAQDuJOFP0qnPbM08qNunkSYybl6Px6fWti4lmuIJYvLWRjJgbFABI5LD2GKxpwGkLhZPNY
 A/KegPXNOi7u9rM4IYelNup9rtr/AMALW48m+juSpbKFnRRjk8U27lE01tIytEFQg543sT2pk8
 KJeNHFL+7VtqM2TkevSogigQ5YHzBlVzynOOa3UY3Uh1qVJT5ndPvqa1kpTVP9JglEP3QT90D3
 /GqbzzPPIpeKBTMokO3G1vwp8t3dW0vU8t8rEZUnufoav2yzyyS3EqwlPNAeMIMlwPlNYy918z
 OLEy9lJyk07rT+rWuYk0YnC7i6OOcZ5PYk0rW9w9rbkZELuSVXqDnGB6ZqeRnNjFIIJo5GygyB
 68dB1NTIZ5bm23IYiJAr8cFsHpWrm0gxFWlGmnTd/wAH+enyJLCUPOsAhmGYpHUh+vv9OKrXLN
 AIEIiETkOp28seuP50LiOWKVRJDtTZknIAyd6n3NQm633yTImzy1ICvyApG38+9Qoe9dLT9Tge
 FhKo5Rimrde/rf8AzK8zN/aC7kxFtwF287TyOfX3qL95b3Ufl7jGgwyvyTkfzq55LTJBGJEdUR
 otwGd+Odw9qhAhFo6sxxkGPI5IPfPtW8ZLY7KahiXZ9PXQquqGSMsrFFX5RvwSPfikdlR5iwG4
 t0A6e1NYmYRnaoDFV3dOe3SpQzBJ5JCFuCSWTHIPQ1tsbQnC/Lf5/wDDWPQtNDQlYLWKXylYB2
 kO4tk9R6Adx3rb33H294hYFkXJOFGcA4J+mKxgbZb2FJXeJMPvKvjLdVxT4b2W9iNul7EkjOhd
 yCPn54+hx0r5irBzblb8zzoqUqsny2XXfT5rcubYRcmaKEJAq4hUgFtpHf1NZ++ZgqxywSLCrL
 hRzkdT+Ga1riNra1ZFUCVz5sYIyFC4JU/zqo88F156GLb57faCyHG3HBH49amnK6va6/r/AIJ6
 VGEpWqcl0UJZILazjiO8LLGB9/DbgflxS2cErXU7TSnypDguzEgtggH+lTy6YssMlymfs/nI6k
 nOBnDCl+yLBb4iEgj83awZskFWyPzBrb2kOWyerN6+LjCm1Cbu/wCvkKCLO0VjazRjMZUOwyoB
 6n15qS7iM32gxXaRusx8pv8AZ7j8802WK9bVhNdwvJFGxSIKMBcnJz69qe2pKjzR2yAsvzK7AE
 Z4rNKV046s5uXmanC0pddV+pUWy1C6uLV0ubYqi7Rtj5UN/wDqpjWlu8CxPL5kxQtgNzIecYH4
 VDcG8eXz5IZgsk2+NYjtIAGMce9aDSRC38+9gkhEcq74hw4kxwM+ntWzlNW1+6w1iakJxnBL0V
 r369v0CygP9iWgQRxOsLKzSpu5Lc1bW2CIskUOUVdsink7jwvP86iHnGAF3RcI/nLjmN+oBx3N
 UbYXLQxtvMathgWzxt6KfU+9YNOV3cqLlUp80ZW1ZYuvOit7uFogjpMqxEgc4A4/GoTA10s8Mc
 sOxTmIbeWXtz35zzTxeTx/vXw5kbeARnZ25qKO9LTRyHyxb28PlNIoxlyev0rWKmloj0KM5uEU
 krp/1pZjzBJ5EFuq2wkWJfMJiB2ZOSD74qERySySwRyBY8jyvbI3EH344q1DOzNMYADdGaMEHn
 gfepbYfZ7mZLd0mkE+5Vxksq5/xx+FLmaucs5TTajFX/J9zNmayiaCRorrMkL7C0nQDkE/jTmk
 ku4FgmAiIi2O56bsdvQdK0J4DNBZXGxGtxbuT8o4w2R+fSs+7lLXUd3FC4Z13bD/AA7hjn1xWs
 JKVu+pNGfPCL5m2m+vUhtrCK3Yfa5I5WkbCL64U5P51qQzx/2WqxAKrIXmVTgq44X6A88Vm232
 OWbfcSMAjhFfdgBcYx9T61qmN/7OjgjMewhg42/NkH5eaVd3l724YhRVZObb+Vv8/wBCs6Sraq
 33wyAxBe69WP4ULeGd5EmxBHu8x2boTjgfjWcv22O+EKAxyLgx7+flHOKt3PmTBJg8cjrKMIgx
 17Y/M1TppOzOmeEhF2l/l9//AA5PeQt5ANy6QKyqAcYHOOn0pzzwwIYIoCZokdY5cArg9eKped
 NIk0V66FTmVTt4baeMexoSWeVJEysU81wJUV/4F/uml7N2V+n3Cq0nHlUlon8v+CRl4Lixjtw6
 QgBUTzBkkA/e/OiK18rzkeQl/MVJPrg81B9kEUJuZgS8c6rJ6Nn09B0pJzLJffuxKtwsmwc9d3
 St0t1F6Fx55XUJWj30sSym3+yjyLqPzWUZUoQc56A4qnA4aIJfeUjiYSRlkyVC9QeO9aCwyrBc
 I5gLLIDKioA4IOOtQzwILzDkukAxlemDzVRkmrXO2tCpiaVpzbt979NP67hmS4uJAg8t5nMjjG
 CGHIGfpVq5hurpbePy/nkVn3kcA44H1qta7JIp3kjlFj5u4SbueOBzVRoZnvJBC0rqn3WBPODU
 8t5drHDTpt1Pity7f1c1Y5lijRZ0KlEVVZhnC5+YN6k+taFq9hE91LGytD5yhSedqkcg1myxrM
 ZWuI5IkL+YjE9F/iz684FJm3NkrQspkMgIXscA4zWMoqS9fuOudpRs01f7vvLE1wV1F/IlWOAY
 2Mwzu4xmnCRbaG3gm3TuylMH+L/a57DvVaWeKWztCWWIhAhDDgZ6/liqkhMUbbMkn7ztz5ZAOV
 +pqowTSWx0SlGq4x5eXz/qxsxh2mhJuoZpY0kQtGMKfQ4/SlElwmnOZ3BifMhbJG2QDCj6e1Z6
 uY7KVWR5LffGx28MB3GfrUlw9nM6WtqJsFt+CxI47fiah09fL+mRKnOE1zq6XWy/P/gFiG4VGj
 89JI5Ik27mORjuMfka0yk1ywNuoYzQl2kxxuzjgduK5q4tpLYw7pcyL0U88dyc8d6Yst1FexRp
 5imNCEQHkoeT0qpUFL3os2lRU17alv8A10f+Zr3LzWiCORxvCMin0BA4+ppbGNomVJd6rErbHc
 8EY5H49Kjt5XMSNbp+7WE7DMN+PQH1PXmq0ySXt+Fg37mVfKAbA2dST9DUKN04vQ4788XGbStu
 +33afmTz20i+Q8cy20Dw73LgkDIwF+tPsfmt4y6NJLbxnyiD99e+fXiq0Ya5uLnzpFCPIpB7fL
 2FadonmzS+ZC6sgZTsOAxxzj9KVSXLGz/r+tjKrVpxj7O7l+X6GXFdtbFJYSPPRCE3Lu/dk8n6
 +9SlxLqb23mL50T+XE+Pl2kcnH+eabbxSJbbXspkneHCBjn7vapoWZLuFvKEcrRfMxGQ5PQj8e
 KqXLq1v/X/AARfu+VuH+f3+RVhEMazr9sihMlwPlcE7doIzVu4SWKyuHkYTvK6lTGcbRioRDIr
 mL7N9rZVIbAH3yOKmaJJYYQ9yiTouyVDn5nbGMegxQ37ydyqUXCanLbraz0+SuvvIALdLJEkS4
 h2cFi/3t3J+tW7KIygxIphlEZ3O4ySRyPoMdqsXMFuJooIMTS7GZxn0xgc96rRSlJSzK0MJYu5
 Y8pg8KazcueN0VUvODcE0/P/AC6ilY0uIYbgxyXMkTYwPv5H9BSQSRyXSwqkkCkBgzHgqOAaXy
 Jbh7meK0nBkcPHMSMDsQPaksILS2keVpQpBZJfMOcccEegofLyvuKpD922n926ZJcBQyKS6hx2
 PRV7Z9ScUk63tzbJFJiEGJn2FeQV5ozaMIEVJpEIBLb+GGecfTvT4ikmpXSxXUJiklGwk5JYgg
 Y9AaSulfsdOGlKnG838Ouv/Duw2GLzkgnZQjSqzlj0PPb0FbVhKLiOZIU4SVURfXJyT+GKyXVo
 7aSCSVY5Y/nXjpt/hqGzvIZXd4IZ1Vn4G/7g5JB9T71FSDnBsdXnq0m5v0N4+fBfSm0MboQxAK
 ZLDuR7daswXH2q1+cCCLpF/uHqDjqeM5rPuJUZ5tysu2NmhKNgNHgZ/P1qrC15HcI0Vu7RNjcu
 QeTxx9BXN7LmjfqZypJ0+a2q79S+IWUyXErFmRkRdvAO7v8ATpVG5+1W9uzLG4uEUur4+UADBF
 XJdR8qcrHPbkKwieMpksW6H8KxLu4dLkW8CzNOA5Ys2QMHpj6VpRhJy1RhSd6n7yK+f9f5kVvc
 I2mvcKZDFhQED87wOufQHrVS6uk+3w3CSGSXb5rYYhWzxj2oN3HGFgO2IKu5Dt4Hcg+pPaormU
 yfNF5CIkbIfl6Z5Cn3r0IU/eu1v+R0RhJv3oavzaVumyIFluHmCTL5jfMw2rjGeB+Ga0IZoY7Q
 SEok6tzuGVwODgfXisqERxQC5lkMUZGI8knecgkU24cyzTJG28FywAX7o6kH8a3nTUnboLEUlV
 koQXurdp/g+5LudmVmRWmADMXAPzA8/jzVkm3ht9sTb5Em2ttODg84/ClimvZpraNbJmjJy+Ew
 WY98+nSorSzmXUWh3KLjd5u9h8uB14+hqXbW+ljJrn5rWXKujNJYtMnjucM87glNqtyMfdI9qz
 pLZbS9S1j8yVmJWRN3L8ZBHsKmit4JrkySLIIpHdwUbGVH3f1rOWVRfRpJcpBM3yq7g+vHOKmm
 nrZszw1T2kJv2jtHv+WhZmQRyhHt52i4ICthgSM4zWbds7XBJ2xkk5xxu9CPatAGVLtorpzKZy
 JW2HG3BxVUN9sugYouJ/3sYPITaSCPxxW9N2d2RCrBTd1bu9l/XyM+OMz3TDcI1MmAWbIGegpG
 heOY4jkyDgHHtk1NPbBbsxllhUL1IJ5xntTEWKMDZIXVycY6jiupSvszeUZOqoJ6Punb7+pJiO
 S2VmnRmlYs/GQp4qOB54xLItwjHzQWIzg56mo0RQpViqvuUbj93vS20pkHlsm0s5bKjA+v0qXH
 Rnm16UYKSvr1029CT7XGZz5qkQBWSMd8Z4b+tRzJAjKgL7h0O7/WN/eX2q1Z3Hm2Hl+RbTMWd8
 CEE9evTp2qCZ1ubeGW4jcqke0NHgc5yOv+eKS0la1jOlUmoqXLZdrp/hoVSgQBlYyMflAB6MTy
 PrUv2S4juLeaKRUUbyxkGQ6j7uPqeKgR4Ycy25MTCQkrL82/PHHHFajRwz71cTu0TbFUP98+30
 6mrnKS9DlqxqT+J2X3fLcmtYilmFE0SXCAqVZehYZAPuTWVe2zxpG8jAttw2BhYyB9wj1NWLkm
 BZZTFIpkkVgWPDAjqP6VHDPHc3ckjyxrub5S/Krnggj1x0NZwUk+dbGMaNWm3KPw7+b+4I1t28
 OrcJiN1+XaecnsfwNCiK4t41Y4lQ7ZHHb3NV/NNtGIoplaPaUT5AQyk8t07VLaC1tS0aSAKJAG
 JGS5PvVyTSb+4wdOpBXb130f/AO3SYS7kkMcjvKrKir83XB/SnXOnW0MwktXJLuWiYE4yOgPrn
 nFQJYPaRj7Mr3ExJbg52heo/EVoWotpWLBzGFb9zG5ySjjgn8e9eHKXL70XodSw7ilOL0fl+au
 NjtLxftF1Mzpifyijc7c9R+Pamy2cKSBFD2uI28wyN905xt/KtOewEOlpHHM8p2qJFLkkvkYNV
 kMWnT6isgZ4HuDjzDuJLL1ye2axhWctUz0cPiZS1Tu/JW/AgtcW2/96zRsVAJ+7kHnimSTvJq4
 ZUZY4YjG2ejMT6etPWKO7gtFwZRCFiOw4yCcn8eOtWPswgaRgJFtpJCyhjksOm4H0zVOUVK73/
 r9CcRXvJ8+rfyGi982J2EUqsZcgscjjqPqcU6W2jmeQNC7JM5lRo8DZgfcPvWlbWyAKEiaSZtz
 KvqBwf8AGsgwy2kUKO7TAq37xTgEg8YHvWMZRcvd0/r/AIB5PtXKWyVvPX8xEmuI4osFI0kw48
 xc9PT0qnDPOV3Xmy6dgSxQYC/N0Of4j61atf7QLgTRpPEJFV0VPm5zgD0pYhHDPIhUhmOTnu/P
 T29q3ulfRHZTcY3en9fiXJZ7p2jltoMSOrtsKA7SDgFvXvWB5sxkt4TIslzKn7wpwMDPIHarcz
 3kH2RIoncmMLuB++M8sPakNrN5zOWRcuSzY++o6lfQZwKqkowXQ1w0uTeS8rNX+fclhgmeN47i
 aGNdwEYZOSAPvfTpUVtGkhfDRS7pFEgA+UkfeYD0rRguopCyi3kJchuSDtGMMKqSRxLbWazRSo
 iJhirbcgHDZ98Y5qVN3aehcHUTcWt/QuGG3tpnuhIhQOCBnqB3z+NRyR7buN5HRYyhDOo6Eds+
 9WltpJtQMVo0f2YAiJXXcdnfPrgipXsJFsmczxOElRRJt+ViTnOPTtWHtEnqw9ooz5ebXz/4bT
 8ShIphW3lkjcRxwPG0Stg7mP8ATNZ627QrNErqJIpFgjD87lP3j+tauLhLy6NxIpE7eeCV4XZ9
 79cUtncyXNi8iGF2adJXOwcH0/CtVOUVf+v63G+em3ZJ/l+RWNnZ2zRpIyPBGHCjHTHUn1rOWS
 T7JEu9ApXcDjng5K/XpzW20UEVtc3UqSSsbgKGDfKF/u49e1VEht57ny1tJ4N5LqjPzHgcqfcm
 qhUurvUinOctWtPkVLS1uJrSRVYCZZifmGSo67frirRXzdNhBtZY7cqPm4zyeDn9KmtYEigE0U
 rK77N0ZJJjYkjafcip57rar2m9GiPIXHOV6HPpUzqNz0CLlOquSS06tbFeKI/ZrdIYQgjiZAZQ
 GO3PP45rPubV7qS33W8vkAEPIuBhyOp9geMVcZnmado4ZCBKjKqtymBkg1o+bbta3UARyrSFzG
 G+bpkEH0Henzyg7nb7GVFJ3u+/b8TjlW4ntxDdZzGcFQMc9GJ+nFSk21tKSgaVgOG3d14P+Nak
 Lpe6fKGMcSK6oJSPvlgefpxUU2mQi1DCTyXRWWUsfauv2yvaWnkdtOvFQ5Z7Pok7Ge/mm8WOOY
 C6Zd0gI4zj5s/hTn0ib7FC63cd0ybo4xHn5xnvnrxT5YrdWeZZ1WRNqkkk/e4x+Wa0Y9Pia2dc
 ywBJ/LALHK5IwT+FOVbkSa0+RlicQqNSMrWXmv8AgFFNMmbR5I3lSE7wQjA8flWlZ2FxHfPJDL
 E8aFEzt/1h67h7VoBoI3eJ23xGXKt3kI4BB9M8VIXAWMrhZEDeaF6GTPHHpjtXFPEzkmu559XF
 1JxdJ7P7kVX08yPi7ljERgYQsoxlAcs341TklhlQojwW+xgRleqgc/4VqQXH2tbszJseWRWGT9
 0EYAHoMjpVC5itRbGRbaZJiMEFumeP07/WlCTvaRp7SpdQm9trWsUJo4ktg4lgIkw5i2/MCOKh
 a4thdRNbRSSzONzKTkAZxtI9cZ5q8F32IhWAu8bCIMOwY5yfyqOZLmS+uVEaQt5gfbs5TjlT/n
 vXTGS6m0KkXB3k387fgihFcHbJ5kkUayT8K4zuUcAj2qmziI23lxlpMlXkToME/wA6vxwQtN8s
 yrLje0TLyAvoen1pzyQzwxRIoTE6hnzwdwyf/rVvzJPYVScoNXu119P1KMwMskCz7wjQ5MgOAv
 1/L9adbPbRym483cwUoV7kHqf6VpS2yy3KpyvlMYxnkEt3/Ksi5V45YrZRG6hg6MigblHU59zV
 QmprlOjD1VVTipW7pdvuf5lmaBdkjxpMsDSL5ah+ijrTxcBIzNbxNGYN0asxyME8D69aikikur
 u5itJSys+8nPG7GcD0zUkK3QEayshcy+b5YXpjnB+vak7curKquVve963S/TzJYpI0itJ2kUOh
 yy/7Hv7n1q/9uFq8cZSSeSZ/3LIcZTGT+Oe9U47yC4uJDHaySBpzsUEZQY5U+tSNZXKXkctycx
 OpAK8YU46elYTjFv39Dj5Kbi5S0t0vv5K2pm3QMmp2WJJlUw7mG45B7CtiGKDb5sRZmjm+QM2S
 ykYGPxqo8MUGoJmOWaHbuOG7rnaM+9aWmT776WG4iWF5U+0ZPG0pwB7c060m6d10OrE03OlzQT
 aS110+etySygvgXNwNgikCYx3YfMT9Ksi4g814Tbqp3rIkhAy4UdPrRb+VPbFi8jM0uLk7/wDl
 oeOPSpXKpbyieJ5I1AijKnBO4evtXDKV5O6MVyTjzaLyWn66kDyWtxfJOkTMkqMylWwVHYfU1B
 G9vBam7lid3YBNjHIIzg/j0FAgS3WCOEthEdMHncTzx9T09KUwia1topEe1jYFlMh6Jj5gfcHv
 V+78gclKacn7r0a6kMt8qwYCuHQiN0B+65zio4EsjqDRXc6FmQDAyN4wckVKloN0Z8xE+QI7MM
 /MTwT6kY/WpJzgzSLFHclB+9eNfuMP4Pqa1TjblidKqQUJUqd/vsx6CwMcsoBSKORU5boWrPCx
 xXG2RQ/lkEmPjaecGrJhsxp4W6tbizjkZZA5l4fBx0qzdRWdxqJWOUNN8xCIT8wI+99BUxkk+t
 jNckLc3M777NffqZv2cSadJcKWKOyqznnLg4H59aWO1Np50MbJuF4CwYcj0X86vfYrZUlDF3Rm
 3fK5AJAwMU4IXs9rFY5htaRzyFZeuffFU6t1a+hrVqup7t7r+uhnTRNDqD3s8oUqsgCEnrjhal
 Vt9rb5hu5HaP5NkmMDHIPv71baOS5SQuoQSEypkDjjgH61TFvLa+XeM/WDH0znimp8y1eparua
 95pNfiVHCw6PG5t5wQw2sWzvTo34iqlxK6ySFGY2m47STluRgAn1PWnvJe/Z7VVDBPKwu4A4z1
 PSneRLN5qmN7gtKAsUWAzKBw49hXTFKOsjLkpQXNUafdq70+eifzGQBhDIJHt9+5hIXTJDgZX6
 DHanokU0dskZSVmgKTlTxvPINOlIW6khSN4bcljI7c7iR1FY8cclsDKZkkYTCNdvZSOv1Aqox5
 tb2Zlypu0ZNPpZJ/kXDa7LuOKArLsTc0bLncc8MKjR/scbmCSF2LlW+UZjB55z1qjKVM8rQtKN
 hARg3UDqac9xIzPnZsDEABeSP7x45xXQqcnvqb+wqOd07p73Wvz0L8sWLRPJuT+7GNoY5ORlj9
 BVO3jurbTJJon3rkB2HVQTx+BpVtRFEJWkaTYwJ2HA4PT8afcuJGdopAUmbPljgqegBpK/wrVC
 oyV7Lb009P8AhyENc3DLATvVWIVVAGcntx0qnKEjuSLkhz5mFI757j0q0izrceW37twu0joVz2
 PvVdEmuZI12KZNw25UFiSeK3jZPyNK0eWL5bKP3W82ORi1tFJbEySqjIwz0Gev5ZpskczS/u0c
 qJdse3+EY4P41f8ALMF3PCkEsUjPwD6E88e1RXNtJbLA0Eh2SSkZIztUDnNTGor+pwqs4S5Oa7
 6aXb+7oQbJZWmA3BiN4B5IA6D602GB54gAoXEvDEcKjfeB9we9SAwi6liEu/L/ACEDHy49x+NS
 XEix2lulnJ54lVlTbwSFOS386bk9kTjsRFqOr5vnp/XmjKIxOYyrud3AHU4p6t5yK7MyBVJfA6
 89R7dqt2iwQXQkQTTMqsDznJYZ/wAaRzaw6cEjl8yVwAM9NvX065rR1NbWJWJ5pck20n1X6joD
 HDcK8ToxbLeUB8xA/p7U2Uo0MZWCQg5yQ3B79Paq6wkwqJWELKArKwySSeufTFNXayNJFHLJHH
 MFByNrBep/GlZXuRKvClUU5J39N/yX4Mmfa1uqCEMyJy2OM7uv5VWRJwkpkmjBEu3KJ/CRwat3
 F+0stwiW+3c+SVwMen4UrXDvE6LAC6j5iQDyB7inHnS2KhGrUd4pxT7P/gFaK7gjt4YtwEhO5P
 OG4DngYx9agke4VVljhh8k5LmOIBeTg/lSn/WCRooZBGhQnYMDcMj8fQ0ExbEgYvEsURVhnv1A
 +uavlSeiPMqYd05W5eu/UjWYRXcUs4jni37cIMH5eAOnGanjluIdQBjiVnVsyIY8/Mc4p8c0Zi
 aGUxqZ5lmZdv8Aq9vY/h6VEzCG5MqRzRu8oaIs2QAOoPqaN7po51rzqS1ff+l+B2llMxska5nR
 WZlxH0fhjkZx6VfkurSG8imgmjCKrjDDIznAH6mqVpm2vtsiDgsmGHVtpO4ewGKlitpZtKhWNo
 bjYUMhVerDkD8a8OoouV3t+B3ynT9o+bVfcvysi9+8mhlEaygs6uATypXt+Hes2NZLieYNKDJI
 WYMQcL/skevFMf7VBPNcTHaIpPKVRxuD85rW2Tr5jw+XuRykI29j97Pqan4Fo1r/AF/kehFzi/
 dktdv8imlm/wDZ00bM8W6aJmA788kelaQtZElZtzQmNXKeaxYHPXA/L86rSMRaxTWuRLt2lXO7
 cv3dw/DJrXtYRFfsTcLMY4WhhB5DL3P19/asKtV2vcynWUkrS+XmVLe2uYzbKrtJhFV2U42E87
 fqaTasGp+WY3gzEziSZtyLjtj15oW4aWztkMcu0xlmCNhnx91gao287SSYkV0UDZK0h3ZbB/Lt
 UqMndv8Ar+vQ8xRk5ObXy6/16otG6uTZAPsWRgHyF7rwahW0lnlwd6MCUyfzP+NTPbXLWP2dmW
 RSo3FRyR3x+HNSxypAojSZQJv30LvyGC8H86fNZe7uPmUIpwfvGch8m7JEU07qAD83BBUkEe1R
 /aHazhmmikP7t2jIONy9GI9qutcx6jBdNar5cjSxu3sp4K/UU0soysZSaIkiIDn5QcHFaJ91qd
 SoQlNSqL3u1/1EhW2/szMcheQsNuDyF9a0yktxAqPD8uMFvXJ5P8qW1Jd3tkSLaWywwNxPqPRQ
 OoqZpoUtItsy7fKcKxPUMeP8RXLObcjL2jUlFLW/rYhit0/tFCrFjHHJFhSRjdzk/kaGtvtVsR
 FMPKEigqDyw7MPbNUo2voTsFtNcyhfmaPgH+9+lXtPaOSWWO1Y2t0doiMx3L5XOePz5pzUormv
 sdk4VEnPm27W09ev4GZeRyNqgUyGXJwQh4BI5/AjtStBO4jWBH+zCM/OnHLdKu3wzZxxuQiOpc
 y+oyMVVj065uDJLHOYDgZkfO1Mfw49e9axn7qbdjSlV09pOf36r8BdLtg0iRzOwY7S6s3TGc/j
 U5tyuqxXUaySwupZWU9z3+nAqZ2WINl1Z2cFdowVXHIPvjmq1tatbqDbSM8GCIAWJ4/r3qHNtu
 V9zKVS6lJytfQbFHkxvMrgSFXBHAJGefz4olt/tN1biWSNopEZpIkGHU9Ov4CrTwxfYZCbpFMk
 qzhsnCBSPl/GnSSwRXjebbytE0hwUIGTwQfoCeRSU3e6ClGVlNKz6dPzH3HlWlkA43NKnmNsGD
 kMFz9MVmvbW7I8tpIWaN9i/MT5g3Y3D2HSrSpbSXZkkSWQFGM534GfYdh04pGjUERrYXCFXKff
 H3CMsfwODTg+U6NIpaO/olf/ADKEr20MVxFKu1TKuwLxgdh9ahkt5vMuoo8gKdspfnL7f6Zq4+
 mKkhKsbna2WP8AexySPr2rSuCkVmpjgknadzMVUjcAMdfw5rR1krcutx1cV7N/u1dv8PvOQitV
 DQxRwzTDaFnYNwzE4BH0rq4o7qOzkjitpGJDEM2Du2HrWbCmL0T2YMX8IWT5twznd9B1rSjjvL
 vUjsLEhyFK8BxjqPaniKjlu9F3FjpzqNLmvFau9/8Ahh0Ane5mknWOKBnVk3LypwT/ADqK8RhZ
 WiSxMshJAYcYI9ffmpxAIrctdSEgIqtg8ZOQP6VflMk/lwSwPAqRu0hfHLgAcelcbnaSa/rQ82
 rGTnGS2+77u5gw290JIti4J/iI9ODj8elRYmiMYlhlMYQqxb+HBxgn1NXltilmwS6BAwXOT8m0
 5/8Ar0gu0lhuXlvLaYm5G7YuByOP0rbnbba1GnUTbi7p76NW+ZFj7dI6wzRxgEeYoHIfOFH5Cr
 jRTg3SECSZpt6uAMHPH5CorkQwz3TpGSxlVZthwGOARj0xUUEp+0XT28zFzJtQuchRg5H1zUvV
 XW3/AAxpXhBpOCv69znr6KSPU5PL2xXIJXkcupXkj2qs8e2VjKGESPsUA43YH/6q17oXZEMsUL
 +aqiMhhuOSOP061SmURWSApJJdRBUdc9zyDivTp1HZI9GnXqStZJ306XXz6IpPs88AecJyN8ke
 /lWFDW8lvvljI3tMrR7+T/u/rUTNJNtiCfMsLJLJjktnI9/arEMkzyyJ5yRZUuodc7eOe3auhq
 SRs6U5Sdvne70+Qk0kkL3CMPIM0sZ29GVe/Iq5LNGj71uYpUVHWJFB3HJwDn8abZQGc4klVkEP
 BIyX5xkH6VNLLFHZxCGITREEblAymD0J9qwk05JExmvaKD/Db/MzbhI83CKrAxEDMZxlsYJrRF
 x58SPDL5CiUcTfNtPQA/WlaCGJZLYyjYzeZI7dWA6kH0NCGxaXzSJCgIRAp+6G4wfVs96JTUls
 VXxMeXl5Wvy/E2r20NxE0DuCylgTGMZxg1BbzW2VkMbvKq7din5sMfvZ9AKhaZZI7iNJDJNFdx
 qI14YhRgjP+elSwXJ3T+TbMsjuphDgHMecGuFRko2f+R50lKKak9Pu/wCGH3gSW0IidQqEI23j
 zGJ4cewqmlvDJqMZkM4iVGH3zhCPX3PanG3eC/u13eXEsgEYY5xtHQ+5zWsjzCIAQCR41KthRw
 Dzg+pI6Gm58itFmksQ6KUISvft/mytJPFJppUPGRuyQv3lBAzz9RxT4b3zIzFAMRuR5bv8wxnD
 D9M1Uku5DAqxeRBHJC8gDplowP4T6n3qlNNG9jbnzEgjlXfuHG09hx680KjdWaLVOpGEbrr6/p
 qad9DcXUyW8GxsRM3mAYEhyMEVnb9Ta5ngRYy5U5AXGTjrUrXlyLx5HzEscwjLEYAJ6UnmK19C
 FuVEkQXJ67ufmP4VpBSirNI0hKdOD0TtqvX+uhVWGCSC3+0Q3abmQqHl4UDI2/UmtZdRsbK/IN
 vI7YOVUjKY42k+vNUbrL3f2hWE8MTeW5j6B2Py/lSLEftl24mha5QnfxkMRySBVNRmve2+ZdKF
 OpFqTvfZXdr/AKEkTxXV/NECYRDIApdsgqByappcmaQKsokTaG+TjqeQfUnpSCeSSWWeaL947o
 SUwo+bgjFUv7MuIZ99vIiIFZH3clGwflPvWsacFe7sXKGHjNqTs7adfuLSX88mqbxGYGLbiWOR
 GAcYIovpHMzwbmLRLhXB4fHPA96itwohjC7pCoViOrMxHHPpntVq4V5I90jxwztb75lYfxeo9A
 BV+6prQ6aNSLrptWT07/8ABKzvI9raFkdZHVmUnoVPGfpUTzPbSTNbbnmLNGxH/LJemD9aY8jw
 XNpK8q3MKpx5foB7+uaq3DSCFSm6Aw/IMjls8kn1+prWELtdjmjSndqOsW35X8thY1cXqecsvk
 yL8zk9fRh7VXcSRXJZ4+REwYkcEnoRUiTXb3MKwSRHCO7Lt7d1plyxjsEL5BGIwG/iOM4+tbpP
 msy5VZqraVlfTf8AIqGCSVbeKFHlmwQ6ge/FWo5HAlt5Io1Eis6uVwVHp+YpYGmbe0OItkgXOO
 TnnNNFvDILePbI52Oxw3KlTnn61cpdH/XUyq15QldfLun+ViwJbn+ylQIJMDG8LwT3HvVSxjmu
 Zopi0YhjYCR8dPr71JbzTw2xuBbyO88jAgdFz0OKnt7gjTJlVQhZzn5eGx1NQ7pNJGdKDqLkTV
 5X8vzuRXweS5jKlIlDHeSMkjsayZJZGnQqjnOckfwntWlPHELCAo7lpOChYkjHf8qjy8cu6Hy4
 x1CuueM9+OtbUnaJ00YzVJ8t9Hb7vkLEIyWSdZ43ZS3mGTPOOTUbK8mn28yszRBQshxkKew9s0
 wvJHMjocbQVAbkc05i0NzJGfly43IegK9M0Wd9BVqMo1PcWi1syFTJvWdiFKMVbK9Djp+NV4Ix
 IAzYj8s4BJ6e3HrV24jaWzhnWGRRhlkOcjORj8ag3MkBiZAJiWMuR159O2MVpGV1ocUJe0nzWu
 +t7FhDD5kZIbckRf5TjkZP49qekME1qtw0iwsVdSrDp6/zqKAv5EskEWGEyx4b5icg8fWo/LdI
 FikBRhGwIYn5uefyrNq70ZVaUqtoUrLvtf5+Qy2e1iy5jlkhUNH97JJz6/jSS2bRws8BdEjk2y
 bz9854x+FCBUsQ0S8g4k+XIGen4moAsko3jayxnbNhccnpWttb3OaVKCirv5f09PuHs0RikCh4
 23ERqTy2DwatSQ3FxcW4hjwrgKTnjpk5rNjiENpI87Kk8c4AXHOTz/Srq+UksCW5lmnCNvCE8E
 DNEtNjF1alkue1+r6evl5lMxsbyzXcsm7JcIMYHfPvgVanmtnnDph1bIUA4KjHGTjk1FH5jzwL
 HJGzuhwqjnGOn1okiS3ZNp83kF4/4l+Xk/mabtzHHNxjUum5SXTa/wDXctQShbHyktgWcqS5AL
 Mp4bB9OBUoSK1ncEnEPzQyPyrgdf51m2sP2G2SdnMi5C/7xJ6j2FXEdJtRBu9+1W/ebc4z34/L
 is5x1dtjjjzTlJ04XW/d36qx0mJIYoGaeMSIrZkbnDZ5/TFNit5BNnzcKcbljcghgcqD+HP0qO
 yjMEK26AZWNmmZ/mG/cMD8q15khfV7ieQSTAsQqwttyAACfwrzZz5W0fQU8Q6dGUZW18l/X4jF
 2m8kmAdojkvuORkDIpDL9ujhMEc0oWIEKr4MmeMj6HrTpJ4ltQsDpHsmSJS/IJPr60sVisNxFF
 v86VS77YTg4B6j256e1Y3ja736GUa9JpTcdfnp93+ZTtIEl01oZZGt5I5VJZ2PzAnqPY9MV1Sv
 Nb37TxlPJjJjkyucO/QfhXIrczi5UPNBHHFGFLMmc+g+prZa7uotQKKUMLSYPy/eJ5P49qjE05
 SZpjaEX7tlZ9/00NGS2mLvsUiQcEjgAL149xUUpeKWGCG7tFMgdolaP5iB3J71I01vkZS5Qvhn
 PmfdPv8A1qbT5Z45JIJLUXA3j5gozjknB7A+lcd5JXfQ4Zzkknbbul/wbk1s9zBbQyzQO6xtGk
 jADGOf8ap6hdR3MDwQLEUjU7NqgEBSDTbm2vXKokhgGFJDfxc4/wAKiL2kF/JIx+0SwnYY4uCd
 3b60RhHm5t35Bh8Iub2srN72X+b2EVoy93JeWlwqSTllWIhCwwMkY7Cqypbx2gjimFsInC4lOT
 wcn861LkC6WdJswtET8/Reg4/HinpKwtI2je0VppRK5eIHCgcj86r2mn9W/UiUpRkua+r26fqZ
 1pZzzzCeItLNIoIKHAXJwRWvHCY3kiNxbNF5mCSnfsR7e1ZoeWaUEK1uxfEQU4yv8XTvnvV1pI
 Bb5lvIWtw/mMVGCe2c+lKq5SZ1TxMpSUNL+Sv/AF+A27zD9pkcSk7gpCNjJPYe5HIqGNrGIRbF
 ltTs3J5j5IHVQT+dTXd/E5ZVhkdGmCtIDwW45/HoPeojfSS6i0bwoI43KOpXlc9j9AKIKXJqvx
 OxVJey5eVu2rs/01Qtx5H2GCSIPdAx5ljVudwOQR6AelWbG7YRTBriGMySrIXZflyB0x7iq12z
 I0k/lEIW3bBgFhjGR6AUs8ccKRoJog23OTzuyRzSsnFJ9TJwj7O8ou3f9LDbi1nlGzzFMoZWdF
 GCgU5Ofwq28Vo8M4M+N7CcMHICr0P4YqTzJ1WScqLhwHRTGMZ3YFZNpbTR6qEeVUQBFk3gnaQO
 h9jzSi+aOrtYmlUc6LlN25dv6szYntYI3gWNHnt1gcsqNyW/h/DHNUYmQ2ltJHDMp8rJ3tuDHP
 JH1FajTwRASuQ0ZQ/KOoPTH5VHBb2qTrBBLulSNiIy2dgA4B9+9ZRm1HW5WGT9nZxbXfW3z7fc
 UbqZSGGxiVyqRqcErjPPqalWSS5szugnSOQI4Jbrg5b8DV+OG2hsoGkIuBIAQVOC+eMj2qNrMC
 KWBVm+R1ULu5UYyc/zp+0haxvGtSlBJ7973KzRl9ZaEEtGwfeFODG2MgH8KznkWKS3mnt7pSVw
 w38bm7flVxLEFFnbz5N2HiZXxuHOfrntRLcQtZwyRTRQtNwiT/MUJb5Qffg1rFq6S1GnT5+Vax
 frv8v8hph+x3TKkMvnuxdSzZVQq5xj3q3a6jK9lDc+TteWMtIqqBh2GOPQY7VWYmdh5kou5gvz
 eUcc5pFWCNJ3iLRSk4G85X2IH51MoqStLcirTp1HyPfv/WpNFJILF0wIgkqoWlG7cU5/TvVvCX
 dzdebeI7ySsSyEgEEdvTpiqsBkSNFZfPUHcSPXtmnRXCrNI0mn3FiPOBeSQggFeQPy/nWbi7tr
 f5f8OeevaRcrLXuv+DqUTDGdoil2wkAFCST055p7fZjYtE6CJ1kCJ8uCwbGT+HrV3c91fyXG2I
 mUNMiIuMheCR7UyVtLk0+RlcpsdFikZ8iQP2475q+dtq9yo1Jykk38+3yM+6nl+1xW8LpIgjbL
 AenQn3ogeSW1hiht2nkj4LR4G75t276VA8qQube3ZEniOHdvmBwDnikt7SRrqO4dnjcxERhGIC
 rg5B9T71vypR1DEQi6bctLbX6v5WMe6kv7bUWulWWK1Mv71pOQx6jHpUMaNc3MckrEbrZnXDYI
 Kk4B9TUk8M/2K0CzLPHcASbSCcEHA6+9Ubm3kju4wXYXCMXlT+8wIyB6DHavSp2asnqdtGrCcL
 xfvbdfyZLIbIWoYmRZnVMpv+7jgj8+agcR+fcxKkkhD7Bg8qR/jS+UJr2Qh1hhdycuc/KD1q0d
 Pu7NIZNpkGHyVH38dG/WtOaMdL6s9GnUjBqCqczl3enpctIxSO0uACoERzg8HdxkewNVY5723s
 MFAVhbycFOpJyatjbPbZ3iKRYyqs33SoAyMfWs1pgiXWYJA00wcAvwFxg/jWUI811b+v6uVQp8
 0mlDm7+X4luW8vhNbS+XGrCBsZQEbT1J+varcNxZLpyGJtsyKqENznLZz+FZ8TQ2jPm1m81W/d
 +ZJwVxxnikzeyabZGY28ysrZZIgu3nIBpzpp20sv6fmXWoLminDlT7WX6M07qWEIsYKNsBLSR8
 ZyeCT3JFVTf3iyW0cGwkrnbt5AXk/pSBUgsbeVLyFZJfmfcpbkHjseOoqNrW9vLgxrEWQzDa6g
 DaD94VEYQS128zhdOmoOUtI/3v00X4M0lvLoC3lleKWFk4VV5yTwSe9W11SFY5JZbuG4KKVPlo
 V/n1J7elcxIJFvAVimhkUgkOchQeDx7VPMkLRK+1ZkDsIfLG3egHBPrnsfaplhoNq/4GU8JHmS
 avfayS/H/gpmrJqFg93HEEYxccnsAemf51RubssLNjbhjP++Cj/lmd2AuMY7Z+hpLVHisprgRq
 qEkB5ACAeMD8aDqFwyuCkUUp2nDRj5SowR/WtacYQulG/q3o++htLDQi709fV7fcJefa5LqNxM
 irFceTJleDu5yfpWjBiGZDJAxfa4ZiOAOmPqTUCR2H2eKNoLy7ZNrkxy4z1IP40xHQf6Q9rdLC
 ylipk5JHf6CsZaq1v6+85Kanzcq0Xpa/43+8049OS18kwM7jbiWLdkh/U1jLdTwyiXaI5HObgM
 MliTzj0xxTp5LloI5ITJbxyWxaZ3OQW6Ae2f61nQzgWke2VRN5ibo35J54H+NXTpSablqdcqUo
 xu9blppoZLeaS33yFSqZXoCD/PFWEAjvwrPKSY2bhvvAkY/E9KWWGVbmfzWigRpG34XAVl5B/H
 OKq/ZUEkbXF4kb+WVZDnO7GcVScWtyZVoVIct9ej1+75E3leY0k8EcsbIdpg3fNGT0U+p71YkW
 +RkN1F5khhcbcDPUbs/hxWcst4IFdUJdUDTcdW6c++OafZpK1/se+QSpkRFskMvf9KJRaV3bQV
 RVFC7Sdvm/vW33Er/ZzpXnW0DxxRNgCU7gw6j9aGKTrELn95ggt5fy4b0NRyTSS23lKCLO5w8T
 Y+6B/CT68VVMrrM5Y4YOgZfU+v41UYO3mP2EfY3bSktd29yyLdDcR27q8IWErJJnqd2f/rVTt/
 7PmmRJFljdpCWkd8oGB4bHp2qWS6nn1JLeN49rI+Pl5OOpqqyQ8Qput/kG6RznnqoH1rSMXbV/
 cYVI88rzbvbp089d/wARC9xbPMDGGiMh8zHHPYZ7U+3e6eXa0RVW5PGOp6/Sq5t7qdGRElJR13
 J1Jc//AFqha/ZXJjY5V/lP93HUH1rfk5lZWubzpp0nHRy9UW3lZJiY3WZQpB2jjHTNQx2iuin7
 TGuwFyCTwMfSq2WmkaV1G8tuOOMjPI4p896jo6wwtsJCIVP+rHXk96vkktEdPNZJ2t935Dw+5U
 3OoTYwXI6dqmlAhht3ZPNi5A2Hkntk47URCc20E0LwtKWWNY9mTjqTzVOWRXupd8wH7wmPB4Zs
 54/lSWsrI46uNVSTjTaS6/8ADdCeGa1ICybS0bsOv39vIP41LFsuJdvlMjyZbnk5J6VQ3SpMSI
 QBv3FSBkZ7Uz/VuFG/zFYjBP5VfswhGpBOUrrs+hYkeJd8Rm8gFgAjdSQOvFSAI+9ndGM6E8Dl
 W3CqBVVkiaRopOucKTwO9StIZAI/MjjCHKMBgNj/ABzTcexyzrVU2lJvza/4BbaVob9oYATKZc
 9M846Y9aqAfJPJJJvZCEAI6ls5qwsTlP38gWRm3JHn5yR05qRLqZmkiEcaNLvIVkGRkfz9PSoT
 tsZUK7pu1k+7/wAylGpEsSNA3mJEwBBxu5yMjv7ULDJMziCIorANOc8f7P65q2YI18mZdSi85Y
 wCNhOB3zxyapyzvDelrcq28MuMdBnIzVpuT939TJwTm3Tjb1T3+6wWot7mGETHyiqMrk/xMSdp
 qCJFVIw6SRtn52Z+p6enAqKC6la5QxxbHXJORkNjkGopZQIozE2fm+bqehz6VsoO7MqLhGc5Nt
 2Wiff0t+ZIXcruaN4m8xdgHGFH3qr+arTqQ29GkzuJ4C/wk+3rT0EbDDSn5Ry27gHtmqwRzDHu
 PlfIVII+9zWqSFifaTqXg/Xb/hjaEsks0UciF0CucoMKfVh7VmebF9njdJ0bCMMEcsM/zo8yeW
 0jjdGLxJsiKHGVPUn+VVYYTJuU7EZpQFVhjrnjpUwpqN7nnSlOF3K0Uv6uejyfZJJIIpmYo6MI
 9pxj2PqxPT6Vct2NrBI13wVcqzHjLY7e2Kz3vLR0hlMRmdmyfLOPmzgY9OKuvHLcRXQMUodrrP
 mMcpgYycV4Ek7JPRHqRvzLndovpdf0vuIWLtfqY/LC9GDAHDgAj8cZpbGS5urzzvvTmUbWUYCx
 HOf05qNbe3ublVknOxVkZo1YhiR0OalhnU6arAqqnl5FOArEcL+lOVuWyWo685JNxuv6+9mpeW
 heVWgjVAU5JUENjG2mrJHJMWuJI2Zn80qoxsI4I/EViNeTyXJVplCyDzMAYGewH1xUkdwlwjef
 PFGzAvKQuNjY5U/Ws/YTUUpDnQm0lUlv1SuzpZfJuZZGRhErO3LHhRgZP4YpAZZZNyxSxpFk+Y
 Dw2ev5Vn2UtsyQSwndMIBEATkbWPJx6irEAuAY4mcnzM4IPBABFcrhy6du5moxpt8zbXS/T7v1
 Lkkm284aQJuG5mbhHHRfxpGjiN0UYpkShy6jGVHX8amSz/0LyDIr+UViyf4wxzu+vvReS2izsJ
 JE2cRIVOMqTz+PvWXMm7I2nONRNpP5Fie5iivBIkR8vyZNxcZCE/dB9T3rCRXtUjkQNPtIjkPb
 I+Y9auhp7e4JjQsguVDbxnB6DNTT3jXH2mMrHHH5nyybflzgDH1p0046LYqhTjLRbdWVGd3gd0
 tZo2mcyFyeEzj8uOfxqzbXMLRRySxKVVWjQYHzB+Fb6Usst0kSxBoCVBibCdAT83446elUIZY4
 bySIgyWUWBAw6vj7pz6VXLzRehHs+aGnutee5oT2aiO2i2v50RLMFPDOnH5Hpj1piR/6MwkkWQ
 lgwVRhiCO57kU1r61aWVjIUdF27y2AQwyRj1J71nvcXUjpECkm6RG2IMPtAznPt3pwpza1O2nh
 pxhzS6fL9bGsZDJA2AGjlILsP+Wew/dP1pl1bImoteSyKY4o3RohwcnHP4UyP7XJqWWQeW7Myq
 gHy49fXNP+z3kzT2qrucsCHIyDx8xqV7r3sCUef36mnXW2n3Dx9o/eNIwhtkQ5J/iOBluvTpUs
 ECDSRtulupTIrsqfeJ9c+maxWiugyqzMVDAGM85Rj839Oa6ATIkMqJE4hwS7LgEMD8vPp7VNVW
 Ssa1qMHFKK/L/hx7SQz6bKDEYi7M7u33S38IHoOMYq1bQyujSSSwb/ACyCiphuRk80NYh4ZzAH
 ebz1CEn5SMA4x+dWI2uFkczTW7qzZASPByOn5/0rklNcvus5nVdOl7jt5df1t95DD5pie2ZVYe
 YhYKPunBIwew46VG0VuodpLoxebKjZYn5gRyadKzreTbSFeSQNHkdPlxg++ap3dxM9kC8kMEhI
 Vldc7d3X8qcItvtc0pX57LRPcjnMAEkSzPLbhiUWNsNgjIAP1qO1vLZyslxbeTuQuY2xu3Abcj
 +dEkMu1TbFXlWEnAH+sA44/CqcM13EIyEiEZcqxdAcfL8tdKinHc0lGKpuz/HX/gfcXfOki2Ss
 0T26NtaONMOx7HPoD1p6X8TuivGiqEGxyBhic5xVARsJomu33yxwYkiQYPT5j+HBpkTTC4LxXV
 o4hXy0zFkHd3/HtTdKLRz1IRcHbfvdr8ja+0/ar25gQCQF1wiDDYC/zpILazR0ncziQpuxJJlW
 54JH0rNF3II332kiSmRfLZQBgfdJP0PWnOziZ4JJFkRWdJAByz4DAj0A9Kz9m1onZGcnLrK0Xv
 r/AEie7+1LYvMRzuwxQbQrA5C/T1Hesze0cskjqsTmfId1+QfL0xRHcrJefv5SYXAWQZ4EhBwf
 xNWnuEhuIES/sFWMMjRyJubdjOD75rZRcfdsFWPKuSKTa1vZ7fcyBN8bxreSQTQuE2+WmGcnoc
 +gPX1qlc3kS3Hlos8FyIyCzt8uCeTikuJkuYdOdEf7YlvuZQeuDxxULDzhNcmIq0xBZDydwHOP
 QD0rohBXvI3jB815Oza22/DsZFpd3yW8EsBSUq33GXJzu9PQjNNl2SanMJ2dS83mIQ3Rf7v1PW
 tKVnjtIooQkryQliETkn+8PbGarQQOiG72NbrHlA0w3AA4wenvXcpLWVrXPQoUNHVStJ6aeXe3
 T5CQ3dtHa22YJSEXEjE/x5JA/KrjI0UJnn87fOm+Nd2Ain74x69KnEyroqoIlnJk4KqPmGcZ/C
 oIoLiW9uYoyymLgCQ7jz1rK6d3sXhaPNBt2i+uv9WGTGAWjrBOqKzhmDZJVm7Z9B3qF7WeK7/f
 xuiKjIHPQnHFTBElgMinziHVJEQYyRzSvb28dvBvmkkldwSikAqCcgdOpqoyUdLnZTqUqV4Qk7
 el/wBVb1ZVUMJYZTIjJEgZo3GS3GPyzTnEcYkllRlGAihWx1H+FRgC1uRI1vMG7BjkDrgH8anc
 SmFoDBK7yuG3Y4OBjj9a06m9Kynq7J9bojR1IiWJEMSSCELIudueQD79asFb+NXjgDxwvNuHru
 7c1atrhkKR3scccKjcvygFmHfPrV1J7VbdJPOVYiu4gnOxuoU+5rnqVGn8N/xOGs3z6U1JfejG
 kl1CDzDdIsuJv3pMYHzN/D/9aiVZ4B5FzEoiR8DauMkHoMfhVy93/ZEklkRJWbZGhXqP4mPrgd
 6rTRmTThCkcrB5so7vkMBjafxqoSTs7IwjUp80JOCSbt1t/n9wk96r2cYEZSI5eM9Q3/6jTra+
 ubhts9ks6glm8tQp3Hrz/SpHkuEsLj7Q0Fs4dk2vHnGcE44OBVIQSjzZ7hwsAuCWdDjJIx2oUY
 OL0F7KjKN0km27av8AD/hxZJvOiUbHhTap354BHf6e1SOZ3MsVuDdKhWLCjqxGc/jjpTJbqKGV
 TMDHIynygRxt245H1qCGFVtgrTtFPsBZuSAQDkYH8XatEtL2NqNWT+z6aX1/P8SaYhLQSMsyyE
 DYrNkMDwTj0FVZLUz3AhjngkIUvHtXBbaPpV6M/ZNLDAw3O9AyLIu7aAcAc+5pqWVzcC2ZbWXK
 xYwgA4YkE/rRGfLrcFJOF5JaPdr9P+CVUihnNxJNKyszKck9C3Y+tXIoB+4M13DNFhi0ajDnBx
 1NOazMEIjkKQSo6LGX/i56n6Vbit3k1N5LmIqScB14XeOQMe47VFSqrXTIxUlyOXNb+vT8jPjn
 a1ljGxrdcBQ0vzAqTzn3qcajbokiwRo8oz5TjHT+79TVi4hsZpLRrmRk35V/mwFc5OfYCqJBji
 iaG3J8tWDY58wEffHoBUrknq1qcMHSqtcid/w+8j81JmkeZWtkVCqA9z2xTNQCsVaO6hcunmEK
 vJAAx/WrErwT6Zbopw4X5M/xAkAmsqVTHqgj80SqqvGu0fwj/wCucVvSSbvtboddKpCO6tJdOh
 DM0nmxu8LnzBhNq/dB45q4xS1gYO8Z8wAbtudu04IP50x0eDTkSJHaRic7jkocfMDTG82cMiSe
 ZlecJnfjnI49ua33S7FU/rFWjfmio6/P5sgn+3pO8UZcsjkEhCN2cD86rvE1tHKjJyjgMGj+4w
 PANWhc3KXhmyWcxEBivr1P1psb3N3HHbyyROpBKOQBkepOOee9aJyS1tYxqUqlKVpRjyv1uvO1
 jOEk6kyeWcs+FG3r6ipTGjJcNvFuVO1FZfmIGDn8qkMM8Cxx3Mi7hJvV1U4wOuPeniWVYzI1ut
 wZCx2bc8E8GrlLseXVxddxSadulv8AMzoXdQBAX3MzNweQP4R9etKSq24Blhdh8oOPf+dX3tJt
 jIqx28LPuRto5x3GO1Z32ZnjleWaBnEuGKAgA5z6VpGcWysPWgpOKSbt3bHLc7lMaKJY93oNwI
 7E4zTkSKe9DeaLcRkMu9uWwelLFaqkErySpLI0xKiPgYPQ9O/NMaMecEMErMCACvc9qfu62NYx
 c6EmtL99P0ZYQmS8kbIU/MqLt/TFRMhEm7EixgfddefpnHWmGF0uoVWQu046AYPLdfzqyWuHtp
 EOGCykDj7wPBb6cUr2ehtCpV51RavbtfT5oa1wUu4JW2rNj5MJ3qz5swkWZvLWZZN2Cv3OxUiq
 XkNOwfZJjGFbrViK2H2+JXuEhypZzICQp9xUTUbGePgqsZTdml836P8A4YrynMxKxkAADA/hBP
 f6VE63O2N2gbBVuR147/StKaSGSwV4ZUl7ZVcHOcc1lF3N2+9cBWwwI61dNtoxo1Jzpqzsuy/p
 NEkc0sEUiKUULIAm5eSp/iz6D+tVpJY47h9xS4TfxtHbp3FTQqbi/tzIFmTkSRIMMwA4GfWmQB
 PMMUdvJkgklz9zGc5q0kmzj5KMpyXNZd3/AJLX7ypgeXIY1cLuYEkVJ5RSFBt3ZUsDn17U8m1e
 CJ5QUkYf6scZwfXHtUCwtLIzGTIV87cfeHXFarUhJyn7sb2+V/k3+Y+a2kKKYX3KuN+0HpkcVU
 kjeS4llfchMvmDb2rYciWGWW2Cshk2hUHKk84PrSyJEYTEbaRZliIdw/3mz1xjgVMarXQmcY15
 OSp38lrb+vI6d7SHyo7TDQqVaSNyfvYPanXl1bGysBIl0rlSxRZMYy3zZ9cAVopduW2vash3nc
 Wwfn7Y9FA5I70RWwv3TM0MrxwtyF7d68L2lrOfTzE1FWdRWUddHcjtkt9zeS26N3bAzyRnHX6V
 WY28jSWcbbYxs8pgfvoOrfhVmHzYjDHFBiKMYDEZ+g+tZslzAZLi4gUJOspiQMPuqR0/PNEE3J
 meHrTvJNN9nfb1NdGg+0XEolgl2zbIzjhoyByPpT4rNbS4uT5kRhEnIZeR3APuaxwn2e2kmmjd
 mFwoVFOC0Y+8RW3DLbSa0pfdNESwi+bgqRkZ9TkcGs6kXFaO6LjKavOL5k/QtLNHLFE1pHGxRd
 gRQMrnk5+lR2y6giNcy42wMEK7e7cZqaxh8+SaKONoWldZd2e2OcexxirssZiuo2ihuFhaPcdz
 ZCk8BD6t3zXJKai3E6sPZXi0n1d7DnEcdmCgfYsTbBnkg9CT3PWs37JeSSW8fk7EZA+9xnIHBx
 WxN5l1axWyBo5tjqxIyGwB849FGOlQyJLHa25WUPujyoH8Kk5P+NZU6jS8y6fM6ajDdt79CF5L
 hbKVUMagziTLDO3HrTEuT9uBQKfl3jK5DA9xVRzdF3McqyqZhIgUcSKBjcPataIuJDLKq2bI+N
 0q/LgdBx/nmrklFG8YU4wtJJt+n/Dlbzrh5SEmgV3lU7imQcDrRdyyBF226TbI9kbIAA0fBLfn
 xUjG8luXeGS3kVZVBjWPBTuwPvirYSaO6iuI3iuI1R1RFXkD057nPFRzJNPQy5Vez+S1/PoZ9w
 y+TdGPy2Pmlom28AYHBHc9cVRSe5Nx9sS0O853HAxgjnj6dKddW3nwxlnMEsiK75PAZc0kRwIo
 4nN5NgyMsfGG7Kf89q6YqKj3PWiqXs1bV9d0RxBjGqrM0EZYFVkyWAB9fep7+SWO8naO43RrcR
 uETIbkdM+3f1qO3ZppVkmjeIhB8x6M2SRgelXrmQhbi7URyvK6gbE4TgcH3obtPVf1oaqNp2kl
 rte1vvEtxOtzG026XClJSO8h6Y9OO1X7OO43zJ5f2iNAE2qOR8p5PrVK2iaZWil3gSSB4W6fKv
 J/H3rSWZIQJwzrK0W488NzjP4A1zVm22kcs6kpScUlf7whup4ESJIpZcRjZtPMvHLD6VYiurh7
 ou0kKZ3YLJw3HUfyrPE48kq2YtihWJ6ls/Jg9gfSpAgnnneeVYTJJ5hHQRYGNmPWspQWraJVJJ
 NySX9eo6dg8MMkrfvYkZJVXghm5/QVDDO7hI4Wh+V1L713EHsPxq/bXNpsaCORGaSMyOG5YN1U
 Z/CqDS77dLown7VIELqvAAPXj19PSmuzRM4pq0ovy0/rQtSC9innaW5tZDHcCIrHHgjcM4rNuL
 q4MiQRRDlWwSucAHk/X3q3vgneQhJIiZlU7myWPY/gKyLuC98yVFdFjw259v3QDkj8qujFN2f9
 fcclOEHPldr/AHfkZ83kyS284mk8t4H80lzwM8fjV03P2W0E7IArH5iR17ZH0FVXgeWGHLI0Us
 ysMLjKDqR7dqnuDK13PIAttDubJmXcoZugx/nrXa0nZMIwhPeV7f1p1BbxFO/7QssaZT5f+Wn+
 2PYfzpEnSVD9pmQ4kR1C8MFxzk989Kql7h2uFhgUOR8yhRw/YD0759arGS5+zRo9sdyxKJDgA5
 BJ/SrVFM66WGi1yvWT81dG5MqRXF00RyGlVkXHRgOB+IrLB3zubsJamaQ4Mg+6wGMH371VbVSu
 1FjL75hJKxHH1HtTbq7u5lZCglgMzksiemMNn0qqdCa0ZcI4ty5ZRS83v/kTxQzLE8oxLJlSrJ
 3H8RHtWi87NaSGOWFXUhQdvAz0P41nrMv2WNJw0blHLyA4UsCOAOwPHFSfZvNt7mUSAxyzIQo4
 IbGMfn2pSV3eRo5VKslUqO3S7XYcun3P2ppPOjJiby2Kg8secj2xTjp5JnzcKkDIXwe+0cf41F
 cpPZ26qUuHXd+8YtwGGOtXp4FZzbHcjSTtLhj02gHFDnJWfNv+h6ClXp8slPR6aJFWyhSVTunV
 5y6yjaCFCD73Hv1okjf+0DLHe25jD4UKCCw6g+9MgvLgXkjwiCKSXlFMY6dx9Kcy3G2KeV4gpX
 cE24LHHOP51UoyUtX/AF9xpUw7jUak7X9L/kW7ZFF+u5M+ejSOq8c9AR7d6ou0tjaQr9nlVhhQ
 7gNjnPNS20aNPbubgAG13uRnjnitBkV7me3Eocq29QfUjpUN8stdTWdBxnd2aS6r+kZ0qbVmBk
 imnnl3bsfLhe4HpUqs0FnFJFiW4jY+Vx1TrnHvzVoQRNbwyXPzSJExJU478n6Ypsc0csEiCaIl
 ySkm04CH735Yqea62MlSlV5U1pfXtb03M2RElTfMHDMf9Hx3TGc/0ppeNLW1RYjbmVC8zy/MpO
 cAgdsCn+Xd/unaI3VurAKsXoBwc+lV7iDIVmy+CJCg67F7/SuhWbs2bOz91v4drflb/NE9xbNE
 I5rrfLAqMigNjpjHPvVOK0WVVE100crksgLHCAdc1Ok4urtsxTyxGTzUi3fe68/SqQMshlgwI3
 I3lWGScDt+FXBTtZuzMFGrUnaUrNden3bFqA871PnKSN+85ByCB170yUKWidWWcxwiAoP+WjHk
 MP8APakniWHTrCSK4jEgiI293JORU9nEJraBhhZZjvZz93cCen4DH40m0lzHFOUYx55yur2/r/
 gEQQW908+Y51yy/OMkn1GegqOK3jfzhcNLFNGpDHP38n5WH4GtWWS3lngSB02yRtKQRnYc4Gfp
 3qvFbPbLJvjeV9g2yBuGAyTUqr7uujNac3zc2ql9xYEUcUEsVvKkciuBKsvzcjnirqXDSbHS3n
 8wNmNlOFVemCO55rMhmRmU8FWIKKPvKP8AaPc571ektWUzSrLtnWRfMPRcA88Vzzir+8TUoc8r
 S/Hq/kZ9w8wjQ7HVo4yCZOcjP9DVy1uZri+dpLSaOUk/Ox+QDHPHr6H3qyrh7gwzzQMGYuWC+/
 8AKq1xLN9te6kjZkMZA2fKpB4/Q0X5ly21Eo+3vSsk1/XkZKzxrcx+aCRIQVJbiMkEAn6d/Wr0
 L3L6itvbR+YsTbJ5Qvyl8cAegPTFWIms5dFUtA/nQMICM8kn+tZstlKhe3t/OEzSDZ8331HJP9
 M1reMrpq3qclSEailzaPbXXb5oi+0+TfszW7RLtbcrYO3jCgVbZfPhiVkEzn93P5YwUOAP/wBd
 VZEtCZJCXWTzdpSRs4BGcH3ppmjmvnyJbYNzIhPIfHB47DFauKeqRNaEJ01Kle662/r8yMmC3l
 eIxuJ4wUbe2RJn+ID6VVSFzeRRorSxyQlgyenc81YjgMtteebNEhWaIq56learyLY29w2VnkiU
 Oqsr8fMOnTtmt4vdLc6FOdOLjF697f5/oTx/ub2ONo9qqDlnAyynqQfaq32pRdAxWxlzGEAU9E
 wcj6571CkFxFbo00UuyMlWOcD/ACeKvwpbSWpkKSCJ0OQDypXqM02orV6nLyp+85N303/4O5WM
 M1vEbgKscRjZAJl3enHSoXnuXcweV5sMbFMImCARnGce1aEUEFzdopnJjERY5PCqBnJqhNBcIl
 vcvFKF2byduATng59OnFVCScrPc0aVWTUtZR20t92t/wAwtIFlZIvNcrjKtu4UkUGFfteLhTKY
 h+7CDbvGPmPvg1Iu1pPMLfZpwW3uT8jEjjA7Clhed3sY5XURSMCxZeWK5yoP5UNvV3PLrx5FKU
 tu3Vej6/eRFriC3EoWN1kQMxVeAM9qYIo7maJpX8hUT98c9WPTHp2q1ckwtFIssXnoDCybcrzy
 ePYGhrUPZRyJFLL5kRyUYcso4/nQpq19r9TSlWgqS520paXMv7NcxiNpYmTjHJ5OSeR7VItvLA
 6wNNHKsrMEAXczlecg4zj2pryO/l7kWInr8vOPX6U62gae0ZmUiQSkDH3l2jJP8hW8m0rtnTXi
 qU1epf5NX+5ldIo45l88svTcQMHnn0qz9oimjieSCSaRVfZGBgqBwNx71F88l1byMARMNxyOG5
 wMVYW0NybgF7cRQO2XRApfAxwfTPalNreTOPHKlKa126X0/C5meT5LbAGIVG6fxd8/1/Co5pxH
 cK5MW9n43LkOcD+ea0o5LZDI00ckiEDABwckc8+nbFVSscrAgKqEqEU8sB659q1U9dUViW1C1r
 fiQxPIkgSC1kkuTI6h1bhOOmMdcVVdQiWYMxilkyZCc4Htx61Zni8iVUeJ0Bz8z9x6023k813l
 iSPdG4ZRImduOo5H8qtbXRwywzmrKV29kv1fYI7VIUKxxzuWJwCclW7Dp25oeR0kVUaFlEyIzb
 cjHr06VajuHkeNZ0JN0jyKy8BcAjn8qht7tksYEPkyKExuVB8vPfI5PvSvJ7oVKc6kHTi7fp+f
 4Iu3NusF28iQuxjuTsWI7Qigc7vWiEIL1wkQJzx5w3eYOuRntViFx9kObK7kvuszE/LgHOMfSt
 G0vtOvpnikKwRSMW9CvbAP4VxzqSUdr2PPrS5IStd269fuTJ20/wA+KeSMTxgToIwz5x/ez6nv
 VjyEiuS1is0oQneFf7x7Eegpbszx6a8TSLl5MqyDG0jBP6YqvatcHUg7zxso+VgoxlWPP41x3k
 43b0Pbmp1KKm5K3bo/n1LF2LuWFGYMgVWEsYGDvP3RWAkVxJdslwoiRgN4xg7sYX9a2ob6KHU5
 o2indMjcS2clR8h/KqtzqNzJayGPyTHs25MfJJ6mro88fdSKoOvCXso2Sev3/eTyxKmmOyrLKN
 6RFlbo38Q/E1pWV1KqxrFHCrR7UcMuSpJ4NVpJAmlnzEJjWVUYDgqxAxn1NWW8kW8CHcZEUiQo
 2N+T/hWE3zRs11JiqkqSjP3rN7frc1muDatI0sLFA21mQ7RyvBHtzSSWxa3ha2nfMcJCB2LYII
 wD6k9qzxJpiy3UX2iQAMBGsshO9O/41pRpZyBZ7aR5FmYlsPwmDjafc9q45Lks7P7i4KOHs1e/
 mrp+VtSC2trh7xGuRJbupwct2I+b9cVa81WmjUQTTytEVKo2MkenpxT2uf3UipaXEqyzeai7uc
 LjP4U2W7hMSyR7djjfIy9ju4APbIrNuUndo6qdec58yX9fmStBsRirJbRmRfKEi5/dnjj8arCZ
 01Z4J5AYY45Izle55GfpV+WQTrLPIPLP2gPEn9xc8qfXPUUySdFnmuPKA3K23f3OcbvoOlRGTe
 6IpVXKUkkn29fxZBbRrDaefI+CWCyN2zjlvwqq0l9bm0W3YyKvAkA4ZTyf06VoKIHtImZxLtUC
 QKcAMAePxNRyT3H2EC3lhEhG/wCZM+WccqRVRk29vvFTlUk0uX79v8xJC7adIyTRNG1xvUleSB
 3B9B/SqbanapKiBo3kZQymIbd3PP5mponme0Y3AUxxNsUouAAwxt+vepDbW9vbwwuI47oKCrOu
 f3ajDfzqlyrSWvoOnXcFyyXXpt8+pBI0bA3KrJvZwxGeDngkewp8MtxgRPbuYSjMCV9DhR9apm
 WFbuI/62NcIqqcbtx6/lVp7+PdMlmrsvnjgtnJHce3bFXKLta1zonUk0oxV/PoMLXSywuY2Teu
 enAwcfgKngjuGinN9BIio+2NAfuLnlT7niq13dXjXrtI0UNurHcCnVgM4HpVjcGW3lmvI4oJ4i
 y7s/N83B/MUmmorbXsNwcIrmas+qv+HmTBJTEVQAhpFYBuu3JLH8KssYPmMUm6AYIyclgenNYJ
 UhGmaZ3y2x0UkY+npVmG6gVwFxIuCSA3TBwv50pU29imnKK5btfcarG1P2mQwyF5HDbUOChx0p
 jWcq2R+1SqpAzlRjcR1I9uaha5LzRAhQ7IUkwPvNnJx6cVfubyONViWGV4JJyXLNnacDCfU1zv
 nTSRy1qzjaMdb767GRbxQ/apgJt7u+8c/eGPvD09KazfbZlTeYl8plCk5LHr+dXfsokmmkVTby
 qdqo3XCnP9arXVyrzyI1nIyySeYRFhWBPHB+tbqXNLQ7It1GvZ6+b6f16lcwgWmWtLnfHLkAPj
 I9BSPpzyXdribZCS7OkmSQR0zUUwmgWKSRZYyrKz7zwSM5P0Gal23J0uRzFOGFwoikJ4HcA+ua
 1vJK6ZzVoWio3Su9/6uir58pZWR4y+zMhC9Sc4I/AGo4p5g0QHlvHMu9iVBMYA6H3q41tbTN5k
 0m2RH5CkjJzx+B5GKpfYIbczCOK4TZK6sXkznI6fritE6bViJqjFcqWvf+rDobeGOS28wxGQRH
 YCox17+vNVGsraewEkry28u05+bjjq2PSlkKNPaW7tgFi0ZU4MaJ2Y9yTUn2uy3RII5C85M0gZ
 ujA/dH4dRWq507q9/wDhzOnKaqLlb/r1GRRQK0kC3UTIVwHbkMSOMfU1ckV10YQSSxyCPB2qMM
 SMFufaqjTBY4pljRAsLZ44LMeo9hxWjA159iX5I2lDqwJXIfAwWHtipqN6Nnqc81yuVrX0vpr6
 2K9xcw3ssCscKys2A3RCe/qRjrVQEW+o/LJJPIjkZJJHsamXEksUVttMqxuoO3ONxzTEZooTaP
 EJLoRlVOBk98/lWkUkrL7v1PSwtFtS5tF5vRee2w2V7YeW8cEgmBKyuD8qZ9vpSxNbtqEY3v5a
 j52ZuN3t6CnW4lcxSgIZtwwNowQOScfSr9y0BaCVoC8fzNGUwMKByp9T70pSSfLv8x1HTpz9lB
 uV+qav+N/zBNQiexfEItnk+b5wMcdMe3tV0XRigt3keCKWORY3kZeGBGc/hWdMI3t13jzYyF8k
 LxkD+H6mnXMSy6WgKEzISzx5+ZeR/KsHTg7K24pUKdVQppWTe99vX+rDrpJplGyaOUFvnSNcEZ
 42fUjmshkMaqsSM4zt3A8Dnp+tW5wy+Z54YwiTflDgseOR7UyNZRfNLGVcIpZhjAYnoR7V00/d
 iejFulTave3b/P8A4BYlldknR1aErMFUrwFQevv71nRXNs+2KUmMIpVZCffgH61HFPLcRFpSoK
 nYWHR8HP8A9anRR2huna5lAD5dgvBVjwBVqCimn+BwVOV+7q+unQjheOS9cM4ijLEvjjHsKgkE
 KNEY98i4JQ7sHHTrVtbp44CIYoisbKFdkHfg59SaaGLCeG3VGjLHy3ZeNo+91HarTad7aHPGo/
 ae+rRXn/wNy7PPZtYRKE2RFsBm5wx7f1pPsot0jlKSi3gBjdC2CHPfNZawBLRJBlkYI5IPC845
 96uXOotMfJiRzGjYVs9s/eY96z9m1ZRenUiOFlFpQlo3rpsvJ9yylkY7aKR3E2+MqNgxuGcZHt
 U3npD5FqkckZfcFeVtwVD6/wAqoPOHW6PmsrGQIJM/KFPJIHbOK04UErTSxIQ8bmJd43bdw4z9
 KymnvIxqQl9uV332X9fIdN8gaVFSMwusakjgA8Ekd8VNZ2TpMZDexM8YKcqSoAPRh3JzTYWspr
 Frf5p5mYeZsfHzAe9Vx5hurmNw6AuquF4wxNZauLV7HZRalSdp2a30Wq+ZbmZWJaSF4XWRYpG7
 euP8+tVZ3sriGeTz2kTzQibDjaD2PqeKs3Jiud0ckv2cRNtLseGYnr+H9agnGLSTyZLeXzyp2R
 rj5s4/PFFPS3QmnJRa55Nem33hKtpHZXDW0qguWkTJJ3Dpmq8Nve/YUWM75HK7GxnpycfhVpZJ
 hmCX7OwhfayGPBA6Af1rOLzLCD5oL+WV3A4XceBj6irinZo5KkajpuCVne+qvdf16i3VosStco
 rRF2O3zGyCuRzU4uIobwOLOS6WeRpMpjlV44qCG1dpopi5ePyismTxyMZHpUgh0+wsVi8q6uFD
 EFll5QYyT9DVSatyvV/15nnYh6KnK7b9V+v6lDZDPKfJPkyGMsfMORkN1+mKrTLCDapeI8gt0J
 Ozjfk8H3xUksTS+SLWTyT28w8kHrz6CqUsc4d2kJkWBvJLjo2eRXXBJvf/ADOmDjWSg3a33r5/
 8OaD2zGOSSecLbhhtbJwc/1PWnGOFtPVIGEMbFgN7Z3E44/HFVAssis94ssUEkg3OCB8w46VNe
 QEKypGxRgfNXuHUcfSptqk3/kQqicopVE2nppp/wAOQxW6+ckUj7ZGQExr97jqPwFIsFzOVti8
 nl28ZAIb7wOfm+g4pZEjZU8y4ETOpd5Sp+ZiPlIxyAa0obbyoGhKyXC5O90ONvy52/U1U6lle4
 sRibtSk9Vt0t5roZptI0trEvLmJod7PnIJU9Px6VDHJpqPIxt7pdzEqjScrkcVPHqTq9mPISTJ
 UKm3O0E9D6k1LMbf+2Z5r0qY4nMaxxjBORyfw4p3ne0r/JnC5TlL95e/ZP8AQyUKTwJFJgzhVj
 jPqeevvRBbpcrAju8PykrubhT3yPoM1cWOedA6w/ecEsP4V6Z+uf51VYFIgY1ORJuifPCqOx9T
 mt+a90jSpJykowWvS61v+IxoHLPtljkJnTy2A6oQaka0uo9NmkmkSWdZlVtg42sOB9asRpLLaS
 TDEfmOWjGMZUEcj2qpLBsvJIGuGiXcGdmBIJHOcUKbbtfYpTqS9+Mr8u+5eiaOK1jXymd1DpGn
 cDOR/jVaRrdUidQ9wTGfM8tyASep6fh9a1khOx7hpoYopZPMVip6D0rJ4tgxkuIZFOGARcZGc+
 lY02m20edRjOabir791fy/pox3tDFYRMjOA5PDnJHqfpTgYvLlNsWlIlGGA6Keg6dfWrtoxt4r
 m3WFw8rEuZedozk052aAXci2f2aPIHIHGR/n867HUd7Gnve7Buz/AA9DFIfGzeHYEgMRwQPT9a
 t28ai1t/OubeBZFyDs5AyRzjqanhMFvcpFIiyMFOeenrxioGZHuS3l+VFvK+W3JUVbk3oVWpyu
 43aa1utfu1f4kZuIJ9UtApKQRK0bNz8p5NXYRb3c9k0UkNyI90bQwxlPMYgnIGO1NWJonUqkQY
 HKRPGDuUckn1NXw2kO7y5KSGUBvKGxcHqwGOlZTmraJ/1/Xc8tvm6t/e9fzX3lqxMSXFuSGtnW
 0KM0rZEhwcN/SnW1ktzoUMUM1usYGclPmPrz7VZSOyWSTdcpAJGKIXOd+e6+wFNjkBeKOWNsRv
 5YCHGM8lfc9K4XNt3X9feYymlUVSnuv66mtFEP7NdlImj8xPqBu659+n4Vm39teSSEJGJACSEj
 GGGTyCafEGTQBEsjHzJVZZB0XB4H51PcKyyN5sc5lkyzhHxt2nkfUiueN4zuenT5FG8tf0/JL5
 DYI1huhb+WSHYlZTyMDJAPfmqqRI6CWaKQ/LtkC4ADNkgVHPbm2uZ1ijuCA4VAWyT6H8M1AJY7
 h5LRWeBWJkG5snco4z7DBreMW9Uzr9i3PmjL+vk7k8MN1E+5raaQFgGjByZGXnePatSzuY7uVh
 LEYysnylu67Tmo7QSg4huo3llkVjkZ2gj5j9KZme0vYt0LOQpVFUD68+uKyqPnbXUmVR1puKav
 0eq/MtTMnl2xtI43X7MWQsuT14Ge/erfmtHAySMiuyiRlUY4XuP60sc7+cTIq7mGI/lwpB6sPQ
 U+SS2lEiSssksUioqrw3TOPzrlb6NHdFctoy1a3t+pXnXy7dZYZZDJIhZzvJA56D05q5BbI1zc
 yvBMTk5Ct8uR1OPYVJFLJCt280tsQs6CVdnfGRj0Ge1W1uZJb4s7xDefMZFXGeOR+P8ASsp1JJ
 WRNfGTpwdr8vfuQMi7j9n3tFMyyYB544yPY0k1pIb6eRm8qMy+ZEr84UDG0/jVea5k3oxeNV3C
 NFC4JUjJx9e3pVeTU3kDxxwTBWyYtzZwgIHP40owqPY5vbOony9tf6/4Bf8As7BlAilZF5kCtj
 aw5AP86RlRJDO0MyQMgLOW4YscAj2FZllcLI8qxJcsROcAyZJHp+eav+YRFbpOSIiCzZP3eeAa
 JQlF2Zk5Si/eV/K5Dexf6KEVZGdZU37WxuK8n9KgnEiyXZF7AirMwjdxnCsNxXNX7m4Riw8+J2
 dGdNq4/wA57VmTeW2kh3+duQFB54xyfp0NaUr2VzWjOUeW63f9biqYmhmWJC8wKsIgeVU8n8ut
 XBLaN9q8xGdWuFVWi4zkZH51jLOwvDIhUF4+FHVxjHFXvtVstqEit5TKkmWG7+7jH861qQd9jp
 xNSTmko3Xr+ZLcaj5spgSzmkYksy5B2k+tMedo1igeEhdg8hXGflHf6ZqQPpxvXOJSwASRlbG0
 k5Gfesl55odTEk2Wi6ZI+8RnAX05xxRTgmrJWNI4mM4unGNrd3+Wp0Fiv/LScxqRGcIf4euc+5
 61nPArmNtwaOBEibZwck5IPue1MkdjF/xMNyKyAyFDtKP3B/SoN1gyXCxXW1XuVl5Y8gUQhJNv
 8loRh6tVNrX5amwypp8iThXZfmBRjktzgMD+NObUo7C3ijSB3ZGbZv5ySMgnPXFWDIJtUuwAGi
 83ace68Eeg71Nb2CyRKuEmWKMRqCMk5GS3PpXJzQ3qFUVRc/36bt+KKEeqXJsre5up0YL8pUJg
 4J+YH3IqWI2ss00q3MSpx5eTzuB+VfqalWwtG+zrIS4dQyYPHTmpZZbVIJUhiVptyeVtwAV6v+
 PvTcoXtFHVGpS5uSMdX91uhXFwEl/0oK4MRMiY5BPBP0Hemxq9vp3lR3KTRcSEHJJYdSD9KsyX
 CPfzeWqMjLI6naOoxj8O1ZxglujIOI5tufK6EY6n6dqcVffQqph41FdaFYPM175gMcls08ZVlX
 qOauNEsl0yAPJEZW3MpPyDqFb1YnvTBJbCSRUuYflJZVA7AcEVkOb6K4MqeaFypUn7uMcg+/PW
 t4wc3poP6pUqScnaL/P5D5LKOXUmhhkENw0e5/M52Duv1NPMv2ey88rFPAZVYqqjcMcdfQmtHN
 w/mPbIiMqMAzjJxjr+HNZHl3Bs9skkdwfl3+WuNoPQfX/CtIy5/iZz1E6sl7X4eu3520+8ry3P
 2l5GlUhBnMSjBBP9KtrIqJaNb3IjwCw3nOV4yv1p52R3bCe1ChG8tJccMpB5PrzSTWMccixGZX
 k8psKowRgZ5rTmg7LY7F9VkuSTcbbbNfht8yRdqX9zcrnyFzhwehPO0+9RNdxvBJMtu0U42tuf
 64qujy3Uc7rcwNvwWjCkE8ckfQVfiljs4YpYl/d5KAuN4AznB96TVt1dm7lF2Vm326MrXAnlke
 aOMZXcJ0Xgp6D8qglWSVLaNZBhY23nJ5yM8fhUzwwrM0yNLLFcO2Nr8AHGAfU1TiufsrlbYbnU
 mMhuev3h9T0FaQu1obQxcpxUVun8/Q05lgXTwWWQHyyYWzkEcc/jTIr+CyuXuEPm5UKQ/O7I6j
 8arm4laSziWIYjhZTG/OFzzn1x1qGCJFspo5IWaNJE78vjOSD6dKSguW0v61D21qLhNd9L7/16
 jzPKb1ASPO8hlbPQHnIx9KbFJHc3QkkZhEYdpCnHIXgfiaqOrQ6hHNKd0bkPkHG49OPxNRRlrd
 5zEDGsUiqyvzlhmt+RNaDliKkrwpu2nf8AUfLHJHbwowaJEALMe7dcVYN1HHHDJbRL5w8xZFkX
 OAemf1qBWeRvOdWl2xjcM9eaqossT9dyiUZcjjHb88/pV8l9zlq0Vo6i08tn67kqvcMkk7cmOS
 PbtX5cDPBHrV2N3RXkI/co5jRRwSXOc0C5EcojZQgRiJkK8sazraQS2rT3mIyS2yLOC2P/ANdT
 bmTujKTppPmVr7bu/kX3d50SN7aUhJQFKHAPv9KYDJYXjlkATftcMOrDnH41H5qoYnimJ2ybio
 /iO3j8B3p0SyXhWSd+doBA6+5oSstdjKlC1+ePuv1/zGRvs0+feNs7SAMjfw47/rWhDewwh5JE
 kNw7Kw2tgHjb09ealDWcLw7rmDAUq4aMkliMAmqBjS6vYVKmGQJjeDxxxkis7qd7rQ6aNSNSnJ
 Sg+VdX289vwNK0t7dcTwS/vYZChJOQoGQSfU81YbUbq2kh2wLIuQGbb99v/rUkhjjsWihhfIYq
 7g8Mxxk0kNw7xeVPtRmJbzCML8pwcfhXM/e1auZ0o05q8ld/p0sTeUhuGcoFjKEspOTnr+dVmC
 MYQ0qJC2HZFyD7kHtg1PE3laxczFgI1Yj5uQuR0I96alz81rmDcEjO7HYvxj8KWp01IuS5Vt3W
 n5kk+oRQ3IItjIj4dmGMt2Bz7U2OG1ighFy6hZk3Akkb8N2qEQfZvs8T289wAGXKng84P86tF4
 L23isjZ3MXlkx7nYE5Az/SpfKkrbdWcFSrSi1ON0utmR3L+XbpNDl7eQCVwvXcpwAD2B4ocmbT
 kYbWYxu0qY53bh/L0qhPJcWI2grycmNhk5bByPbtWebkkho5gJG3BlAI2ZOOfwzW0KDaTX3kzw
 qlZv79QZ8osiRyBpCDEM9s81auppUgYxRYRZf3pdcjfVqeSzW4iiimjZEcbWB6gcgj8KzZ7mIt
 GQHSKeB5CXOQWz8v8q1j7zXumFPkqVUqkNPO4Ti7lKO21YmRn2sOqnrj8amsbwR20Fv5TSyqNi
 f7QOfm/A1FDJa29pDvZpLlvlJLZCBhzkVJO6GKJbcxstsuNyjBbn19x/KqkrrltoTVXtkqcaei
 b6NW/wA/vLEEVlsnQt9qKg+YU6A4+XHoBUCyz20dvcWkgLtBmVWGd56BvoO9NLz+VKwCW5UfL8
 oyytzu/D+tN2Ty6MS0L+bGxRCOAA3LA+tTy93oZum4uKqStF6NN/oE0rCaK4mkhOSGQImAyqOv
 4npTLgCeyile5gVZmLFtuMMM4/Oo4rO5PlxFPMETbAmMkgckj2GasLbWEsmFkwypnlsq4PO4e1
 W3GLVnt2MHJKakparsk9CqqqVhRfMk2xlHkjbAZ2OePYdKt2/2lbG5S7twUkuIxKdg/dE8fh24
 qVI7fa5QgtuURgHG9eu8ewrOEsyWsmZBmdt2WzjeDz+lK/Pp/XcxqVvaOyaXrv8AInS8SC9uFc
 gxQ5hZQv3u2R6c1Sku1ujH9oXbtXACjBPH9akltbZ7V5beR2LSMwQnJYAjLfQc5q/PPbwaXNPC
 1vPKzEgBfugkYH5ZNXeKaaWr0CdSnzx5U3J6dV+X5mUlxPLLJC6OsciHykPO09BWfJt+1qJIZN
 sJCHJ6EdjWje3UjmRBGkAJOH24Z+nzA+gH86zfKcxOqiRzJJ9oXJyQRwQfWuqnte1jatKVrRjZ
 ev66E1zPFJLKodnmLk7lPHQZGPoMVG8TSwW1wkihPLYgE54B4J+lQuGZFkmVVMkZIAXBJ6A0WU
 csV9bTsDFD5bsA4yGHTp71ajaOj2OWpdQXJq107+X9IuxJNcaTl2ijkO5i5TllB4YH0xWbM8TR
 2qqNrhHyeMsO2ferZmJt43IdSp/dgHA2n7yn1qi0QjhEKrnOGB7r360U1rqcmGoVXa8LO/f/AC
 /Uv2awCVVd3jgCtvZm7kcfhnHFXEjtn+z+VtOUK3Hy8I56D8ax7ZjHOrPIi7RjDISMHnmnzTM1
 wHjDRMwO9ccEf4980TpuUtGddaDnUbgmrLorK/mdPcxRRwx/aoXJiUoCDjA43fiOOadKtt5MrB
 Jd7tkYk7ADmksr6O5tEieeKQRRFSGGS5PJbntxVmLUIrS0vH/dyTb0c5UEcDoPrmvMfOna2v8A
 wTx41qqlyRT5+urtb7i7ZRBoTBHJH5DHJJ5JIyVI9OaqzXM8Ytp2/eTFFYvj5Wf0/KpZYo2Dkr
 KBHKRuR9oHy5FQ3E1obaPaxSTH7lGbJCsOp+hrGGsr73PTw9V2va8PMoz3krS2txcP5i7d4CDB
 IU4B/XP4VCbi5M8SW8SlpJciXaMD2/GmTwSSzW6Rt5swty0hTowB4IHYVEzs0aedbywja/mnOA
 GP3f0x+dd0YRstP69DrnQpcqlbX06ely8zSxpNHvSFtwk9Dz2/PFPmWRoEnd3V0VhKCf48gAD0
 61HbXGm3NpFLPHKobAIL9wMY/SrP2GUWgkhJDuQzRtyc5/p1NZuSi0nodeCr0YOKWiv1W50Nus
 1vbODA11MisSq87Rgcc+9QwlNyugCXMh6MM7Tjv71UNw9oywz3CSCSNpHdSeo+7+BpYHk/s4eX
 cwkD5ZAyZZXboufXFcDpuzfcxSUbycd3uXdQMk1l5bTQKLn98zBfvbR1Ht2rOhju0iuD5ckvlu
 oGDgrkdD+dThmCeUVwyp5aI3PH94ew709lkguYYTKoGxvLbJwyqO/qT604Nxjyl08RKlT5W+by
 aLVjcLbzSSXTRSKVGeOrEEDHpUXl2Uott0U4ZIwku2TGw5OQfemRW8XlBp2zGwLKAcFSPu5/Gq
 f2bfq7QC+jhUBRITnlz0/PrUqMXJtOxPNGo5VFLla9TV27Z1+zBYAswXzDznjAz+NQzQ3rTJJI
 oe3izE8YGGDnkZNVbotBLJgmZNjeYUJ4fjj2PerdhPDPFdNNcFC8qyKpPTavQ+9S4uMedanPWo
 1Ir2kHzX8l/SMi1t5Li+DyLLbyL0VjwVHXH41uzWhN/CyRPcRFZJ5VjOD8owBTZILe9szNb3Kx
 yOyquSf4u341Pb2VzFZyW7u4aGb7OTz8yscmlVrX1vbyMcZjYS5W5a9tUzF+0FDE4WMkR7sFB0
 64/HrVdobZ7mI7pZ5XV5MRPgEAdfp/hWpcGOKeWNF3M43lcdQBjj2FZuLhoYdpiESIYy4XlApy
 QT710QldXWhvGrSUk3dP1HxG6hhRp7WRoTGA7AAfMRgVnSDybmeKeQpsmSMu/IC4yfx96lee4k
 +0JCWfcN+M8YBB3fTFPghSXzXWCVw0scoLNnCdwfUit0uW7Z0z5qadS92+3/BGpDmwkEjSkDI5
 fJyM5H16Vo2dhb/Y4Y1w0uV3g8k4PI/rVaWd7Z32Wsgh+bypG5DqeM/nSW4vJJjLcKyJFJg7fl
 6L/U4rOfO43vYiNOs6PNL5K+/3G/dxNv2BXSGN9pdTjdznr9Knhv7Y3ds1sszYR9yhs9fX6VjW
 85HkQsxtmmPztM24MR1I9B2qxaEfbZUMfmKswMZj4MYUHIb17Vxype60+h2U4XptSVmvUvyO6x
 24jjfYFU7s5zt649OtOnkd4dtmI2lLMSNuSg6AH8M00XLl5ljCvk+Zux8qEL938etTw3JtrSBv
 I/1sS4bAwM9B9cms2mrO2p3fVpwjGX9fiPjjKw4SSKQiRQ6qPmOOhHoPX1prQqNQmWRiQjFWwT
 l2Azke3tSsbpkeKRo41jOHbZjcVHGPqTTRJcLA53xRzrMmSyZ2MF6H61HvdyalOo4tp7/12KVy
 Y/It7lYGjMcfzPxtUnnBH0pFW8aaWVGj/e7QkTx5wRUF/DP9g3PFI0CyjcFONoAztPqeetTXFo
 JkS4S88mMxOQCTwcDFdC5VFa7/AD8ypezhRj3lp3T8inLczoSXy7OGbbHx8o+Xj+dQLGsttFBP
 coeMfJ8pJzkE+2KIC8Ee62kSeLaMoRlgSM4z+pqjDLGl1bTPl41/czFegZs4b6V1Rho7f1/kS6
 cVCXdfP81oLdFo98Ak3bcgHPXBB/OrgmhuJmW4SUOZWdSGxyB0qwkMSynZLG8aHyWB5Oeuc+pr
 DuEhWJwjmYqxbYMkgY5qoWnoZU3DESjTbtbW+paiZreTyxNDArK6KrjLEsM4qKWa5jtYw4XYgQ
 oGQENx15rLWUhxKsifu5AFB53ZGMitOK5vIxMTGWljyrnaGVScYGDxmt5U3F30O2M6lKfI1Fp/
 L+vuZHIlxHcRhI2KtExRh0IHUioZpQsqExsVVAuBgdR1zjrTXuFGnwkCQSOcyEtxjPCj0zzVqX
 c4kLRbEjZs5H3WIGAcVabT1R2UMZKcveVr6X/ytr+Qvn2xsgYmKygqMk9hwAf1qQRCOwhmklJa
 KMhUyeRn/wCvUEdrKY4o0VCZAJWGMlWUdKRz5qONksYd1yWOcORwKhpXsmcHPSc+Xm0W76/jqW
 YJjLHFK0BMUb71J5APPy/U1Uu45VltXT5nZP3qehPc/hUiRTiyaFj8kL4nPq+Dge2OhqB0dfJ8
 +YSgfM0aEhvzxRFJSujlp0UqjcVa/wCP6fiiwFVLYxRxy5kLBeeWAHQVBGbSWxzJMd0qAgAk7M
 cYPvTIm8qSKRSTsOWU87jnHH509ImjupgqIfL+U7kyoq+Vrr/X9WOmGFxCfLKVktVrb8NSoGJW
 XzJkaQtuYhetWoWEljLCQrYuIykgHA4xj6Vcnjki0yA+XBL5n3HRABg8HNN8m2huHQLIhjkMe4
 njHbPvSdVSj/XQqU/b0kkrtP1MuS1ZVlXEhlinCDHQAg8H3zUsQnUpsDCKC42tnrz1ye+KvzyX
 eUjJjXOOduN3v9aW2ZVeYQRuXMgYh+e/X86bqScdQnQbp2aTt/X9aEb2Rd7jkMBIN6jqrdqV4D
 LIdriWRWCtsGMk9x7U6BGgJjYtI0r+YVB5Kpkn9asbA5edQxEqgqqcEZ7/AIHis+dp7nXQq1Ix
 eune36Ec7XEQBlw5DYyo4JPIFaTWsAgMZmVbqM7NhPJ3DLfnUsziw8gGHz2l5U9QmOMtnrzU9t
 Z3Mm9J4wud0nmbeQ46ZNck6uiexyzrQnOLulbrt+n6mQk0sMokiZVwArRSDcSADg/hWskk8mlQ
 IhglEqpIzKnRh0/D2qF7RxpxWcq028AMoxwetTsst5A0EEiQlTuChMEAf0pVJRlZm1b2dSmmrN
 p6t9hsc9zcJcpHG0VxLIZg7j5QF6gemaoTzTbkdHQqUICAYZQ3TJ7nrzT2jleAmebKOSyyJkBV
 LYIqN2CagySMq+TmJAOwcZyfXFOMUnojjknLWCSS+f4/oZ8sCzBI4bgONrGPk5wOAT+tE6LFpM
 0C/ZxiY5fbyTxjn3qIK0M5kZTNFEApMZxu545qxIftdzcNJG0UDNuZ+yt2Fdeqa10RpiaUozTT
 uo6303IY4YhcCIqXVSGDA/cPYH15p0oiVDayQFpI/lIXggk5yPYGojIz237wEuU3yBePnzwP61
 CxhliLrP5cvmiNg5O47uapRbd2ee8N7/tJpq+ztpf1LbGBpZXtmiaU4GSPlbcOw/OqN0JY4m8s
 AGErGGA4YEdfc1bispk1EpEyqY3G4Hkgj/6xNW5raGSVFjDAtvkV2bI2g4GfpS9pGMlrcdavGl
 U5ea/9f13IY5kMc8e8IyS4DtyBHjkfhTbeGK2u5J5DJLGG2RkEAAY7+p5qKFZVlGCnyk4BTO5e
 5P0qzJdTRG3gkltvsnmEZ2cgD5tpPqexqZJp2XUwxkZUpcri0nvq9V9w0MtsZZDHL5ynDNu+Vv
 cD6cU+a3Atrie1QyASBFA6gEAY/OqcV3cG/ZgY2EiM7AjPQYJ+lV7pZFslkklI3IBEF43L3B9S
 PWmqcuZXOapRnCqoOyf33X9eZetpmZreSCSJpLfKTfLw574/lVAGS81KNEkigLtnLLwuQcr9ap
 CO5tUSNZY8PG/Qcrzk596fHO8srJcRmXch2tEdpBxgGt1Stdo54YdTUpJa9+33ktyluJvs9rDc
 eaR8vz/6vjODUcM0DReakqZdG8zcMjJOBgfhU0V5J5CM0Qh2KB5hTODjGD9RStEdsUUJguABtx
 GmDnr+lUnZWZU4y05nZd7/AK7fIrQ37TWbys8S7XAQOmcAdPzqQXsf2gPMjElNqhRjHOTT0tjD
 pyy+Syt5Q37gMZLHBxUwWVkiWWS1kYjcieWOGJ4B4+tKThrZE1I04Qumtd3s/wAmZMitcz+bK+
 yN32owGFB6gVfXT34mbf5DgKxz39vQCqIguXuJoIY5M+fu2f3MZqxcs5smQrITGoG7OF59q0k2
 7KLF7Kc1pP7t16bGZc281oIVZ1Eb5PzdSAeo9Kz5vP8APiCzDYxz908itWSWJkJjjYbcqpc7hg
 9OKryPbkp8mOBjcetddOTtqjVUZypPmla3qm/u0Ic/daaWMfLg4+Xn8qsecUubeRURI49yOzDP
 J4wT61Uz8yywlJDv3AFM7fz4p2x5JGW2UyLyxBG7k03FdTln78bP4e7b/LRFyygViiksksW5ZA
 DjIPf6VrWkcUdsv2dXnDyLzuz8uDk1hRrlkEciuTEc7euAauG9JtraBQUMULKhHG7JyDXPWhKT
 0Zy18NVTUYz372aS9f0Okvb8ShZYwwt3jdSgONpJAGT+FZqSXFvpUYyhdZCnlFMuvfrW2tvBYx
 XJtHiuplIG3G7Izzwf0+lZ17Z6ozFYIWigEnzlwCdgHAz65zz3yK4aUoaRWi8z0VUUFBW0T30/
 9JbTX6g89wuPN8os7mPcgxlAM7h7ZxVUS3dwpWWaEM7jgrgMvdxx0GKuMto2lI9zMFeSVEgXPO
 GGD+oqhIjW90UM8c/2VigZFxu7H8O1a07PZam+GqXbVN3f5GjbwQ+TJCrLKi3AKhRzjqD9Kszm
 G2niks7wM8sLt5ZYnbz/APrrMi2NdNG+6ORX2pg4Geuw+56VcnuFuDbR21vuuWDArs5iGeB+hz
 WcovnXY7KtKFOpfmunvsvvNCLZPcSyOvneXMAhX+IEcfgTmlubaGSLq/zuWkVf4cevvjNUivlR
 vcNdRK6N+7ABAKk8Ej37VIZbq1DzR3Nu00b4ZGTqOvT8aw5XzJxZzyo1PaqdKXpuv0tbzLcE8E
 EPmxhwJjiISHJ2g4BHtzzTL1Un1m2tzcCEWiMskhPDnqCPY9Kkljm2LKkW+6dS8S8YjUEZXHqc
 0/zCby5kAjaWMhXUr1BX730xWStfmX9dBPlk25tv87lszl4LhIFBkllVgP8AnkOmD/Oo7uSEpK
 kmyNXBLSgdCuMD1ye1UzvTyt1tMlqUKRgH5gGH3ie/NUY7Bmw0kwaKBfL9iSpP86UKUU7tmlKl
 CKvKVu3/AA//AADW85vs8z+bGYpSJRhfu4OOar3d08ojMBjhaUkPlOFJ4x9e9Ogjhh06CCRZVm
 FoVkDNnDZBNOWMtesw2g4yUYZ2E+v4c0LlUrmMqkVPmta3f/gEVtGE06NUc/u2Csp6gjP8qum9
 SaOSC5uhE0k24tkjhOv59qyZUjsGWWBjcIxyCG/1ijgEfUmpNqvKJIruC2nj3mVZoycgdcVcqa
 k+YHRdT3ld+aW35/eWrlJpXijLiPzVYrn7ygclCfXHNJFbQQu3mSsodWK7m4LHgVfhmknuojFG
 JMli6gcxkjhT796o3W9o2Vp0hWMhk3DlwB1X2BrKMpP3djkoOpKbgtGv62K0YCtEl4PIieMhpO
 gyBjFK0VmNkTLcNGcIHSTAJPAHNILZrmSCOdxJvy8pBxtccZ+mO1RvBPbX8sjgLFH94kZCuFwP
 0Nbqze+p1UKbvLln7/ZaL/hyxL5ccYtXWWIJGTukbIJGCcfyp9rPO939olkimjILEovyjPXj2p
 lrEshJguorm7IyAVJGPTHvVwZS3EjQG1yXK7+ijgbTjuetZyaSsdUq1OLtvff+tySC3tFjCMj3
 LybfKZW6gnoPerQtHmlkgkjdZoW8tFRsF16ufrWQikPNAqvE6vj5jnGBnj8OafczTrPb3cjO7N
 vwEYgnoP5Vm4Sb0ZvBSfvRevTV/wCZs29l5MpPzLAgKqrHkhucn6CkmilN1bQ2ys0UduViOc5H
 3ifwNU7DUJSXV1Mwb5jjHY8L9a2A0ovY2SBgEVlJz98YySPQZrnn7SEveOx1a1J3mtfl/mNuVN
 xYeZbJJulO7G7O4NgEj6Yqo8Ust3H9qguI7cRNI8e/DOBwDmlS+uYdLEwaKN2dXTcmcqODj6Vb
 W5AneUHzWU5dycqvbb+INSlOGyFGUlD4bp7WetzMN3FKsEcUm1JVOfMJPGOPxNJHNHcyxqXUxr
 CElAOMEngfWopVWV0W4iMboR5Kr8pZAPvcVYktolt7yWORI4TIGRz3xyP61u+VKw5VZWtG93t5
 P/MhRre0nQjDsy/6tf4SPlAPuRUKRpDFcpAqRtFIqfvRu3EZOfwHWh9NWW1uZrecP5kgcnJ4HW
 ssSQNdtBK0qROCyMW+97/jWsIKV2n6nHGFKo5VFK7XxafpsUUvpGs5JGcC5kcYZeAVPXj14rUi
 tdqM/mRxJLnmQZLkHhh7Y7Uu6C31GZTbiZRc4PyjCfJkVTleS6nhVMwRbBwx+6DwR9TXS3zbaI
 brOV+TRLdsjSzaSaSeW3biQMGXAQjvx/KrE87S6dEfs8sMTFpJSSM7iwGPypFlmaSK1jdYcKyv
 5vIT0B96WELKsHmXMUrOmDGoII3HFOTd7y6ETi3UVSotvX7+xUdpZL2FIEUxlcxIV5I3fz61OL
 2VtXcw2T3cTlkwBkEDjceO3rUMsEaahJGjOiRnYCT8yn0z+tMd5I42cNtw4DovBYkcEe3qK15Y
 yWx6FWDs+RaND4vtJuQiCQIMMrHuq54/Gp5orqG3juoJUAcZdCuTkHkfWodzJPcfvlgZJFjw3O
 44Iz9Kv2yOtlDCY2mWWPdJIDwCOorOpKzTOTERcZXsrPfT/MymuViuZVkYyIz8Ecb8HipWR5Bb
 7Co25jlyOV9zVyCCW6aZSmGBMiqFGSNuOP51BGlytr5SqMBgzHb2HU/QVXOntudqqqok4u0l+C
 /ryAx7LMQrAdpypLY3bieBmoY2YWkqzEhWkAYd9wBz+XGauh45J2ltpDkl2R2OVx0HXv15qSG1
 2WNzHMVhjdlcO4zg45pc9lqddBT7K34/qVEV8W8brIVBJky3G329Oasww2812HQS3GDnAPXA60
 sz25gikihnQsuBKzZVselWYIGlikiWMo0S9hg/T86icvdvsaVKS5HKL303/wAhslsyRmURm5BT
 5lQ4OQM7h7DvVIIhh3NbTtuOZJEbhj3IyOBjmtFmaEETRTsGbfuVsAt3H09qfGfPs3RsIC67UA
 5Xjqfas1OUVdmK9rCKlLXzTf6fqZkUFvI7gz7o43PlFeGcMOfw4q3ZoWnt4XUxmKM+axPHXJ+n
 FPMa3FiVSFllSZV2rwWXHzEfhUhZEhuBDBOoklDKzHOAByKJTbViYzi7qKavtr177/oTvObi+V
 ElRLcqGy65OCRgZpv2vyZpEa5E/mb3UpkAc9KLiPmCdXSFnIXbtxkfwgU42luJXuJoJYn+YtGW
 GVyMfkOtYr2elxxhh3JPl07abjVYzyxfaJEETKXJ5HzdAtLcHbewQhmQxHbchTguSMbh6AdxVm
 yjlJgW4h8hYY1QxOBuBz1P6fnVRpn826LwmJxMqNMw+VMclT78Clf3rLoVU5Ze4nttbb7u4q2N
 lLGlvDfKh6eYWJUY6DHvzUN1bWSokkxlkUEttV8Eeise571PcrHBcvcRW0hlY78Z4XHt7E81Wh
 uZbu6tY5EWNTC20MnXPGT+NOLn8SlocVVT91yqPkW+quvuK0UUCTypGssNoVBkeVt2GB/+vTyZ
 p3jtYwjxPC33V5HOMH3pkEsFjqEQ8uSXEZ81G5AwOevvzU10JglognjzKdoVBhpCOTj0raV+Yj
 GWhJO9n0b/AKuZ8xdYYrcW4WURmQM4zkKORVBIzMUEiLCuC4YjAz1BOO3pWg9vLLIPNV0hlO9p
 v4VYZGPYH0qBGW2vLVJ0aR5IsKgONuD3rphKy03MvbRjSvDV+WuvqwB/cRIJDJKG271ON2eefU
 5oljaV1Y3KhiMbEz8me39amLSS6pIYo1ZncSAIvAIGMj0FRnfJcLJco0ZAALAYx7/n+lJXuFTC
 1oys997X/T/IWdbaPz1+0JI4l2qUGNyNgGoYXtIMiWCYiDzFILctngP9K0YkVoYPMntZHRWErC
 P7xJyo/OlTV1ghJNuhnLDcrqDksKjnk1ypN/OxwV1VqacrfzsjJQ3LXVokCKxjQtgLzIAOQKgv
 W+06dZtEksYVirFmyE3dAfpjNakkjvcwLKVDquNqDaQSf61TffFKiRSxy/eZTjgY45Hrk1rCXv
 J21/4c4K6caqaVmvN/1+BDaWTSWxWY+bcSSfumj4GwZ6+5psZ+zNbmZ40Z49yx4+bgkAZojkuZ
 4ijzJBMWHloVwQoyG6VWa3lazjn8xZltXEG9RwysTz+taattSZhUqzc+Wc21/Xf9BywRKSJ7gO
 i4xtyeD1H15qSeSYOBFIkkcb7Q6JgjPc8d6RbaeC+jVrWWQRoUlUrnLHOMehqKCQxXNtFImxRG
 Y2OMZOc5Nab67nouVNrmT5rdNPyV2W7iytGtgftMqvHPtCsxOF4yCKmF+2y4RYVdTOroQMEKO1
 UpriRrqZjGrGRwTxwB3pLaYNbSjHlnzv3cWPmZe/NR7NuPvaieHpODcru/fb+vVjb5ZbnU2cs0
 R3MdwHVsdOKhVjPGipbmUScKI8ZXnkH3qW4aG5uVaAOoJwFLZPTn8qqzwvGINknlhv3jZ/jA7j
 0raGyWwVHVpRcYaXWyX/BKsoKS+XuULvG4YPAP+FOAE8YBxcgPtOxSBzyB068VJMrOHmkXyGWQ
 Y3dAOwPHWq7gM0qYUEys7benTgY9ufzrdO6OdyquXIne+9/6/UPs4s5BF5ckYYFhvJz79qQW+I
 zJ83UEDJ47c8VVmtZ4ju84DrkMOxqKS6m8mOMqclvLPzcgk5B+gPFaqLezIdRUItVo25dkl/w7
 /EvqyK7heCyHAA56dar4e41C1/eoFHUnjjuKaYlmBcRSxmI4f5uhz0/StBPOuRMkcaRqz7x8oy
 OMY/Gpk+XUyxLU1dpcvc6kzxrcWz28qGWJZEkfqGJHynH4/pWpG3mQQmW6EkcahNqkjecjJ/Pi
 uY2W4uGihbfIW2qT0bvuFT2nnz+Qt4rCSQnyyoADoT1x6A/zryKlBWTv/maYjDw5UnLlXV2V/w
 CvQtX0ofVJsGNIWuNy5TOwKBwPxpICks0kk08JBIDDbyS3A/Gpr0RItvard2rBo3D5HKsPu546
 mn2N1HC9tbmENcrEfOUoPlK85+uKV7U7pf1/SLUlCgqkL3Xy077CL+5nYSmJDFIowV5XPBz6n3
 q9b6hdNPvhhhwFZCgiG4N0GT/nrWebiOeG8OzALh4mYZ3KOT9ajjjmnlEgWZ0lQsrJwCAaiVNN
 XkdE6VGS9pLd97W/QsvA6zSNemNFBAcFfusF4Wli1GOE5V4cnDMXjz8x/pTY1trK9bzZzL5kge
 Pechsjgn15p1u/2zZC9j5mMNcBQFYvgjAPbpQ0mveV19wOlTUX7SDkvu/B/wCZcN/LdWpllChl
 Zj5qDaoY8Y/Gqs63U7Ov2qKXyyqOI1wZCVOMfyqoEvnWPMTwJKPkUrwOv54FOtnYxRhI3JEZeO
 QHgqp5z6ketCpqCvG39f10N6UY0oJwS/P/AIP3FnLpZKAJYW2qxaUkgMODx6DPSpltktxKnm+Z
 EHMiyAnB2jkn9aSPUHlumEfleVJtEe9c4DHkn8RUNzFeDTbuJmQwGThtv3s9MH0PTFRZ3s9Cas
 nKqoysk/P8rotR7Lqzd47hfKMgbJzlsc4FURdXdxJE88iZnfd8q4JwfmH4DFEV9HbxsksDJFIS
 zBRjYRxs+uK1dOv4nRYka2ljhZ0jfYPlj6n8T60pqUE3y3OLEOrBqMY389zKZInupJYyVMPESk
 kgj1+nNallZLdLIPMh/dp5bqF+c992fyqnLZ6emnM0UzbkXbneSORkZ/lTbCRlihk8wTxlR5qx
 8NjJBGfX/CnNuULxex61So/YKdK6e2qSZoqJba5w8ciuxDGXOFzjG3681Qe7WS4SKWaKOJVKNu
 XkNnp+lPu7dEglWP7RvJPll3z1I/pTIo7e5nlWGEzskhKqG5IwRj6ipgo25mYwownLmW738vm2
 aMtwlp5dzgOTHIrr/tY4Htwc1Qs3uprMBFEssMibwwyGz6+pq4bT5o8SBJRbsWR8nb8vU1ammn
 fTYJY7yxhcKGm2xd8ZA+pHSsVKKVluzCVKlCKT3b31Ms6beJNHIJFbehACLtKjP3T781Q8ue3l
 QPHNGIj5e2Rid5LdB71ckJuILSRROxMY2RqxBPzcH8O9Thpv7VLjExkLOEIyRt+tdCqSS11/A7
 KVVRjq1JeegrahN50kKQq0pbc6EfN6EfXHFRx3DW4L+TIHiPlqJDkAE5APvRNGkNvFeOkiIQZA
 ucMB0AJ/HNTmztDYsHn865Rw7Krnop/ng1F6aW2hs8RF2apvle9no/XU1ofJuMXJkjlmB2qkI2
 8Nycj2NN8mRJWSK5MMucCRzlZPl5I9BzVW3kl/tOTZGV86f5owozyuMD0zVS5Bkt4AEmSSJQqq
 zffUHlvpXNGD5rX0M6FV+35ItJPvqaVw8U+mSKsyRy2x8sow6hwMfljmoI2nijmb7VbCF5VkPy
 H5x0Zh7CpI1uJw8pjSQSZlwigEsBgc/WmzRXEMZtoVzeTkO6kZEQx84I/XiiNl7t/66h7ifI3Z
 d9H+mn3FZ5nGpNC/+kIFPlugx5g6DHtiqK31vJbrEokMe0ADdnBzjB/CrSytYqktxGZwFAjdej
 L04/MVntFbQxGU200ZgmREy/Xkkg+p5rqhGL6F1ZRnPSGnR3/4KJ4rk+cyRMzbnBKDuR0I/wBn
 HaqVxeYvJHBiBEWxMp1BHQVduordWtNgaVXDiF4zjCDnJ9frSTiOWZllkgtodmI2dckflVwcL3
 saUKlO7lKNvVf5bjjLJb6TKH2lFdvkK/NIMAZz7ZqlHFFdyRpAkoQfu1lJyHHXPTtipoTdHSrc
 qYrsvgKiryAD0/H+lU2FtdSQ+WJIZoC3lENhQT1B96qEbX/r8Dmw0qii40klq7vXRen/AACYrE
 5Bjt5RMHJiO774IyAfU9a2LZokjiR4o4lki3s20AoRnCk+tYAsnRbeFJGd3XzFKsf3Z6EGrIW9
 e+4tp1Cy+UUPVdwxz/OirBSVuYurDmi1KasvW/4kFmYra+zG/knG5GuPmD9Se34VYBSXWFmkXC
 MuXI6AgcjHt0+tWf7PlWGC2lnhIC7Q23liT8pB9KtRW26/S2urZxIwKySKSFLA9MY4z9aU60NW
 bwr05U5N7Ja2aTt313/EzpoxPZwmFN7FclRy2eufwFQW0a3EEUbu8XHOW4CA8j6mrMkkdrqfnx
 QSiFEaNI93UnufpUaRJcqJJpoo23gOo4LZGCw9qpSfL5BOo5U7JtR6SV2/nYdeWhglaSBmSJ5S
 oJb7ikc5pli91sESQSyoyjaMdh0/OnvIsUC2tvMLhUQlJApwB1wcjk1es4C9tBK0U+1kBba2Aw
 znI9PSlKbjT946IRnSw37zW+2lv8vzIGt7VIJ4445IZkfZ5bPzt6//AK6beO0SrAhBUph1IyRj
 FXLyKdlE9soG87XLDJJbrj0xTreBrfUsT27XDoCoC/x8c1nGorcz18jqoVYOldO7XS/6sSEW66
 XcLLG7AXCiJd2cLkZpgW5aSYxRuZHlaNsfxtnOR6AVphbaW2Xd8iyxCYKTyhB6Gs12vVjla4ha
 RWYAGL5c55JH6VlCV2/1LpxcXeP3X/4a/wB5K8cy6ewRWeVTwx5AB69fypGkvI7RJY/KxE+zOw
 fKP4c+pNVpp/LaRSJDsx5YB+8uOTTbd4pmjtNs9tFO29Wds4x/F9K05Ha7RpWpuMbzSSWr6/ga
 cswiR2tLiFpzPtVduc9Mj9TSRtbpZyrOWO2cEbTg4HGPrzn6UxjErqIpY5pgU8xlXgnPGPTNWV
 uJWvZGNk5iYliuBken5HrXO9F/SZwVJw5ubdLXsytfXcUjCGCNss6AMeig8VI8JIm+03kaNHIU
 Rtpw+eCfcA0yKMREXUg2jz0JJ6MO9aM/myRTRLHFIs8m62YgfdHc/XpQ5KNktjr9pFSjFO0O77
 9ejMuG5eR5Wn3TgFclTjGOSK1nure4QrsEZKtkNz1G7J+vY1lOGECRCBm3JkheCXbjFNurNEvI
 4FuQsm0KAepULyfwpyhCT7GeIVGfvN2a7fn/AEiSLy7rSjJBNnzFXezHIDZ6fl1qnbuzzvPdSr
 nft3JwBk9Me+K2UMVvpj+W0LQtKMkLjJOMY+lZshimu7mGOPyysvyMfukAZJx60Qne6tocEcXU
 mnBrQqBW/tLmPgoWLYGQOScn0z1qrb3E7PbCS2kuH8sSYUcggnBHpV2FWMWLNt8Ux8+QuM7e5T
 8ccVqwRv5nmeXi3YhlKgAqoH3c+3etZ1VFaoWJrR5fehr2ujLiuYnla4WRVYMS0JP3yehA6ACs
 sRBruNY7iKVwmd5XOOPm/wAK3J7R2vGEaLl2DiQLwBjB/wAaoXCzC8eNTCzsPvxx44z/ACq6U4
 30MsNKLctenW2n4f8ABKLSCOUlLhQxQMQo5BHAWlso8kJMXJdd5ZmJDnd94ew9KvQ26BZTPCJJ
 Y32DGPmwMhvpVUz/AL6znELxIiPGpY8AHqT7Vrz8yaRGJrQqRaite5OLOJbhzbs2USRMk5Vm6j
 9M1kok93I22PftdWYAc7sHHPpxV1IIoLkJcXiSW4DKux8EnHB6VmxSSiQC3lXPy+YwPBIzz7Ct
 KadnrfzM6cHyySfNpvrb5vf7jRmv2YPlUlZpFl+Ucj5eF/rVBEE6wTy285aRNqIhxuGeWqK7uX
 862VWSRXjLL5S4LEHr07U/7SkmntIWId3Mke04wB6e1WqbjFWW559WUoR5YKzejs/+GZlS7H8p
 YQ21W27mOSzE9fpWj5scek3UMzssq3SlVTjtyfwqoCzR3EoVQfOR41AA9Tn6Uryqtys8jQ3DHc
 JEC9T2b6V0yV7L+u4V1pHmWnTvf7ixdXcguwiSswD/AHgfvnjBqGO5aDUFlaEN5UhRm25Cseck
 VTa3gm1GNTMqgLkSHIXjrT98ZeUkLH+82hWHJHb8apU4KNjeEI2dGL5U9+t15vYdJdGRycbd4x
 ICOjdB9Kngc2kz5AmkjPllfXPcfrVXa20eXypdS4xzkcAe1IrwLAkbI0bFiWZmyWPRe1NxTVkV
 NtrlXp8iNRJyQuF3Hn2xSRSMzxzRoU8sFf3gyBnt+IqeMSrMVbyy2MFduc+oqNTtZ9kZIwCPbi
 rua+xvaD2633/DUgkj/doXGWJ4XnKj3OMGo5plggjii2Om5juxkg45yT61JKJiyF2Csqc7uj/S
 qSzGO3XzmR5nGFwuQo7g8da0jG/meRjVGLTaej0ul+mxDGxZAwlZmxgBzkVOGK3EQgj3s5wvGe
 vHf+dPdovNVAUIckBkGAB+VJakf2Y0pYk+aVUKcEHHB+laOWl7HC66cbLd6eRatYpRp8scUgOZ
 AxQ/eycjOcVNazT2rIYkDOYmBQjJGDmlMTSXcUbSJFN5Z3A8Hf3Bx+dILJ1+zmaYW3y9G549eK
 5nKLvzdQbhGnyyV0+iX/A/I1ILjzTLcTKrIWAYxAL14IHpxWzBJZpvlYmBCPLj8x8kDPb+dYET
 m2W4gbbIHlRmAGM7c9PwNWJYIbm8kSOXbCrEQF24w3IU+pJ6VyVaabtsv+GPXnQkr2bXez0+W5
 p2bW6XOwlLto42ZnA+++eMZ9KAlukiXE0MsaPJlmL4Ib3Ppk9KswC4trYJdRRvMSVMcahTyPm/
 SsC5Xy4rOC0aT7ORukV23HPrntWEFzydmc0IyqVPcWnV7misksOoTeUgnXG0pt4PBGR7CrMAW0
 tw8Ql2qgHmM3yjJwePxrKQ3HmKU3PtjKlh2B9at20pW5jgumDBYjgg4AO8YyKupB2PTrU3FNvW
 y6XEV7Ga8InlGxGEcZ3fdPofpWvaTW1vqRcafduGclsTHOegHTHfPWsW5soxIQq8OS8be6nGD6
 k5xU0aXBE8TwziFpSR83KFuxPrnmoqRjOO+nqRKdOvB22atu1b5Jq5rXXnXMYtLWKSIxoEBdsn
 73JqhdDZdLvtZ/lUqGjbCkE8jH0q3bKm5lluf3kYxO4JHPU/oMVnm5sprsywx3LEyAwoZM4Q9c
 +prKmmnZLRfqRGtaXLFO0dev53JrtIbXUHuWzEnzKsQ67QAOPcE1nwb2gzH59xErYlbcSpxzx6
 etblywnaSEoGQSdSv8IAU/nmsOS3NjqTFJ0jSPdsU5O7AxyPfNa0Jc0bPcdCq6vMqkdX6/oXRL
 9rhPmwNE73CBWONoQgk598d6f5dvHDMiLkM6FWQ4ynQn/GpFtobiwsgEk2om2UB+euAfwqEC0j
 iUBzcGNirBGxuGc5HtUJrZfcKjO14rm9P+CW0ilR2lhjx5ZYx7+Qy9Rx3qFJhL9nlnTbGUIRIx
 tyvPX6njNWZftFxGWhAj85twJ6Y4GB/OqccUaMkM6s3kB4wynAweVH1J6VMHda7/idtCrzK6Wv
 Vrf+vQsLd7olHWWNlTYw5Q98+uKmhv7g3O57dJCilGMKhSxY4DfSqdpFZtYrDPDO1zHkqivg4/
 iB9T3pF1GzhmzHbTfNtYHfnPBwfpmiVNO6UblKjFxlFw975foy5vnXU4pLu5jWO3BikOMByOf1
 4FaFwM6fMyvHctJIDIsa42nI4/Cqdoz+RaBHiMphdWEi7hIxP3vp2qFp7uCFXlaFsuR5YXDMw4
 zwP8msHBykrdDkadWrGUZJNaWv2+X6ot29y0Sz+ZJCgZiVm2fKhHBGPftVZJ4zEhS9t43iiwqk
 clh16etaXlwvpcESERkt5ZRvmJ9W/A9ar3FrDKlnbugjIt3ZHAxuz/8AqqYyg3qrEwq0XLWNnf
 W39aleKR5YVS4kTyooWjMjD5SG5FXIV228KI6XMsSSBVTqExyG9W75rJspoIbTyEXzBNIr7nOR
 H/sn3yKtoGlkRmguJERShhiba6An7pPc55z6VdWGr6FSjTlqk1b7v0/MmNgzTwLMk8kfl5DRvt
 JIHX8jVUPdRNFOkscoCZ8sqSSAe386tSp5ltbhfNilVmWPc2QU/iOPamS39tLAn76FAE2sAOu4
 8D8uaUHJ9LjoYhyTly3js1YZNPLO6mSdENwrSJ5eVGc8KPTmo1vdRt71pDdQCcJh9yZ+o+tUrg
 RTw4+0RxRW9wYY5MHBU4yfwP8AOp3uJIblg6JcIWKzKBzvzwM84xxWyguW1jvVb2kOTlV+3/Be
 nyC4W+l01ZHZZjHhDtXGTkdPpxVq7iuRNJB5sUku5yVC8lhjn6YqjLI8sk4mWS3lmYsMnCrjhh
 j1PalTzknt4re5S7ZlJKoPnz6Z/SnZ6PTQ5HOEUm2rp9tP1/QXyb14n3KZw6bj5ePkwRwPTNLJ
 LNfRKmIond+Qy5Kn0/SmXwRYYpA8tuGGzBcnOCBnjtmr6tNGm1XhnMZcSSKvDt0Dj2BqXLRS/r
 /IKtfnUZJ3d9LKyX6FFIZbMQTW8yzEKQ6qp78Aj070+zigjmNvI6WrjMjPKudxA4/ADr61VMs3
 9nzKWDneoZ04CEdAfrVyJ4rrUZXLJmUNhT1U4wq/UmtJp8rv/X9andKlTdHmqX9V+qelvkSRW1
 w8UDPIkuFKh0G0EN1NVGJs7qMzmVwIyGAbB3D7uf51eWae20hYZ03yJgTBePLb+6fc9qz3kjjl
 mnJ3MXEZicZKkjv9KinzNu+xGEhupaJ7ef8AkOt9QuttvKWRyLdspt5GM81MLuZ5EV7oWzOglZ
 3BOCO341BPOsqiFlj/AHZCxmMbdy9z9KijuHilD26R+azEssqhtoUe/bFa+zTV+Wz/AK/rY7Xh
 IqD5o+8/T/J/kTW6vdTuYY3ljcrs55OM4GfXjmr95E1rpAleJoiD5QLY+UNyc/54qW0gkMMN0s
 TOHjY+XEduMHIHHc1SSyYMs8t6hjLYaNiTtcg8H3rBzTlvojgqV5Tqp8ytHbTd9rX/AEH2lqlx
 dpmL5IlKgD+Pb61ckuGO5VgmV1G8KrYEY7KQPp+tYSQxwPDbrclopF3Pz0bPI/KiW6eS5ke0LQ
 ws4Zg53FwOnOK1dFzle56sKEaj953fbZGz9pkkMb4E7SOJXSPjac/Mv6UlzHJcT3txLFcRA3Qd
 Du7HsKpQtHaiGaVvNSWL7iNhlYnp+VWbNkt7+RmZYwkZCh+fYqR3PpWbjy3aRpSp06bk1Hb1s/
 Ly9bGhLLA42I4Jb52QHoAvzCqLuLTWIJHt7hICCVSST72FwD9OaZDDBEY0luUmWJGwqEhgCOpP
 frTNzHy4ZLiNFRN6NLzjHQfjUwilpuiKDTTunbqtbfkatrZ2ly8Uqv5RijVCrnPX1qpLMpYj7M
 8UeTG0mRgE8gfkKUS3S/Pgojq6ncBgHHfiqj3Ey6eiSwNlduG7Ke2fXipjTlzXvf5lfV3Gq5wm
 n6Pb5lq1CXF6sUJJSM7EGPmZD1b3x61O1hb2trdJ507SM2YoxIQ2P61SVdU+1w3Vqse2MAqoQf
 MucYqvPd7J3AtbkzNKMsX4wB2/CnyScvdehx1K8o1G9LeqevntY1keFCZkZlE0TYWQ5A9/w6fj
 UsN7I1laRyxGacEBFiOCRnOfpWS75RZVkQRqwVYerIOmCf1NXwYotRgu4xJvSBxvY/KTjpis5w
 VtTLE14VKd56vp/l3JHjmhinIuol8yXfFleSAeo9smnwi6k1GC5cJORHk4XkEHBH1zVY3TJEkk
 hjKYUnK/c7bfyNSJHEjZtJX3JIFjBYncvr+Z5qWny6kVJJUfZyitfx8r6Fa7tEmSbbeQh/NDFA
 Tg8csB2Aq5bXAnACouxyG3EYJwDzn04xUV4tusM7SxPvEmAVbHJGB+XekYQIbSRC63C24V0DYA
 Lf8A1qpvmgkzSTjPDK9/LZ2+4jur9pYEjYRR74lZ9i7djZ9u3FTRzq8RBLiSaeN/KzyM8Efj1q
 N4He6SzSEQwratl3AJOOQc1EM3Ailms57cufMjOcbuMcfl+tPlhy6f1/VicXOn7NKCs/l/wPzL
 GoMIJdsbPCYm2F3bhm6hh7YyMVRgkto90pu1dwpAbaeRyP606a1lkx5MUxEhOZZDlVOOn1zUUk
 OYRHLFHmRhueNAoHHK/oPzq6ajypNnLT9iopc179rL/P8AMjfUYzpZU/vCWVgF4bA4YUfaPN1m
 RomSb905CKvB45I9v8KintFtZLfyNmdrE5GdpHXNZ6SJs8x5o0RbgINq7Sc9G/3euRXTCnBxvE
 lzpQi7LR/12JLlGNvDLHbTJtXIdiCNq9fxz3qnE10J3xGJHbLsqrg7T1/CtW5Vbi5ubVJS4ViU
 xnHHUfjUVpJL9rnhiWOSc/cIXOUI+Y/pWsZ2hqjOo+WhLnjqvNozXSQpG6FdrKyxbUzhW7fnms
 +b7VLd21uiBQgIKgY4IFXkmminhZWRYzIpZCO4yFHtkVGk8kOqztAP424YbiPb8K6I3XQ4ZOU4
 WsrrZ3aIGa9ZI4js+QMANg5XvT40aOJ1fazSLvUqOUHUj+VQIJd0YZZQjKd24c568ZoSHfcpHu
 aMlTww5+7nP0rVpJG7nSoWqRTsuutvw/4BGsgZvMV4wcgDCHkHr+VPZHM9zuKkiRixxweeMVHY
 SxQCIXhEkIJ4ThjmrRULEfvbCzN5Tk7h7k4/rTk7SIjKdSak07/h+H6jE8poN+5E3DIHUtg8/w
 BabsRZWMYRlR8x7gCxH5U7f5IUrbqMgFtx4wRg444zUkzvHBtjG0kdW6daFe520IuqpSqr4fIj
 aRPJJmkBkZ+Tjj2PSoQWIcqrJ1JLdtvUfWophlH+YFchskdgOlSgyZMgTaNp2hvSr5bIyvUcrJ
 6emtiBimAZCyqzAwlj0Hp05qDEBL4VyEkCq4bjPXninmaT7OZBGTHH8qgqDjcMZqJpCD5UZAIb
 awx0I/ritIpnjJpycHa3q7siSU8eWyM7MzN8vT2/KrUbKY5W2rjcMEDAB7A8deKZ5EaXivEhkK
 ksFAzhff1471IDEFdA4GZP3RP90evvTk10HScqUuSS0XzLlulxPdvC20XM2WUn26qfc02YFYUS
 RJPLhYEZblVI5Q++e9BkaJmkJEkqsANvHGOefrQtxgzI+JYM9ckEH0JxXPaTd0ZT9tKstPdW19
 Hf10LFjD5ksQeVAskLMQfvDB4H41fEq/Y2WNUDyhWZSvQ5xj8qyYXH2BlQ7FTDbmHIwfu5981r
 WLvLNLdq8cZDbIo3X7wPAP4VlWVrtnoxcaN5Tlr07fl+hZ+0XAmfdJtkgm2ByMjkY596seVk2/
 lzwl4YShyOozy34Zq22be2WScpIFWTcoXBLDHP4UttfJBcpF5AmEeVmwBkk/MT9K4HNtXiv6/r
 8zOGI9xzhC7/AD+9FOZb6LbJDFiOPKs4UYbpz9KozpHJO7SB/M4wynA5GQfoK6Rrpv3xiwheRX
 IcZxuGMVgO8waWO2QOFKljt3Zxxjn0NXQnJ9LHThazt71NX73t9+hMXmSwV4kM4bMfmDkMW7j9
 alt4Wi1h0ll+VIGBPZiBwR+dRbfKiV7iCeOZnC7AcDr8xA9hVi2aSa2lC3duSg2jenOc8fmKUn
 7rsZ/WWk409U93tb87lNRZSxbYJJATGvzluE55Dep60t0kEVyTEd8cO4YjGM+n4VO+nziZt09u
 8ImHmiNcEEj6U+VbecRS20se9FZGGPfHPqaaqK6s7o2eJg3abbflt+KuJIQ8skTiSFs7lUn72F
 BJ+lTSSxbYDbRG4nAK7D83B5BoX7RMJ4whRTOuHbnjGDj6ikSUR36LAhSRY2SEkAgrjv6nrzWf
 6GanC9ubVa2vp8xlwUbT32ziGaCREVdxGc8mo1kPnuFh82CdS8ip94MPQ9gB2ptxfSDS4wEgKy
 c+Zs64P8zTJJJxdTXLELuZtqquMgrzitIxdtTpw8mqWi1d+v5bWLs9z51nAI5o/KPzMw4xtAA/
 CmxfacmFpYJX83dOQvOf4R+Ap1vaW5sEmiG7KYWHPLjozD2FSRKrSMsjBJopEUEcZX1Pqcd6yc
 opNLockZxhzOCvb8GXI0txEFZXnm+ZlaM4wmcf/WqBo7Z7VLmC0dJNu1Ucg7gGwCPahMPfPFBe
 RbZG8zO0/KEHT6ZpGihlngcXIPnJ5ihSQAB2/PmsldPf8zVJqSkm9NWnf+rE0EdsHnRre5gnBB
 VHk5Ht+NMF4Y55DOFjm+0bgjjOz1U+9VUFzc2UsrXCgPKjEY+Z+xYH0FWpPLSzlFrieXzVMRPz
 ZTnnnqc55puKvZ6m8/Z8/Lvf+tW/8i1GkZCJc3kW4xMV2ccDOaoSzwx2qGPzWSSRSjl87VHT8O
 59akt7x2nhhVUaRoWZztB2kHJFNmu5PLeIpDEXdQW2DGWHAHpxUxhJSsznp0pqoo307X0+5LUn
 nK26NALX7QzuGRo+BtXqf1owjXUrXUxEJYCURnaVI+6f8ajZrh7Zjb3UDMXVI1wcopOOfrVq4L
 yrID5bYYh0UYPy+/rxU7af10OmM40/3fPZvte/4ozw0siOjTpwjqrY7sf/AK1Q28V3AJoZVilR
 dxEoQY5H+FWbx7h9OVtibXj3gquNxzkmoJA4t1ntpQJZVY4c5DKOcj+Vbx1Vu5tKMXTSvu9P+H
 WxBay+YwkaMRwJgMWGQSTwarz3dxdtcllEXnEyAlcDch5Gfwq2k15HYTqkK+UzD92U+YMcbapX
 AAntY5VZbkbyX/gJB4GPetoJc17f1ucvPGFRt2u9O9vPyHjy5kmuZLjeguMB1PChjnB96kuNh1
 KeNJo4NzqzScjp1PHpVe3uYhFaxXCbGVGDrjG1s8FvXFPjhVLwOG5VTGHcZV+OcfXtTas3cyp1
 /Zxm3o+nb8V/n6FQCW5yrrLJIT5kZB4BPGPxxWlFG0LzTy+Y4hYoyI2CSRwfp/hVS4WOYW7W8o
 UrErhFz8oB5BPcjrW9DcIJrsBont5JfnPUk4+Uj2oqzajojv8AbzjD4bJ9Nn6/8MZsNxGPPCFV
 dpMDfyu3HLY/l6VZuTDCkc0KFlkBjCpwUX39ST3prWbw24JELs7qVUDDZHTHtSSXVzZ3LLMYjM
 uRjZ0J71npKXu6m1Kftbezlfvr/wAC5Zmth9kRYrW7G9SDIzg57/n71NbJCssn2x4ordjuIcZb
 J9/bpVBtSvTZrDlX2Abzt5B9KrhkmTz7gtuK4VVONw/vfQGo9lNxtI6KeGrKHLUdr7W1a+8sSa
 fbw2SyTbmMM6wyBW5GfX86fcfYY5CEjeONg4iJIy3Ytn0qvDdG1htw7xzZlBkVhnzDnjH4VuXF
 sizSGSB50kfdGo6gL/B9T7UTnKMlzO5zqcqdRNu/bVK//BMmzliS4W1SWUr5ZUNu4Bxk/rVoC4
 S0QXOxbcRbXBAyr5xz75rOjlRL9XuIWjRjvdBwQRkgCn3EcbwBmndR5oyrEkoCMkH1NVOPvevz
 HiWlU93Vel7Py8wtbdUFz58hZYpRFlcZIOfUUkkdvHCTAXZygPzD7gHGDxgmq+5vs8gglVYUkA
 AfktuOd34VZiLpLcmUpLtkEcgAwCTypHt61o73u2dNCvLl/eyd+i6D2hWR7cJG8sUaESOp4DAc
 D8aginBJCNvGBtJ5wR2PqcmrMoJ0xoow24SBtwP3yvUj2qcTndJKIInjc71WNQCCetZqTsFLFO
 MHKyfkMtrlJbxJQI0kZBu3pkcZBGP1qCUGW6MkTJJ5ThFwvBB6VE1s8iZSWPaMqrD+LnJx9elF
 tcXK292GKRsJApiZMNycjn2xVKK+KI3U5ptqSldf1/WhZupHjkWO5jlJ2uAUfaOvWqyzQm8iWM
 mE7SMzHcAfU0rwsq+ZcszFiERQfmI7nmq8MipOgYRQptdCzqCfQ/4VUYx5dA9tS9lLkl739bLU
 s3d4HQNCzo8cvloFb+Hj5TjqT2qnNqUt5JvSP7PtmbzVIySemB6cUyW4iW2RLWJlVGZn3/MeeM
 H3qpbovmK0Nu8jtIcI2DtIAG4+x6YrSnSio3aPLcYqMZ1F72t15dNVp+BbVY3uJt4cAMzRgHBw
 Bxn61qaWIIZoGlYxpNgh5D8vQhl+tUTazknzjHGU3KQBjdnqfoKlEMMcsMy3EchjP7sD7uQOWx
 6VFRqUbXNqtanOm4pu78m/xSt+Ben05AytG5khwvybuWYf0piCZr0JPKLYBHDSlTtPcY9M1FKz
 XjWKLeRbowwZFBBfHORWnbqiPGcbo0t2CmT5gcc/pmudylGPvasqhiWo+/rLbs/x/wAiulsrRW
 aq0su+IsfmyWbOQw9hViB/sP2lpraSSScecrMegHUdPeqv9omSCFoY1V0iESDaOecnH86fa3CG
 4Xyo3UlcoZm3fKQRj+ZpSjOz5lodjUqcJOS5k+l3+n+Qksm6II19ChKjZnOUXrg+pNSz3CvbxT
 WmZRGwQAH/AFeTnaffrQ0EV7MYFAHzqGcD74A5YewFR+baw2Qmt7qKOSVpNgcEjZjGcAdfQ1Gj
 tZanl1a8bxhFu99rfnZBcyywSARN5cBT5CxLbxn7w+mefWoLhg9lFcx7p42cNJsbgFSAP8arRQ
 W02k27W6TzSqG3IXzuPt7e1Pgtr1Lq3uYgnnsm94yo2jJ6EfrWyjFddV+P9dyKtWnUg5J2a6d/
 XqvX8B66hIb65ad4o5fm+Vkz1HPHpVK7tWXT7YJAzl4CJGH3Q+eB9QP51Tv2mkuoCI9kUhLKpG
 TtBwcn9aldPIEodZ1eab92+/5W9xW8aajZowlJRcWn8v6t+QyK3n/dxtuAAJMnTDHoCfWpZLtk
 WJbiCQXCxtEWQ7T8x6cDrUM81zb3EyRk7FLJhgG9OaheS8jeK4mt5eSGiJHUDgn34rXlctXYde
 c+TWzXTVrX1IGkt2l8pt8YIGd3O0r26UlzNEI0eMofNyYyvYDgg+p96givWnvBPsiL+ZtUEZyM
 49KhmSRrolYVQlm4K8j2+tdMafvK4vbTnOLT9O/53JbadI2YzRO2MjBPHI61WIWS7iKySIUYEK
 xJL+1SMItjeYjh8EgA9B+X41FEF+yEjzJI0bBOCeT0FapJamFSmuf33o+70+64scFqJV3sEycq
 STyT/wDXqzJIMRyBhNgFZAqkbccAn15qgJURvmid95x2+XtThKy3SxmEkFtp9vr9abi27l+1jF
 8ylZLol/wNSx9oR4U+YM4H7ojoQDzxSODNbyyrIJVSYBSp6++MdKpJMHVTtRWVxjA7/wCeo70G
 a5jKhI0Ul8MNvUe1P2epz+2W769lf8Cz5jQ3ckWCQcgFhkAdc9O9VJ3kYxeTIWKZEiMD0GORx0
 qWNXnlIMckbgc89ewxSJbTxlpkVtqPhi65ww4IP9RVKyfmcuKrVKkLRk/S6X6XKqRiWXJ8x9nK
 ANgfjVeOJt8AiKA5PmEnnPXP0rR8uaNPljYnG0ADnrx/OqkUN3MQ/lnYpJPyHnHJraM9HqcuJp
 RpOLlfn7aK/lrsTNdll2Sja5wq8djyaHx533ldEYBiF4NKsLKqlQZAVynHb1zUaoWARJUK7gZB
 g5PoOnXFT7vQ6pzqO0pu9/T8+v3lnzldZXkRn3NncBjdxz26U23knW5R7Et8zhcMoOARwTkY4p
 hgAI2jIVSck579KSR1gjtWjcywSStgISCuMEZNSkun/AOHGQtT5Zu172X6dvxL0QdY4nRSltO3
 VjnIB5P4VuwK0SWXlobqaRJCuzptJ5H1FVLe2jlWKLyJYEVsFXblic4I9B6+tKjzRX0UbMI5S6
 DJ/hJbt6VwVHz6HoRm6ivdNx1fb8DqZLiBNOgDW0/3N4QtlmHGT+dULgSXeryKlrKoaQ72BHHy
 5q3PMzJevHNBJKLkALs524AOPQVcijiBZT5gjtmMBkz97eMj8e2a8yM+RXtqXRrOhBzjo/V6fI
 zYreSKK5K7pJFkjJIPDDHb8OazxJENWQRRysCDhlbgA9z9a0TA1pMsltchZRbner8gkDg/lxWX
 EqyWisWDfKuHTgR84w3qc10wd7s9Jy505R2a31/Ine2mjZJJGaNGO9WkYtuC8n9P51oWSWc10Y
 JLiNJpnypwQF44U+p7UyZTBpgtpnZ4TJ8zn+HAwcE9iaqNuDqUSFJX8xsheVwOV+vcfWod5x3O
 F/7XFq+uy5bW+7qW7q6uLOS8gVRGJZ0cOy5AwASKZb6legSGOO2ZPOY5EQ+ZWFSJNNLbRXEtlJ
 GVjxC7kEbMfNkdz71Wmmne1txB5Z3orLtXHy1MYpqzirkKFOpZcqvt9332LSXsMcNrHcSKksku
 QBwemPyPaqKTKXYSI4ztHXBQ54H88+tSW9xLc3hM0cYjkYSKSgyFwQSD6DirSzQTyC3t7ORQJF
 YlmBbAGQM/WnyqDen4k0aCpSlGMb97NafkQRXNm1uiuVOHKlffPDfQUyRAwuAZFdoblGLDO0tj
 5uP7vtWtbwQ3FkbmMRCSZ94wByc4wB7/AM6jXSjPE0LZjdxvI7oQDtDetZqtBN9CcPXpKXvJr1
 s/wsUoo2WcSeTN5fzKpRuF55qHybmeRBb286OU2sHbluoz+FW7eO5srP7QxOZlMgVhnfxgsPYG
 mv5loPtNzdJu8oqO25uMEe1aKb5nb9T06GLvUlyyS00639UWLXy/IMbyxyJbqIkZOCVcYOT35o
 mDw3KQrJE2bZjkL1KnHHoPak8qO3jj+1uqxKWWZV4LNwQPw4q3FZLc6xKFSWRFCsoDYOQMkfjW
 MpJNyvp/X/DlyqR5ZtbW62t8iC2gWztZvLlXDSDG7kIM/dPuc1IkD2m37UrRKuUXHHllzwp9Tz
 mrLyTSI8kVsLcv87JKAeW/wAqrdPJLFbMpKxiMhQ/PQg5J7moUpSevU56L9rZuS+/X8Cf7Ozz7
 YLWTzI28oyqfl+7yD7mqkRuo4438yCRVfy1Qx8jP3c+46Vqgzi3muTIj+ZcRCEJkD5vvGqMscx
 cwW0ihg7mUMOcr0b6YqYSvo/67jptynaMk4+jf37laeLyQyI4WdnVdwOAo6c/rUA0y4i85WaQb
 ztVi2dw6k/iKvQE3ulNmCSVVKMrqcE8/MaiS7mGozrOTNDIjSEIMEkdMegx2rZTmrpbo7ozqRv
 a116O/oUPs4SwJa7+Zf9WpY/dbGPy71bK7J4Ty6hWLMvTrzgemOahnWcCye3tnfNswDkZUqOS1
 U542ihMjrO6OC0bK3BXHJ+nNbL37XZMqilDl5rX+/wDr5sjks5pXZopPtKMzOrgnDYHXH8qdHI
 9xBE9xDIwYKY0HDFQCvX6jNakcEuz5EYuAxZU4w6DqPbB6VizvNPALiRkK5+VQMfe44HpWkJ8+
 hzrFKpL2bkkl1t+hLdrE0KTCQSo8m3CDB3jgjNV0g3Swkz/ZoIn+TzTn3I461O1iPs0UUbG4Kk
 /u4j1Yd+fqaLi0uHtT5YMaxseDzn2+vWqjNWtcwniIygqTavfe35X/AMiuLhXuAtsY2LuVBA/v
 f4U2C6lIj8sgAsIxIB8qgDGCO5680ItrHC8QBtwASsjHOM4Kr9evNWrGyjlbcZTtD8p6MDwfpV
 ycFF3NfaNQ5ai28v1X5DgJFjztnkYErFznCdDn396tpLJBA8UMLvMW3gzDcQoHQ5qK7uHjupzg
 5QADacAZxkfU1YH2x3zEgUSKWBZQSRngg+lYPVJtHp048y/eR9P+CTW0EM16I5CVjZMh84z6H8
 6sTWtpbtFIJBvcMixn19RU9pmCzcyJ5qtKpDKMDnpj2zU9pbia5ka4jeSdZWjQrwCG7j8a451W
 pN30RksdPn3tFeZkzRpMyhgrMgCqFGCSe31NXZL6S28mMK0jKmGbGfnJwAPxrRm02Y7txjd02t
 IVXGHXv9AKqm2hudWMUW5pnTzPMB+VgP4gPQVKqwktdUjrlWpVI81rpev47GHJHLFdRRGJjPuQ
 OvXJB5xVk2c02p3ASFt7KxQnG1VHAB/2vepp7aC0lWaSVrgbGUFWOdx561RS4aTTokjMkchAA+
 bnqSB9Sa6VJyV4jdWd1Ui/d762+epbRUs57VrieDdsTdEEz8vfPGCcmnTQi41ZxERIFDLtTghg
 PlJqtOjTSkwxMZD80pc5wcdB6Ac09LmS0YbZo92xhG2zIKEcE+p9DU8r3T1MKlNuo3Tl7z7pfp
 /w5UY3K6mGwnnN8gAHD5HJA+lMjliil2eVKu1AG3Nna3UH6Yqx51vdTxp5UodTuUbuSMZx+GKk
 mhs3tMxuRcdSO20jn8a15ukkOU5yk1Ui1fTRbeen+RDc3iJZGKGJ+CAHJ4Y5BBH61XV/tF+Zpn
 EbSTq5XpuIHb25rQZbmeyt7cW+1oNmG2g7jnr9AKkkt2zcyxR+WwugVLDIIyDkD0qVOMVbqcjr
 RgnSirX6tpsx21CeW5DSf6yJiqggYB71dSe2/dyyyxqyw7XQpkk5zmqxgAvJzc8tvdnRMA885+
 grNG+S5hXckbBfmLDIJA4rf2cJLTQ6bUqlJ+7ZrdpL+vwL8TrPG0Drl2OVA4JA5Jo2xRi2nZ8j
 awk2HGGbpQbq9itIJnktg5AaMiP7w6Ht26U0XX7udftFuIjKMKU5Y9iOOgotLpt/Xkct51ZabL
 zf+RUhkZ7MEB5WyUGD09Sa1I7MJZlrtm2jIV0OAVHp9ayVuGxIpZWywyUUAY7/AJ1YUf6JiIux
 chvLJyVA9a0qRl3sdjhUkoqU7Ly/z/zNK3hdM3lvNCZMHam3JB9PxFTW5mgjt2ifM7DzdrcjaB
 6fic0yIwQwyzSMZY1cIAhwSSOopJopblLVkhkjkfIVG/hHQ5/KuSTu7PY5/rMNFVel7cz6+T7/
 AHISRJG1aNrcLOUh/gTAI9f6VZtPPMcwA8mMPnEi5KsT8o+lRx2csEqtuI2KY5FHUknIqUlRqI
 kWZdskbloyeUkI+UGlOSasjqrYihO/IunUn8yS2FsyAp5pZjuGdozyv5c1WLESsIreGWJUzCSg
 O6MdxUMBEdujt5kxdWaQ7uBnsPTPQVnyTQTsdknlRHIRSclT12mnCldnDh6bi25W16/5dTQjnj
 S4FzBhY5QPLtx944OAfp61HPLPa6vKZWZlBOEU4yFB5HsDUEf7/TlkEDkruNuV4BXPzH8Kvubf
 7T81ldSQ5Oz58kjGetNpKW1ylzNuqo8yenToZkUsTWcc9xA7KVGwbsZQkhsH61dk8w3RNqgM2/
 bGW+ZSmPmIz0xUxgmeximghA3qC6FchAT0HpnFUp3jmjurgJJaywS7FRm6Z6jiqupPQJSjNJX1
 /BeqILgo1iXk/eStKu0A+oxn8ayt8q3MeJAkgUlQy5zjtirZgjjVNkoXzAGG9uFAOMdPWmG1zP
 JErRuUb75PTHUE/jXVT5YrUUYqnCUZNL5Mz1MIYdWjcMfLXqp7Akj1pzl4ZA/kOwlLID2wBy35
 mmvCFViZELpLtG3ocDn8jTVd0aFVheT5jGzZ+VN/c/rXRvqjhqVJpKcZOy/LyJUQ/Yo8FW3qSC
 Rnft7j2qq8saxwqoUOWGWLZBHcYx1z3q9NZ7JlC/NalSY3B68/41SCPLKCBGSGwTjH3qcHF63N
 bOajbWz0av8A0x6/O0qugc4ypjGMD3+lDxvGIjMhQtH8rFcbu+fyqZVtzZxjLJNuIJJ9OQPxp6
 Ry3d38zGQHhlA55HUdhjApc3XoTJTfv2vr13/P8Rm+CaUptjcMDtIOADQLFwltIYpjbv8AOzL/
 ABKBjC5HXNacOnI2jwSlUS4MZCgLgvzjP51cnsljs7iGOQmXzAJEz3HXA7D2rnliYp2RnXxftm
 lJ2/B/hb9TFuFs57dGjhmh/egRl2zlO7H1HHFOhsd90ZXSVLZZNwJbjHXn1rQa5RHiLGJ0KFgu
 3O0d1+tI8dv9reQXqfO5KoScBSKXtJJW/wCCebWhKEeVrfrvf08zDW5EN48kCrKgOYxt9uvTpV
 JGuJGUpbyM5UgFF+9z1+ldBLZkPIr4uZGbgQqFAwuRj+tZkQkWBJchZVRQcd92cY/KumE4tNoq
 MqfMuV2b7oozrKh8uNjt6MMdPp6VDGlyp/1eSTlsIBgVceS6nkWOIM+xdhxHyO/Jx1zTSLhYla
 4ikjITauR2Oc5Hc1upWVnYqUqLqK7s+lnp8hjpiIGbzfMB4Yfdx9MVnRlkTaxWQGTPyjG0Y5H1
 6VMVZpLZVl3hEJOfXng+tTh59q/6tgyA/d6ZrRaIz5FUlfVee5//2Q==
X-ABShowAs:COMPANY
UID:F0A6918D-8E09-43FA-9684-226810B8A96F:ABPerson
END:VCARD

